# Blender 5.2.2 LTS
# www.blender.org
mtllib 767.mtl
o node_43
v -316.738129 -26.783875 27.336536
v -322.147644 -48.637375 27.364748
v -325.419189 -59.617126 -29.602327
v -317.008240 -26.512884 -29.646355
v -344.356323 -57.626598 -29.503166
v -344.683350 -46.268570 27.483145
v -345.405701 -23.525597 27.486563
v -345.701019 -23.497387 -29.496326
v -344.273834 -20.996082 27.480579
v -344.441803 -19.755688 -29.502739
v -344.273834 -20.996082 27.480579
v -341.206207 -17.867315 27.464766
v -341.374176 -16.626921 -29.518982
v -344.441803 -19.755688 -29.502739
v -337.046051 -16.813278 27.442968
v -337.214020 -15.573312 -29.540779
v -323.494049 -18.237894 27.372013
v -323.662018 -16.997499 -29.611731
v -319.644226 -20.133533 27.351925
v -319.812195 -18.893139 -29.631823
v -317.293762 -23.831635 27.339531
v -317.461761 -22.591669 -29.644217
v -317.461761 -22.591669 -29.644217
v -317.293762 -23.831635 27.339531
v -316.699219 -28.139673 78.281593
v -318.360626 -35.937229 78.290138
v -345.219727 -33.114071 78.430763
v -345.223602 -25.141699 78.430763
v -344.316986 -23.078079 78.426064
v -344.316986 -23.078079 78.426064
v -341.607971 -21.347427 78.411957
v -338.200958 -20.658842 78.394005
v -322.636627 -22.295034 78.312370
v -319.446747 -23.676477 78.295692
v -317.156982 -25.932865 78.283730
v -317.156982 -25.932865 78.283730
v -316.807373 -29.924183 107.612076
v -345.184662 -26.941595 107.760826
v -344.521759 -26.886028 115.739174
v -344.521759 -26.886028 115.739174
v -341.874695 -26.712494 118.492661
v -330.693207 -26.084175 118.434105
v -319.886139 -29.023592 118.377266
v -317.361755 -29.740816 115.596840
v -317.361755 -29.740816 115.596840
v -331.585236 -75.246002 -116.011024
v -332.092163 -76.676605 -116.030266
v -342.271790 -75.606750 -115.976830
v -342.271790 -75.606750 -115.976830
v -342.469666 -74.102211 -115.954178
v -331.585236 -75.246002 -116.011024
v -319.427063 -29.301420 -115.649414
v -331.585236 -75.246002 -116.011024
v -344.805573 -26.633848 -115.516487
v -342.469666 -74.102211 -115.954178
v -342.271790 -75.606750 -115.976830
v -340.145752 -75.442619 -140.406860
v -340.145752 -75.442619 -140.406860
v -334.390442 -76.047424 -140.437210
v -331.585236 -75.246002 -116.011024
v -342.469666 -74.102211 -115.954178
v -334.390442 -76.047424 -140.437210
v -322.940948 -30.113104 -163.181473
v -342.029846 -28.106762 -163.081451
v -337.290100 -74.801903 -163.531525
v -337.290100 -74.801903 -163.531525
v -337.290100 -74.801903 -163.531525
v -332.092163 -76.676605 -116.030266
v -334.723846 -27.777641 -236.428391
v -333.675781 -36.765156 -236.859238
v -333.675781 -36.765156 -236.859238
v -330.777832 -28.192247 -236.448914
v -332.790161 -27.895611 -245.739899
v -333.264587 -32.595604 -242.002899
v -333.264587 -32.595604 -242.002899
v -332.790161 -27.895611 -245.739899
v 105.592903 -77.107452 -233.184662
v 105.592903 -77.107452 -297.397888
v 105.592903 -69.375290 -297.397888
v 105.592903 -69.375290 -232.430237
v 86.925453 -63.701622 -418.929596
v 88.605667 -58.165157 -418.929596
v 92.710251 -60.883595 -403.000641
v 90.635529 -67.851082 -403.000641
v 86.530510 -57.020935 -424.854156
v 103.427567 -67.829712 -334.554993
v 102.229065 -75.702072 -334.554993
v 97.237137 -73.021675 -369.235596
v 98.705772 -64.775322 -369.235596
v 100.974136 -84.935356 -297.397888
v 100.974136 -84.935356 -233.960007
v 83.459015 -95.079063 -297.397888
v 100.974136 -84.935356 -297.397888
v 100.974136 -84.935356 -233.960007
v 83.459015 -95.079063 -234.401108
v 48.161221 -101.188271 -297.397888
v 48.161221 -101.188271 -234.401108
v 13.001910 -102.629982 -232.430237
v 13.001910 -102.630409 -297.397888
v 20.471201 -102.323944 -232.430237
v 97.393570 -83.677437 -334.554993
v 81.324020 -93.642899 -334.554993
v 97.393570 -83.677437 -334.554993
v 48.161221 -100.413353 -334.554993
v 16.299511 -102.241028 -334.554993
v 93.040222 -81.068848 -369.235596
v 77.125832 -90.419670 -369.235596
v 93.040222 -81.068848 -369.235596
v 48.364677 -99.000275 -369.235596
v 28.950075 -100.410355 -369.240295
v 71.502167 -84.787888 -403.000641
v 86.980164 -73.993645 -403.000641
v 48.367241 -91.624161 -400.541656
v 56.664883 -87.926064 -410.725525
v 73.274704 -72.700668 -425.543152
v 84.070663 -68.310143 -418.929596
v 82.517822 -64.362854 -427.320404
v 64.300873 -80.861115 -418.929596
v 91.303596 -48.398445 -418.929596
v 98.800667 -34.741714 -403.000641
v 102.438499 -17.544178 -369.235596
v 104.326012 -7.959550 -334.554993
v 105.592903 -2.303833 -297.398315
v 105.592903 -2.303833 -232.430237
v 105.592903 -36.720703 -232.430237
v 13.001910 -102.629982 -232.430237
v 20.471201 -102.323944 -232.430237
v 20.471201 -102.323944 -106.202850
v 20.471201 -102.323944 -106.202850
v 13.001910 -102.629982 -106.202850
v 13.001910 -102.629982 -232.430237
v 105.592903 -80.532425 0.427427
v 100.974136 -84.935356 0.427427
v 100.974136 -84.935356 -104.067429
v 105.592903 -77.037781 -106.202850
v 100.974136 -84.935356 0.427427
v 83.459015 -95.079063 0.427427
v 83.459015 -95.079063 -100.307350
v 100.974136 -84.935356 -104.067429
v 48.161221 -101.188271 0.427427
v 48.161221 -101.188271 -100.307350
v 13.001910 -102.629982 0.427427
v 20.471201 -102.323944 -106.202850
v 13.001910 -102.629982 -106.202850
v 105.592903 -78.444016 82.393013
v 100.061996 -82.441315 82.375488
v 16.081522 -102.269234 31.199625
v 105.592903 -69.730911 129.819916
v 97.579498 -77.106590 130.415329
v 45.366703 -93.013733 130.415329
v 46.837479 -97.429047 82.334885
v 66.469635 -94.283615 82.334885
v 28.950075 -100.410355 73.948334
v 103.115974 -63.311810 164.491531
v 92.648270 -72.563469 164.491531
v 56.664883 -87.925636 168.916687
v 80.457626 -86.541618 130.415329
v 77.823814 -81.374031 164.491531
v 62.612106 -82.497734 185.574387
v 103.818665 -10.734836 164.491531
v 102.482948 -16.977409 185.574814
v 103.818665 -19.268847 164.491531
v 104.827385 -30.957273 175.241318
v 99.255447 -44.525097 207.473618
v 108.016846 -40.147816 175.241318
v 105.592903 -23.970121 164.491531
v 85.963310 -65.742584 207.473190
v 95.600090 -53.702389 207.473618
v 100.657837 -25.835411 207.473618
v 100.289391 -34.512184 207.473618
v 104.827385 -50.221848 175.241318
v 98.800667 -34.741714 223.144821
v 86.200111 -57.676178 226.762985
v 82.517822 -64.362854 221.069229
v 72.881905 -73.191360 207.473190
v 85.963310 -65.742584 207.473190
v 92.648270 -72.563469 164.491531
v 97.579498 -77.106590 130.415329
v 82.538338 -91.300171 82.334885
v 100.061996 -82.441315 82.375488
v 82.517822 -64.362854 221.069229
v 91.563896 -47.815861 228.927902
v 105.592903 -63.906784 146.329727
v 105.592903 -57.500080 164.491531
v 105.592903 -13.071153 125.531105
v 105.214211 -4.739741 129.819916
v 105.592903 -2.303833 82.393440
v 105.592903 -8.979392 82.393013
v 105.592903 -36.721130 -139.843079
v 105.592903 -69.375290 -232.430237
v 105.592903 -36.720703 -232.430237
v 84.070663 -68.310143 -418.929596
v 86.980164 -73.993645 -403.000641
v 82.517822 -64.362854 -427.320404
v 95.568459 -40.544041 227.305801
v 83.132462 -93.739494 29.460852
v 86.502724 -91.996017 29.460852
v 76.771492 -93.680511 53.421570
v 78.881699 -92.160156 77.332703
v 73.630760 -95.380814 29.460852
v 76.469727 -92.060570 53.277523
v 72.974228 -92.434990 29.316809
v 86.061195 -90.028580 29.316809
v 82.519958 -91.018501 53.259571
v 80.208435 -91.931480 77.332703
v 78.881699 -92.160156 77.332703
v 80.208435 -91.931480 77.332703
v 82.821724 -92.638451 53.404041
v 78.881699 -92.160156 77.332703
v 76.771492 -93.680511 53.421570
v 76.469727 -92.060570 53.277523
v 73.630760 -95.380814 29.460852
v 72.974228 -92.434990 29.316809
v 73.630760 -95.380814 29.460852
v 83.132462 -93.739494 29.460852
v 86.061195 -90.028580 29.316809
v 72.974228 -92.434990 29.316809
v 86.502724 -91.996017 29.460852
v 86.502724 -91.996017 29.460852
v 82.821724 -92.638451 53.404041
v 82.519958 -91.018501 53.259571
v 86.061195 -90.028580 29.316809
v 80.208435 -91.931480 77.332703
v -105.592903 -77.107452 -233.184662
v -105.592903 -69.375290 -232.430237
v -105.592903 -69.375290 -297.397888
v -105.592903 -77.107452 -297.397888
v -86.925453 -63.701622 -418.929596
v -90.635529 -67.851082 -403.000641
v -92.710251 -60.883595 -403.000641
v -88.605667 -58.165157 -418.929596
v -86.530510 -57.020935 -424.854156
v -103.427567 -67.829712 -334.554993
v -98.705772 -64.775322 -369.235596
v -97.237137 -73.021675 -369.235596
v -102.229065 -75.702072 -334.554993
v -100.974136 -84.935356 -297.397888
v -100.974136 -84.935356 -233.960007
v -83.459015 -95.079063 -297.397888
v -83.459015 -95.079063 -234.401108
v -100.974136 -84.935356 -233.960007
v -100.974136 -84.935356 -297.397888
v -48.161221 -101.188271 -297.397888
v -48.161221 -101.188271 -234.401108
v -13.001910 -102.629982 -232.430237
v -20.471201 -102.323944 -232.430237
v -13.001910 -102.630409 -297.397888
v -97.393570 -83.677437 -334.554993
v -97.393570 -83.677437 -334.554993
v -81.324020 -93.642899 -334.554993
v -48.161221 -100.413353 -334.554993
v -16.299511 -102.241028 -334.554993
v -93.040222 -81.068848 -369.235596
v -93.040222 -81.068848 -369.235596
v -77.125832 -90.419670 -369.235596
v -48.364677 -99.000275 -369.235596
v -28.950075 -100.410355 -369.240295
v -86.980164 -73.993645 -403.000641
v -71.502167 -84.787888 -403.000641
v -48.367241 -91.624161 -400.541656
v -56.664883 -87.926064 -410.725525
v -84.070663 -68.310143 -418.929596
v -73.274704 -72.700668 -425.543152
v -82.517822 -64.362854 -427.320404
v -64.300873 -80.861115 -418.929596
v -91.303596 -48.398445 -418.929596
v -98.800667 -34.741714 -403.000641
v -102.438499 -17.544178 -369.235596
v -104.326012 -7.959550 -334.554993
v -105.592903 -2.303833 -297.398315
v -105.592903 -36.720703 -232.430237
v -105.592903 -2.303833 -232.430237
v -13.001910 -102.629982 -232.430237
v -13.001910 -102.629982 -106.202850
v -20.471201 -102.323944 -106.202850
v -20.471201 -102.323944 -106.202850
v -20.471201 -102.323944 -232.430237
v -13.001910 -102.629982 -232.430237
v -105.592903 -80.532425 0.427427
v -105.592903 -77.037781 -106.202850
v -100.974136 -84.935356 -104.067429
v -100.974136 -84.935356 0.427427
v -100.974136 -84.935356 0.427427
v -100.974136 -84.935356 -104.067429
v -83.459015 -95.079063 -100.307350
v -83.459015 -95.079063 0.427427
v -48.161221 -101.188271 -100.307350
v -48.161221 -101.188271 0.427427
v -20.471201 -102.323944 -106.202850
v -13.001910 -102.629982 0.427427
v -13.001910 -102.629982 -106.202850
v -105.592903 -78.444016 82.393013
v -100.061996 -82.441315 82.375488
v -16.081522 -102.269234 31.199625
v -45.366703 -93.013733 130.415329
v -66.469635 -94.283615 82.334885
v -46.837479 -97.429047 82.334885
v -28.950075 -100.410355 73.948334
v -80.457626 -86.541618 130.415329
v -56.664883 -87.925636 168.916687
v -77.823814 -81.374031 164.491531
v -62.612106 -82.497734 185.574387
v -103.818665 -10.734836 164.491531
v -103.818665 -19.268847 164.491531
v -102.482948 -16.977409 185.574814
v -104.827385 -30.957273 175.241318
v -108.016846 -40.147816 175.241318
v -99.255447 -44.525097 207.473618
v -105.592903 -23.970121 164.491531
v -100.289391 -34.512184 207.473618
v -100.657837 -25.835411 207.473618
v -104.827385 -50.221848 175.241318
v -103.115974 -63.311810 164.491531
v -95.600090 -53.702389 207.473618
v -98.800667 -34.741714 223.144821
v -86.200111 -57.676178 226.762985
v -85.963310 -65.742584 207.473190
v -82.517822 -64.362854 221.069229
v -85.963310 -65.742584 207.473190
v -72.881905 -73.191360 207.473190
v -82.517822 -64.362854 221.069229
v -91.563896 -47.815861 228.927902
v -105.592903 -69.730911 129.819916
v -105.592903 -63.906784 146.329727
v -105.592903 -13.071153 125.531105
v -105.214211 -4.739741 129.819916
v -105.592903 -2.303833 82.393440
v -105.592903 -8.979392 82.393013
v -105.592903 -36.721130 -139.843079
v -105.592903 -36.720703 -232.430237
v -105.592903 -69.375290 -232.430237
v -84.070663 -68.310143 -418.929596
v -86.980164 -73.993645 -403.000641
v -82.517822 -64.362854 -427.320404
v -95.568459 -40.544041 227.305801
v -105.592903 -57.500080 164.491531
v -83.132462 -93.739494 29.460852
v -86.502724 -91.996017 29.460852
v -76.771492 -93.680511 53.421570
v -73.630760 -95.380814 29.460852
v -78.881699 -92.160156 77.332703
v -76.469727 -92.060570 53.277523
v -82.519958 -91.018501 53.259571
v -86.061195 -90.028580 29.316809
v -72.974228 -92.434990 29.316809
v -80.208435 -91.931480 77.332703
v -78.881699 -92.160156 77.332703
v -82.538338 -91.300171 82.334885
v -100.061996 -82.441315 82.375488
v -80.208435 -91.931480 77.332703
v -82.821724 -92.638451 53.404041
v -78.881699 -92.160156 77.332703
v -76.469727 -92.060570 53.277523
v -76.771492 -93.680511 53.421570
v -72.974228 -92.434990 29.316809
v -73.630760 -95.380814 29.460852
v -73.630760 -95.380814 29.460852
v -72.974228 -92.434990 29.316809
v -86.061195 -90.028580 29.316809
v -83.132462 -93.739494 29.460852
v -86.502724 -91.996017 29.460852
v -86.502724 -91.996017 29.460852
v -86.061195 -90.028580 29.316809
v -82.519958 -91.018501 53.259571
v -82.821724 -92.638451 53.404041
v -80.208435 -91.931480 77.332703
v 113.228897 -35.890640 161.574768
v 113.229759 -38.367580 162.984848
v 129.043701 -35.587593 141.486542
v 128.013611 -32.758022 141.183914
v 111.377289 -39.056595 167.386078
v 111.402496 -36.742077 166.141830
v 113.219498 -42.711948 160.760529
v 113.224617 -40.514977 162.277039
v 111.903442 -40.972321 165.300659
v 117.783562 -44.750778 150.812149
v 121.442764 -44.731117 145.190628
v 124.899803 -43.379589 141.504501
v 115.327995 -44.122032 155.710464
v 126.047020 -30.534550 141.801987
v 113.228043 -33.663746 159.763748
v 111.880791 -34.734020 163.141708
v 114.839439 -31.220140 155.248413
v 113.227615 -32.602440 158.841797
v 122.970825 -29.329203 144.095139
v 119.963867 -29.165499 147.018311
v 117.284752 -29.866905 150.724106
v 128.431198 -38.549236 140.485947
v 127.120285 -41.225788 140.270935
v -113.228897 -35.890640 161.574768
v -128.013611 -32.758022 141.183914
v -129.043701 -35.587593 141.486542
v -113.229759 -38.367580 162.984848
v -111.377289 -39.056595 167.386078
v -111.402496 -36.742077 166.141830
v -113.219498 -42.711948 160.760529
v -111.903442 -40.972321 165.300659
v -113.224617 -40.514977 162.277039
v -117.783562 -44.750778 150.812149
v -115.327995 -44.122032 155.710464
v -124.899803 -43.379589 141.504501
v -121.442764 -44.731117 145.190628
v -113.228043 -33.663746 159.763748
v -126.047020 -30.534550 141.801987
v -111.880791 -34.734020 163.141708
v -113.227615 -32.602440 158.841797
v -114.839439 -31.220140 155.248413
v -122.970825 -29.329203 144.095139
v -117.284752 -29.866905 150.724106
v -119.963867 -29.165499 147.018311
v -128.431198 -38.549236 140.485947
v -127.120285 -41.225788 140.270935
v -97.579498 -77.106590 130.415329
v -92.648270 -72.563469 164.491531
v -92.648270 -72.563469 164.491531
v -97.579498 -77.106590 130.415329
v 113.637085 -65.789604 123.762840
v 113.178467 -58.271584 140.214523
v 114.200867 -75.299431 77.154037
v 105.592903 -80.532425 0.427427
v 114.200867 -78.323051 -3.886169
v 105.592903 -77.037781 -106.202850
v 114.200867 -75.042549 -106.202850
v 105.592903 -73.938507 -159.746658
v 114.200867 -72.669472 -159.746658
v -113.637085 -65.789604 123.762840
v -114.200867 -75.299431 77.154037
v -114.200867 -78.323051 -3.886169
v -105.592903 -80.532425 0.427427
v -105.592903 -77.037781 -106.202850
v -114.200867 -75.042549 -106.202850
v -114.200867 -72.669472 -159.746658
v -105.592903 -73.938507 -159.746658
v 105.592903 -39.148491 -154.550430
v 105.592903 -27.735329 -95.146164
v 112.883537 -31.536865 -108.286552
v 112.883537 -15.133489 -2.735535
v 105.592903 -13.372062 0.427427
v 105.592903 -8.979392 82.393013
v 112.883537 -10.474959 78.522659
v 112.883537 -15.152724 121.404297
v 105.592903 -13.071153 125.531105
v 105.592903 -23.970121 164.491531
v 112.883537 -24.445847 150.852753
v -112.883537 -15.133489 -2.735535
v -105.592903 -13.372062 0.427427
v -105.592903 -27.735329 -95.146164
v -112.883537 -31.536865 -108.286552
v -112.883537 -10.474959 78.522659
v -105.592903 -8.979392 82.393013
v -112.883537 -15.152724 121.404297
v -112.883537 -24.445847 150.852753
v -105.592903 -23.970121 164.491531
v -105.592903 -13.071153 125.531105
v -105.592903 -39.148491 -154.550430
v -113.178467 -58.271584 140.214523
v 57.665493 51.675526 995.846497
v 69.069252 53.595104 971.608398
v 61.778622 65.217278 971.608398
v 49.448631 68.155411 991.153748
v 64.648376 34.721626 1000.640930
v 74.949799 39.725517 971.608398
v 40.293995 43.083385 1029.206299
v 31.235102 67.388176 1011.856628
v 51.338715 40.221760 1018.126160
v 31.235102 67.388176 1011.856628
v -0.000000 64.193161 1033.175537
v -0.000000 43.064148 1055.176880
v 40.293995 43.083385 1029.206299
v 27.822521 123.233696 763.126038
v -0.000000 126.896736 763.126038
v -0.000000 126.039322 828.362549
v 27.111282 122.400208 828.362549
v 53.748978 112.494583 763.126038
v 52.374798 111.731186 828.362549
v 76.012383 95.411163 763.126038
v 74.069298 94.758911 828.362549
v 93.095795 73.862419 763.126038
v 90.776573 73.222130 828.362549
v 103.834908 51.557987 763.126038
v 101.180573 51.191681 828.362549
v 107.497955 22.679291 763.126038
v 104.750031 22.500626 828.362549
v 96.098045 -33.997990 828.362549
v 98.800667 -34.741714 763.126038
v 105.592903 -2.303833 763.126038
v 103.053139 -2.361536 828.362549
v 80.234085 -62.659985 828.362549
v 82.517822 -64.362854 763.126038
v 82.517822 -64.362854 763.126038
v 80.234085 -62.659985 828.362549
v 54.725647 -85.087517 828.362549
v 56.664883 -87.925636 763.126038
v 27.977251 -97.127289 828.362549
v 28.950075 -100.410355 763.126038
v -0.000000 -101.070305 828.362549
v -0.000000 -104.563240 763.126038
v -0.000000 119.097046 890.995178
v 25.103231 115.651131 890.995178
v 48.507439 105.519821 890.995178
v 68.583694 89.478050 890.995178
v 82.799927 70.985840 890.995178
v 93.677948 48.223194 890.995178
v 97.046074 21.056349 890.995178
v 95.496223 -2.532934 890.995178
v 88.146606 -2.699631 932.635193
v 82.434044 -29.668152 932.635193
v 89.225441 -31.875816 890.995178
v 74.535614 -58.693886 890.995178
v 74.535614 -58.693886 890.995178
v 51.169880 -80.002411 890.995178
v 24.363354 -91.577568 890.995178
v -0.000000 -95.036308 890.995178
v 20.130541 96.342529 971.608826
v -0.000000 99.235359 971.608826
v -0.000000 90.657753 991.153748
v 17.925444 88.003845 991.153748
v 39.119423 87.290474 971.608826
v 35.589729 80.140900 991.153748
v 54.997494 74.368065 971.608826
v 49.448631 68.155411 991.153748
v 61.778622 65.217278 971.608398
v 54.997494 74.368065 971.608826
v 49.448631 68.155411 991.153748
v -0.000000 84.635300 1003.545349
v 15.031762 76.467163 1011.856628
v 31.235102 67.388176 1011.856628
v -0.000000 79.934029 1011.856628
v -0.000000 72.404892 1023.534363
v -0.000000 64.193161 1033.175537
v 78.850922 16.924410 971.608826
v 74.949799 39.725517 971.608398
v 64.648376 34.721626 1000.640930
v 68.403320 14.438066 1000.640930
v 78.070442 -2.927876 971.608826
v 68.120789 -3.153558 1000.640930
v 63.998257 -24.119291 1000.640930
v 73.087067 -26.919369 971.608826
v 53.703671 -43.829670 1000.640930
v 61.339233 -49.285782 971.608826
v 61.339233 -49.285782 971.608826
v 53.703671 -43.829670 1000.640930
v 36.583069 -58.978550 1000.640930
v 41.846413 -66.575211 971.608826
v 52.753071 28.217466 1028.396851
v 56.437923 11.280661 1028.396851
v 56.516998 -3.416426 1028.396851
v 53.335655 -21.128157 1028.396851
v 45.194023 -37.749519 1028.396851
v 45.194023 -37.749519 1028.396851
v 30.897005 -50.771946 1028.396851
v 36.883980 19.038038 1060.166626
v 40.115330 6.824731 1060.166626
v 40.663292 -3.775892 1060.166626
v 38.822365 -16.804302 1060.166626
v 33.132023 -29.130878 1060.166626
v 22.765203 -39.035648 1060.166626
v 33.132023 -29.130878 1060.166626
v 11.676030 -43.799751 1060.166626
v 16.101185 -57.076500 1028.396851
v -0.000000 -45.383797 1060.166626
v -0.000000 -59.312798 1028.396851
v 47.163177 37.401596 1028.396851
v 51.338715 40.221760 1018.126160
v 40.293995 43.083385 1029.206299
v -0.000000 43.064148 1055.176880
v 9.302954 41.395901 1055.176880
v 40.293995 43.083385 1029.206299
v 34.447647 28.261490 1055.176880
v 28.265764 34.230938 1055.176880
v 25.149820 31.120123 1061.935303
v 29.403574 29.412125 1060.166626
v 28.265764 34.230938 1055.176880
v 18.373816 38.700546 1055.176880
v 15.958851 33.587234 1064.490112
v 25.149820 31.120123 1061.935303
v -0.000000 35.847897 1066.831055
v 7.878767 35.069122 1066.024048
v 14.908663 -0.327837 1095.985474
v 13.470369 3.934041 1095.984985
v 7.812943 0.239787 1100.773438
v 8.646853 -2.197831 1100.773438
v 15.353615 -4.349500 1095.985474
v 8.905020 -4.495680 1100.773438
v 8.509222 -7.733869 1100.773438
v 14.708200 -9.588903 1095.985474
v 12.681338 -14.517994 1095.985474
v 7.376967 -10.727569 1100.773926
v 5.102626 -13.043797 1100.773926
v 8.797735 -18.877325 1095.985474
v 2.419238 -14.458154 1100.773926
v 4.170835 -21.280748 1095.985474
v -0.000000 -14.790693 1100.773926
v -0.000000 -21.845379 1095.985474
v 9.090523 9.049917 1095.985474
v 6.337464 10.904951 1095.985474
v 3.675874 4.226828 1100.773926
v 5.272315 3.165954 1100.773926
v 3.268536 12.088497 1095.985474
v -0.000000 12.557385 1095.985474
v -0.000000 5.172297 1100.773926
v 1.895640 4.904300 1100.773926
v 11.447784 6.808489 1095.985474
v 6.639655 1.884099 1100.773926
v -0.000000 -4.697425 1103.248291
v 22.979773 2.158508 1086.244385
v 20.991379 9.286712 1086.244385
v 23.384117 -4.167416 1086.244385
v 22.406591 -11.892309 1086.244385
v 13.940968 -26.289339 1086.244385
v 19.619339 -19.475294 1086.244385
v 6.975186 -29.695082 1086.244385
v -0.000000 -30.656366 1086.244385
v 14.614593 17.083839 1086.244385
v 9.780390 19.751841 1086.244385
v 4.973971 21.349136 1086.244385
v -0.000000 22.000536 1086.244385
v 18.201136 13.769997 1086.244385
v 26.593241 -24.458670 1073.776245
v 30.702099 -14.374378 1073.776245
v 38.822365 -16.804302 1060.166626
v 33.132023 -29.130878 1060.166626
v 22.964813 107.680038 932.635193
v -0.000000 110.897713 932.635193
v 44.492188 97.932983 932.635193
v 62.741619 83.240173 932.635193
v 74.083405 68.579422 932.635193
v 69.069252 53.595104 971.608398
v 85.608551 44.714443 932.635193
v 89.321609 19.350914 932.635193
v 69.012405 -54.538433 932.635193
v 47.239262 -74.046219 932.635193
v 69.012405 -54.538433 932.635193
v 27.822521 123.233696 -232.430237
v 0.000000 126.896736 -232.430237
v 53.748978 112.494583 -232.430237
v 76.012383 95.411163 -232.430237
v 93.095795 73.862419 -232.430237
v 103.834908 51.557987 -232.430237
v 107.497955 22.679291 -232.430237
v 105.592903 -2.303833 -232.430237
v 105.592903 -2.303833 82.393440
v 82.517822 -64.362854 -232.430237
v 98.800667 -34.741714 -232.430237
v 56.664883 -87.926064 -232.430237
v 82.517822 -64.362854 -232.430237
v 28.950075 -100.410355 -232.430237
v 0.000000 -104.563240 -232.430237
v 0.000000 126.896736 -232.430237
v 27.822521 123.233696 -232.430237
v 27.822521 123.233696 -788.011658
v 0.000000 126.896736 -788.011658
v 53.748978 112.494583 -232.430237
v 53.748978 112.494583 -788.011658
v 76.012383 95.411163 -232.430237
v 76.012383 95.411163 -788.011658
v 93.095795 73.862419 -232.430237
v 93.095795 73.862419 -788.011658
v 103.834908 51.557987 -232.430237
v 103.834908 51.557987 -788.011658
v 107.497955 22.679291 -232.430237
v 107.497955 22.679291 -788.011658
v 105.592903 -2.303833 -788.011658
v 105.592903 -2.303833 -232.430237
v 98.800667 -34.741714 -232.430237
v 98.800667 -34.741714 -788.011658
v 82.517822 -64.362854 -232.430237
v 82.517822 -64.362854 -788.011658
v 56.664883 -87.926064 -232.430237
v 56.664883 -87.926064 -788.011658
v 82.517822 -64.362854 -788.011658
v 82.517822 -64.362854 -232.430237
v 28.950075 -100.410355 -232.430237
v 28.950075 -100.410355 -788.011658
v 0.000000 -104.563240 -232.430237
v 0.000000 -104.563240 -788.011658
v 27.774223 123.070412 -937.632690
v 0.000000 126.592415 -937.632690
v 52.314533 112.216751 -937.632690
v 74.848923 95.407753 -937.632690
v 91.120224 73.826515 -937.632690
v 99.847862 53.218540 -937.632690
v 107.405205 23.582443 -865.301636
v 104.649574 26.909966 -937.632690
v 105.860909 -1.231418 -865.301636
v 97.190544 -33.130314 -865.301636
v 80.567047 -61.785892 -865.301636
v 56.868340 -82.579376 -865.301636
v 80.567047 -61.785892 -865.301636
v 29.054369 -95.954002 -865.301636
v 0.000000 -100.397537 -865.301636
v 0.000000 126.028206 -987.320618
v 50.563362 111.619629 -1016.046265
v 26.525282 122.171959 -1016.046265
v 70.931984 95.249176 -1016.046692
v 85.583328 73.880798 -1016.046692
v 70.931984 95.249176 -1016.046692
v 94.617859 55.307377 -1016.046692
v 98.982315 31.839483 -1016.046692
v 103.481850 1.232700 -937.632690
v 97.844940 7.429541 -1016.046692
v 94.028442 -29.338606 -937.632690
v 88.537277 -22.438648 -1016.046692
v 75.611458 -56.482803 -937.632690
v 69.388969 -50.002579 -1016.046692
v 69.388969 -50.002579 -1016.046692
v 75.611458 -56.482803 -937.632690
v 56.412277 -74.180428 -937.632690
v 53.792149 -62.420620 -1016.046692
v 28.820992 -87.087868 -937.632690
v 27.482718 -73.529030 -1016.046692
v 0.000000 -91.680580 -937.632690
v 0.000000 -77.472473 -1016.046692
v 24.458244 119.260323 -1094.023071
v 0.000000 122.169388 -1094.023071
v 0.000000 125.702087 -1016.046692
v 47.249519 109.287163 -1094.023071
v 65.738739 93.648453 -1094.023071
v 79.062927 73.898750 -1094.023071
v 65.738739 93.648453 -1094.023071
v 86.474518 57.608646 -1094.023071
v 91.032600 36.526649 -1094.023071
v 90.339745 13.549016 -1094.023071
v 81.812141 -13.307947 -1094.023071
v 60.298874 -40.069168 -1094.023071
v 60.298874 -40.069168 -1094.023071
v 49.514454 -48.441185 -1094.023071
v 25.296856 -58.356644 -1094.023071
v 0.000000 -61.654671 -1094.023071
v 18.857235 102.264961 -1226.635498
v 0.000000 104.425179 -1226.635498
v 36.429623 95.114532 -1226.635498
v 49.984627 85.102905 -1226.635498
v 60.756218 71.208099 -1226.635498
v 49.984627 85.102905 -1226.635498
v 76.624031 57.938190 -1164.294312
v 63.204948 65.611794 -1226.635498
v 42.808548 -19.106853 -1226.635498
v 55.562977 -7.254295 -1226.635498
v 42.808548 -19.106853 -1226.635498
v 19.697557 -29.648064 -1226.635498
v 0.000000 -32.069439 -1226.635498
v 85.644455 38.862114 -1128.972168
v 78.743645 19.409044 -1164.274292
v 65.763954 9.105055 -1226.635498
v 40.508137 11.233215 -1332.801514
v 45.918510 33.388908 -1332.801514
v 28.642326 -0.039751 -1332.801514
v 14.817193 -6.852087 -1332.801514
v 28.642326 -0.039751 -1332.801514
v 0.000000 -9.216187 -1332.801147
v 45.162392 50.661243 -1332.801147
v 14.196142 86.104790 -1332.801514
v 0.000000 87.948288 -1332.801514
v 26.908257 80.863251 -1332.801147
v 34.054840 75.829018 -1332.801147
v 42.265289 65.532295 -1332.801147
v 34.054840 75.829018 -1332.801147
v 28.933405 23.555517 -1400.650391
v 31.859571 42.783756 -1400.650391
v 19.003843 11.652521 -1400.650391
v 12.022246 7.870646 -1400.650391
v 19.003843 11.652521 -1400.650391
v 10.633108 73.260605 -1400.650391
v 0.000000 74.592041 -1400.650391
v 20.154476 69.473602 -1400.650391
v 28.603432 59.911621 -1400.650391
v 21.735104 43.156048 -1433.627441
v 19.948885 30.112251 -1433.627441
v 10.030863 18.202845 -1433.627441
v 10.030863 18.202845 -1433.627441
v 0.000000 65.043739 -1433.627441
v 8.274992 64.051689 -1433.627441
v 19.760817 54.544422 -1433.627441
v 14.895412 60.457874 -1433.627441
v 20.154476 69.473602 -1400.650391
v 14.152972 42.699127 -1451.746460
v 12.721090 34.488251 -1451.746460
v 7.066227 26.903553 -1451.746460
v 0.000000 15.082625 -1433.627441
v 0.000000 24.048767 -1451.746460
v 0.000000 57.429554 -1451.746460
v 9.694477 53.886608 -1451.746460
v 5.196661 56.480240 -1451.746460
v 8.274992 64.051689 -1433.627441
v 12.511650 49.904266 -1451.746460
v 6.585799 41.947285 -1465.345825
v 6.084427 39.003162 -1465.345825
v 3.588679 35.673077 -1465.345825
v 0.000000 24.048767 -1451.746460
v 0.002565 34.253593 -1465.345825
v 3.588679 48.221489 -1465.345825
v 0.002565 49.640972 -1465.345825
v 0.000000 57.429554 -1451.746460
v 6.084427 44.891827 -1465.345825
v 394.496552 87.394348 -1452.683350
v 58.257481 51.210487 -1257.573853
v 69.997200 49.502056 -1197.227173
v 394.496552 87.550354 -1436.546143
v 394.496552 86.283890 -1421.231934
v 99.776054 46.310032 -1191.373535
v 104.187531 42.397793 -1190.625977
v 394.496552 84.579308 -1417.590210
v 394.496552 81.395401 -1452.537476
v 394.496552 81.281281 -1436.424927
v 71.114059 28.458105 -1197.324219
v 59.189274 27.725069 -1258.413818
v 394.496552 82.827705 -1421.181396
v 99.776054 37.360134 -1191.373535
v 394.496552 84.579308 -1417.590210
v 104.187531 42.397793 -1190.625977
v 81.353081 43.640324 -1146.593750
v 86.127441 44.370369 -1173.201050
v 88.577034 40.331181 -1169.950439
v 86.240280 35.811565 -1173.051392
v 88.577034 40.331181 -1169.950439
v 398.261749 85.044769 -1454.260498
v 398.270294 85.043922 -1491.923340
v 398.261749 85.048195 -1438.861938
v 398.174164 85.037079 -1430.281982
v 397.341492 84.919968 -1424.296143
v 398.270294 85.043922 -1491.923340
v 398.261749 85.044769 -1454.260498
v 398.261749 85.048195 -1438.861938
v 398.174164 85.037079 -1430.281982
v 397.341492 84.919968 -1424.296143
v 338.474091 80.478569 -1445.455933
v 46.240364 49.313995 -1326.197754
v 338.474091 75.359276 -1445.456421
v 46.762680 35.632900 -1327.329224
v 82.513550 39.569504 -1142.441162
v 81.747169 35.172134 -1146.688232
v 82.513550 39.569504 -1142.441162
v 338.474091 78.579933 -1476.998413
v 338.474091 78.579933 -1476.998413
v 46.762680 35.632900 -1327.329224
v 46.240364 49.313995 -1326.197754
v 338.474091 80.478569 -1445.455933
v 338.474091 75.359276 -1445.456421
v 338.474091 78.579933 -1476.998413
v 338.474091 75.359276 -1445.456421
v 338.474091 80.478569 -1445.455933
v 105.592903 -36.721130 -139.843079
v 105.592903 -36.720703 -232.430237
v 105.592903 -8.979392 82.393013
v 24.363354 -74.518524 971.608826
v 24.363354 -82.871307 939.824463
v -0.000000 -62.546715 1019.368713
v 24.363354 -58.314758 1019.368713
v 24.363354 -65.113411 1000.640930
v 68.583694 89.478050 890.995178
v 62.741619 83.240173 932.635193
v 29.048384 14.400879 1073.776245
v 31.656118 4.582875 1073.776245
v 40.115330 6.824731 1060.166626
v 36.883980 19.038038 1060.166626
v 40.663292 -3.775892 1060.166626
v 32.101494 -3.969944 1073.776245
v 18.590521 -33.008926 1073.776245
v 22.765203 -39.035648 1060.166626
v 9.453836 -37.131458 1073.776245
v 11.676030 -43.799751 1060.166626
v -0.000000 -38.420155 1073.776245
v -0.000000 -45.383797 1060.166626
v 32.078415 26.558191 1060.166626
v 25.290016 20.459232 1073.776245
v 25.149820 31.120123 1061.935303
v 15.958851 33.587234 1064.490112
v 13.477635 28.231569 1073.776245
v 20.368191 24.867289 1073.776245
v 7.878767 35.069122 1066.024048
v -0.000000 35.847897 1066.831055
v -0.000000 31.298788 1073.776245
v 6.826868 30.285357 1073.776245
v 29.403574 29.412125 1060.166626
v 32.078415 26.558191 1060.166626
v 0.000000 5.765139 -1400.650391
v -57.665493 51.675526 995.846497
v -49.448631 68.155411 991.153748
v -61.778622 65.217278 971.608398
v -69.069252 53.595104 971.608398
v -64.648376 34.721626 1000.640930
v -74.949799 39.725517 971.608398
v -40.306393 43.083385 1029.206299
v -31.235102 67.388176 1011.856628
v -51.338715 40.221760 1018.126160
v -31.235102 67.388176 1011.856628
v -40.306393 43.083385 1029.206299
v -27.822521 123.233696 763.126038
v -27.111282 122.400208 828.362549
v -53.748978 112.494583 763.126038
v -52.374798 111.731186 828.362549
v -76.012383 95.411163 763.126038
v -74.069298 94.758911 828.362549
v -93.095795 73.862419 763.126038
v -90.776573 73.222130 828.362549
v -103.834908 51.557987 763.126038
v -101.180573 51.191681 828.362549
v -107.497955 22.679291 763.126038
v -104.750031 22.500626 828.362549
v -96.098045 -33.997990 828.362549
v -103.053139 -2.361536 828.362549
v -105.592903 -2.303833 763.126038
v -98.800667 -34.741714 763.126038
v -82.517822 -64.362854 763.126038
v -80.234085 -62.659985 828.362549
v -82.517822 -64.362854 763.126038
v -56.664883 -87.925636 763.126038
v -54.725647 -85.087517 828.362549
v -80.234085 -62.659985 828.362549
v -28.950075 -100.410355 763.126038
v -27.977251 -97.127289 828.362549
v -25.103231 115.651131 890.995178
v -48.507439 105.519821 890.995178
v -68.583694 89.478050 890.995178
v -82.799927 70.985840 890.995178
v -93.677948 48.223194 890.995178
v -97.046074 21.056349 890.995178
v -95.496223 -2.532934 890.995178
v -89.225441 -31.875816 890.995178
v -82.434044 -29.668152 932.635193
v -88.146606 -2.699631 932.635193
v -74.535614 -58.693886 890.995178
v -51.169880 -80.002411 890.995178
v -74.535614 -58.693886 890.995178
v -24.363354 -91.577568 890.995178
v -20.130541 96.342529 971.608826
v -17.925444 88.003845 991.153748
v -39.119423 87.290474 971.608826
v -35.589729 80.140900 991.153748
v -54.997494 74.368065 971.608826
v -49.448631 68.155411 991.153748
v -61.778622 65.217278 971.608398
v -49.448631 68.155411 991.153748
v -54.997494 74.368065 971.608826
v -31.235102 67.388176 1011.856628
v -15.031762 76.467163 1011.856628
v -78.850922 16.924410 971.608826
v -68.403320 14.438066 1000.640930
v -64.648376 34.721626 1000.640930
v -74.949799 39.725517 971.608398
v -78.070442 -2.927876 971.608826
v -73.087067 -26.919369 971.608826
v -63.998257 -24.119291 1000.640930
v -68.120789 -3.153558 1000.640930
v -53.703671 -43.829670 1000.640930
v -61.339233 -49.285782 971.608826
v -61.339233 -49.285782 971.608826
v -41.846413 -66.575211 971.608826
v -36.583069 -58.978550 1000.640930
v -53.703671 -43.829670 1000.640930
v -56.437923 11.280661 1028.396851
v -52.753071 28.217466 1028.396851
v -53.335655 -21.128157 1028.396851
v -56.516998 -3.416426 1028.396851
v -45.194023 -37.749519 1028.396851
v -30.897005 -50.771946 1028.396851
v -45.194023 -37.749519 1028.396851
v -40.115330 6.824731 1060.166626
v -36.883980 19.038038 1060.166626
v -38.822365 -16.804302 1060.166626
v -40.663292 -3.775892 1060.166626
v -33.132023 -29.130878 1060.166626
v -22.765203 -39.035648 1060.166626
v -33.132023 -29.130878 1060.166626
v -11.676030 -43.799751 1060.166626
v -16.101185 -57.076500 1028.396851
v -47.163177 37.401596 1028.396851
v -51.338715 40.221760 1018.126160
v -40.306393 43.083385 1029.206299
v -40.306393 43.083385 1029.206299
v -28.265764 34.230938 1055.176880
v -18.373816 38.700546 1055.176880
v -34.447647 28.261490 1055.176880
v -28.265764 34.230938 1055.176880
v -29.403574 29.412125 1060.166626
v -25.149820 31.120123 1061.935303
v -25.149820 31.120123 1061.935303
v -15.958851 33.587234 1064.490112
v -9.302954 41.395901 1055.176880
v -7.878767 35.069122 1066.024048
v -0.000000 35.847897 1066.831055
v -0.000000 43.064148 1055.176880
v -14.908663 -0.327837 1095.985474
v -8.646853 -2.197831 1100.773438
v -7.812943 0.239787 1100.773438
v -13.470369 3.934041 1095.984985
v -15.353615 -4.349500 1095.985474
v -14.708200 -9.588903 1095.985474
v -8.509222 -7.733869 1100.773438
v -8.905020 -4.495680 1100.773438
v -12.681338 -14.517994 1095.985474
v -8.797735 -18.877325 1095.985474
v -5.102626 -13.043797 1100.773926
v -7.376967 -10.727569 1100.773926
v -2.419238 -14.458154 1100.773926
v -4.170835 -21.280748 1095.985474
v -9.090523 9.049917 1095.985474
v -5.272315 3.165954 1100.773926
v -3.675874 4.226828 1100.773926
v -6.337464 10.904951 1095.985474
v -3.268536 12.088497 1095.985474
v -1.895640 4.904300 1100.773926
v -6.639655 1.884099 1100.773926
v -11.447784 6.808489 1095.985474
v -22.979773 2.158508 1086.244385
v -20.991379 9.286712 1086.244385
v -23.384117 -4.167416 1086.244385
v -22.406591 -11.892309 1086.244385
v -19.619339 -19.475294 1086.244385
v -13.940968 -26.289339 1086.244385
v -6.975186 -29.695082 1086.244385
v -14.614593 17.083839 1086.244385
v -9.780390 19.751841 1086.244385
v -4.973971 21.349136 1086.244385
v -18.201136 13.769997 1086.244385
v -30.702099 -14.374378 1073.776245
v -26.593241 -24.458670 1073.776245
v -38.822365 -16.804302 1060.166626
v -33.132023 -29.130878 1060.166626
v -22.964813 107.680038 932.635193
v -44.492188 97.932983 932.635193
v -62.741619 83.240173 932.635193
v -85.608551 44.714443 932.635193
v -69.069252 53.595104 971.608398
v -74.083405 68.579422 932.635193
v -89.321609 19.350914 932.635193
v -69.012405 -54.538433 932.635193
v -69.012405 -54.538433 932.635193
v -47.239262 -74.046219 932.635193
v -27.822521 123.233696 -232.430237
v -53.748978 112.494583 -232.430237
v -76.012383 95.411163 -232.430237
v -93.095795 73.862419 -232.430237
v -103.834908 51.557987 -232.430237
v -107.497955 22.679291 -232.430237
v -105.592903 -2.303833 -232.430237
v -105.592903 -2.303833 82.393440
v -98.800667 -34.741714 -232.430237
v -82.517822 -64.362854 -232.430237
v -82.517822 -64.362854 -232.430237
v -56.664883 -87.926064 -232.430237
v -28.950075 -100.410355 -232.430237
v -27.822521 123.233696 -788.011658
v -27.822521 123.233696 -232.430237
v -53.748978 112.494583 -788.011658
v -53.748978 112.494583 -232.430237
v -76.012383 95.411163 -788.011658
v -76.012383 95.411163 -232.430237
v -93.095795 73.862419 -788.011658
v -93.095795 73.862419 -232.430237
v -103.834908 51.557987 -788.011658
v -103.834908 51.557987 -232.430237
v -107.497955 22.679291 -788.011658
v -107.497955 22.679291 -232.430237
v -105.592903 -2.303833 -788.011658
v -105.592903 -2.303833 -232.430237
v -98.800667 -34.741714 -232.430237
v -98.800667 -34.741714 -788.011658
v -82.517822 -64.362854 -232.430237
v -82.517822 -64.362854 -788.011658
v -56.664883 -87.926064 -232.430237
v -82.517822 -64.362854 -232.430237
v -82.517822 -64.362854 -788.011658
v -56.664883 -87.926064 -788.011658
v -28.950075 -100.410355 -232.430237
v -28.950075 -100.410355 -788.011658
v -27.774223 123.070412 -937.632690
v -52.314533 112.216751 -937.632690
v -74.848923 95.407753 -937.632690
v -91.120224 73.826515 -937.632690
v -99.847862 53.218540 -937.632690
v -107.405205 23.582443 -865.301636
v -104.649574 26.909966 -937.632690
v -105.860909 -1.231418 -865.301636
v -97.190544 -33.130314 -865.301636
v -80.567047 -61.785892 -865.301636
v -80.567047 -61.785892 -865.301636
v -56.868340 -82.579376 -865.301636
v -29.054369 -95.954002 -865.301636
v -26.525282 122.171959 -1016.046265
v -50.563362 111.619629 -1016.046265
v -70.931984 95.249176 -1016.046692
v -70.931984 95.249176 -1016.046692
v -85.583328 73.880798 -1016.046692
v -94.617859 55.307377 -1016.046692
v -98.982315 31.839483 -1016.046692
v -97.844940 7.429541 -1016.046692
v -103.481850 1.232700 -937.632690
v -94.028442 -29.338606 -937.632690
v -88.537277 -22.438648 -1016.046692
v -75.611458 -56.482803 -937.632690
v -69.388969 -50.002579 -1016.046692
v -69.388969 -50.002579 -1016.046692
v -53.792149 -62.420620 -1016.046692
v -56.412277 -74.180428 -937.632690
v -75.611458 -56.482803 -937.632690
v -28.820992 -87.087868 -937.632690
v -27.482718 -73.529030 -1016.046692
v -24.458244 119.260323 -1094.023071
v -47.249519 109.287163 -1094.023071
v -65.738739 93.648453 -1094.023071
v -65.738739 93.648453 -1094.023071
v -79.062927 73.898750 -1094.023071
v -86.474518 57.608646 -1094.023071
v -91.032600 36.526649 -1094.023071
v -90.339745 13.549016 -1094.023071
v -81.812141 -13.307947 -1094.023071
v -60.298874 -40.069168 -1094.023071
v -60.298874 -40.069168 -1094.023071
v -49.514454 -48.441185 -1094.023071
v -25.296856 -58.356644 -1094.023071
v -18.857235 102.264961 -1226.635498
v -36.429623 95.114532 -1226.635498
v -49.984627 85.102905 -1226.635498
v -49.984627 85.102905 -1226.635498
v -60.756218 71.208099 -1226.635498
v -63.204948 65.611794 -1226.635498
v -76.624031 57.938190 -1164.294312
v -55.562977 -7.254295 -1226.635498
v -42.808548 -19.106853 -1226.635498
v -42.808548 -19.106853 -1226.635498
v -19.697557 -29.648064 -1226.635498
v -85.644455 38.862114 -1128.972168
v -78.743645 19.409044 -1164.274292
v -65.763954 9.105055 -1226.635498
v -45.918510 33.388908 -1332.801514
v -40.508137 11.233215 -1332.801514
v -28.642326 -0.039751 -1332.801514
v -14.817193 -6.852087 -1332.801514
v -28.642326 -0.039751 -1332.801514
v -45.162392 50.661243 -1332.801147
v -14.196142 86.104790 -1332.801514
v -26.908257 80.863251 -1332.801147
v -34.054840 75.829018 -1332.801147
v -34.054840 75.829018 -1332.801147
v -42.265289 65.532295 -1332.801147
v -28.933405 23.555517 -1400.650391
v -31.859571 42.783756 -1400.650391
v -19.003843 11.652521 -1400.650391
v -12.022246 7.870646 -1400.650391
v -19.003843 11.652521 -1400.650391
v -10.633108 73.260605 -1400.650391
v -20.154476 69.473602 -1400.650391
v -28.603432 59.911621 -1400.650391
v -21.735104 43.156048 -1433.627441
v -19.948885 30.112251 -1433.627441
v -10.030863 18.202845 -1433.627441
v -10.030863 18.202845 -1433.627441
v -8.274992 64.051689 -1433.627441
v -19.760817 54.544422 -1433.627441
v -20.154476 69.473602 -1400.650391
v -14.895412 60.457874 -1433.627441
v -14.152972 42.699127 -1451.746460
v -12.721090 34.488251 -1451.746460
v -7.066227 26.903553 -1451.746460
v -9.694477 53.886608 -1451.746460
v -8.274992 64.051689 -1433.627441
v -5.196661 56.480240 -1451.746460
v -12.511650 49.904266 -1451.746460
v -6.577678 41.947285 -1465.345825
v -6.076306 39.003162 -1465.345825
v -3.580558 35.673077 -1465.345825
v 0.002565 34.253593 -1465.345825
v 0.000000 24.048767 -1451.746460
v -3.580558 48.221489 -1465.345825
v 0.000000 57.429554 -1451.746460
v 0.002565 49.640972 -1465.345825
v -6.076306 44.891827 -1465.345825
v -394.496552 87.394348 -1452.683350
v -394.496552 87.550354 -1436.546143
v -69.997200 49.502056 -1197.227173
v -58.257481 51.210487 -1257.573853
v -394.496552 86.283890 -1421.231934
v -99.776054 46.310032 -1191.373535
v -394.496552 84.579308 -1417.590210
v -104.187531 42.397793 -1190.625977
v -394.496552 81.395401 -1452.537476
v -59.189274 27.725069 -1258.413818
v -71.114059 28.458105 -1197.324219
v -394.496552 81.281281 -1436.424927
v -99.776054 37.360134 -1191.373535
v -394.496552 82.827705 -1421.181396
v -104.187531 42.397793 -1190.625977
v -394.496552 84.579308 -1417.590210
v -81.353081 43.640324 -1146.593750
v -86.127441 44.370369 -1173.201050
v -88.577034 40.331181 -1169.950439
v -86.240280 35.811565 -1173.051392
v -88.577034 40.331181 -1169.950439
v -398.270294 85.043922 -1491.923340
v -398.261749 85.044769 -1454.260498
v -398.261749 85.048195 -1438.861938
v -398.174164 85.037079 -1430.281982
v -397.341492 84.919968 -1424.296143
v -398.270294 85.043922 -1491.923340
v -398.261749 85.044769 -1454.260498
v -398.261749 85.048195 -1438.861938
v -398.174164 85.037079 -1430.281982
v -397.341492 84.919968 -1424.296143
v -46.240364 49.313995 -1326.197754
v -338.474091 80.478569 -1445.455933
v -338.474091 75.359276 -1445.456421
v -46.762680 35.632900 -1327.329224
v -82.513550 39.569504 -1142.441162
v -81.747169 35.172134 -1146.688232
v -82.513550 39.569504 -1142.441162
v -338.474091 78.579933 -1476.998413
v -338.474091 78.579933 -1476.998413
v -46.762680 35.632900 -1327.329224
v -338.474091 75.359276 -1445.456421
v -338.474091 80.478569 -1445.455933
v -46.240364 49.313995 -1326.197754
v -338.474091 78.579933 -1476.998413
v -338.474091 80.478569 -1445.455933
v -338.474091 75.359276 -1445.456421
v -105.592903 -36.721130 -139.843079
v -105.592903 -8.979392 82.393013
v -105.592903 -36.720703 -232.430237
v -24.363354 -74.518524 971.608826
v -24.363354 -82.871307 939.824463
v -24.363354 -58.314758 1019.368713
v -24.363354 -65.113411 1000.640930
v -68.583694 89.478050 890.995178
v -62.741619 83.240173 932.635193
v -29.048384 14.400879 1073.776245
v -36.883980 19.038038 1060.166626
v -40.115330 6.824731 1060.166626
v -31.656118 4.582875 1073.776245
v -40.663292 -3.775892 1060.166626
v -32.101494 -3.969944 1073.776245
v -22.765203 -39.035648 1060.166626
v -18.590521 -33.008926 1073.776245
v -11.676030 -43.799751 1060.166626
v -9.453836 -37.131458 1073.776245
v -25.290016 20.459232 1073.776245
v -32.078415 26.558191 1060.166626
v -25.149820 31.120123 1061.935303
v -20.368191 24.867289 1073.776245
v -13.477635 28.231569 1073.776245
v -15.958851 33.587234 1064.490112
v -7.878767 35.069122 1066.024048
v -6.826868 30.285357 1073.776245
v -29.403574 29.412125 1060.166626
v -32.078415 26.558191 1060.166626
v 3.588679 48.221489 -1465.345825
v 6.084427 44.891827 -1465.345825
v 6.585799 41.947285 -1465.345825
v 0.002565 49.640972 -1465.345825
v 3.588679 48.221489 -1465.345825
v 6.585799 41.947285 -1465.345825
v 6.585799 41.947285 -1465.345825
v 6.084427 39.003162 -1465.345825
v 3.588679 35.673077 -1465.345825
v 0.002565 34.253593 -1465.345825
v -3.580558 35.673077 -1465.345825
v -6.076306 39.003162 -1465.345825
v -6.577678 41.947285 -1465.345825
v 0.002565 34.253593 -1465.345825
v -3.580558 35.673077 -1465.345825
v -6.577678 41.947285 -1465.345825
v 6.585799 41.947285 -1465.345825
v 0.002565 34.253593 -1465.345825
v -6.577678 41.947285 -1465.345825
v -6.577678 41.947285 -1465.345825
v -3.580558 48.221489 -1465.345825
v -6.076306 44.891827 -1465.345825
v 2.939417 -42.162704 -1189.260010
v 0.000000 -41.598076 -1183.685059
v -2.939417 -42.162704 -1189.260010
v 2.921893 -34.241627 -1226.789307
v -2.921893 -34.241627 -1226.789307
v 0.000000 -30.897434 -1231.674316
v 2.693219 -39.135239 -1198.721069
v -2.693219 -39.135239 -1198.721069
v -2.693219 -35.205475 -1216.252441
v -2.693219 -35.205475 -1216.252441
v 2.693219 -35.205475 -1216.252441
v 2.693219 -39.135239 -1198.721069
v -6.210518 -38.209003 -1195.535400
v -6.210518 -32.540890 -1220.929321
v -3.951138 -37.107098 -1216.678589
v -3.951138 -41.036861 -1199.147217
v 4.749999 -39.754154 -1189.248413
v -4.749999 -39.754154 -1189.248413
v 3.951138 -37.107098 -1216.678589
v 6.210518 -32.540890 -1220.929321
v 6.210518 -38.209003 -1195.535400
v 3.951138 -41.036861 -1199.147217
v -4.465333 -31.429153 -1226.791382
v 4.465333 -31.429153 -1226.791382
v -2.693219 -37.770462 -1216.827271
v 2.693219 -41.700230 -1199.296387
v 2.693219 -37.770462 -1216.827271
v -2.693219 -41.700230 -1199.296387
v -2.693219 -41.700230 -1199.296387
v -2.693219 -37.770462 -1216.827271
v -2.693219 -35.205475 -1216.252441
v -2.693219 -39.135239 -1198.721069
v -2.693219 -37.770462 -1216.827271
v 2.693219 -37.770462 -1216.827271
v 2.693219 -35.205475 -1216.252441
v 2.693219 -35.205475 -1216.252441
v -2.693219 -35.205475 -1216.252441
v -2.693219 -37.770462 -1216.827271
v 2.693219 -37.770462 -1216.827271
v 2.693219 -41.700230 -1199.296387
v 2.693219 -39.135239 -1198.721069
v 2.693219 -39.135239 -1198.721069
v 2.693219 -35.205475 -1216.252441
v 2.693219 -37.770462 -1216.827271
v 2.693219 -41.700230 -1199.296387
v -2.693219 -41.700230 -1199.296387
v -2.693219 -39.135239 -1198.721069
v -2.693219 -39.135239 -1198.721069
v 2.693219 -39.135239 -1198.721069
v 2.693219 -41.700230 -1199.296387
v 14.890283 114.612061 -1137.718628
v 13.191687 105.526657 -1206.064697
v 4.640151 478.086365 -1460.486450
v 4.811549 478.086365 -1439.910522
v 7.307296 95.404327 -1278.241699
v 0.000000 492.298309 -1519.135010
v 0.000000 82.530647 -1360.017944
v 0.000000 478.086365 -1404.320923
v 2.365810 478.086365 -1408.950684
v 0.000000 487.331635 -1414.283203
v 2.345293 487.331635 -1419.413330
v 4.120826 487.331635 -1447.230713
v 3.421555 487.331635 -1429.653564
v 3.995162 478.086365 -1421.206665
v 0.000000 492.298309 -1434.191528
v 3.761787 125.571289 -992.513062
v 4.707256 129.494217 -1021.724670
v 0.000000 132.624268 -1024.854248
v 0.000000 126.014961 -987.330505
v 7.052122 124.552734 -1016.120667
v 5.354808 139.922592 -1059.102295
v 5.644605 165.514786 -1103.446167
v 0.000000 171.054245 -1099.716553
v 0.000000 146.632767 -1062.414062
v 10.633963 122.365150 -1053.522217
v 10.884008 154.726105 -1110.710327
v 13.699899 119.869835 -1093.952637
v 0.000000 491.371246 -1422.396362
v -14.890283 114.612061 -1137.718628
v -4.811549 478.086365 -1439.910522
v -4.640151 478.086365 -1460.486450
v -13.191687 105.526657 -1206.064697
v -7.307296 95.404327 -1278.241699
v 0.000000 492.298309 -1519.135010
v 0.000000 82.530647 -1360.017944
v 0.000000 478.086365 -1404.320923
v 0.000000 487.331635 -1414.283203
v -2.365810 478.086365 -1408.950684
v -2.345293 487.331635 -1419.413330
v -3.995162 478.086365 -1421.206665
v -3.421555 487.331635 -1429.653564
v -4.120826 487.331635 -1447.230713
v 0.000000 492.298309 -1434.191528
v -3.761787 125.571289 -992.513062
v 0.000000 126.014961 -987.330505
v 0.000000 132.624268 -1024.854248
v -4.707256 129.494217 -1021.724670
v -7.052122 124.552734 -1016.120667
v -5.354808 139.922592 -1059.102295
v 0.000000 146.632767 -1062.414062
v 0.000000 171.054245 -1099.716553
v -5.644605 165.514786 -1103.446167
v -10.633963 122.365150 -1053.522217
v -10.884008 154.726105 -1110.710327
v -13.699899 119.869835 -1093.952637
v 0.000000 491.371246 -1422.396362
v -393.901581 -63.294708 127.669952
v -398.965302 -82.418228 127.696457
v -395.275757 -83.003807 164.290634
v -390.462067 -65.493393 165.360062
v -383.291962 -46.678047 127.614395
v -380.523956 -50.290661 166.292282
v -368.175568 -34.194611 127.535316
v -366.459869 -38.912121 166.994553
v -350.031708 -27.066832 127.440002
v -349.643616 -32.442158 167.400177
v -331.695099 -31.492413 167.470688
v -330.636780 -25.992279 127.338707
v -330.636780 -25.992279 127.338707
v -331.695099 -31.492413 167.470688
v -314.333435 -36.150944 167.199280
v -311.888947 -31.076099 127.240395
v -299.221313 -45.974934 166.612000
v -295.623657 -41.820339 127.155334
v -287.817963 -60.028313 165.764847
v -283.432587 -57.173527 127.091644
v -281.241577 -76.965973 164.738586
v -276.509949 -75.633255 127.055313
v -280.155914 -95.096153 163.635818
v -275.532440 -95.391502 127.050186
v -284.722992 -112.810883 162.554428
v -280.596588 -114.515450 127.076683
v -291.205780 -131.132111 127.132256
v -294.514893 -128.201675 161.611099
v -306.272583 -143.142822 127.211334
v -308.094269 -139.968323 160.885330
v -324.416443 -150.270599 127.306213
v -325.013123 -147.179871 160.434814
v -343.811798 -151.345154 127.407509
v -343.699371 -148.118073 160.364288
v -362.559631 -146.261765 127.505821
v -343.811798 -151.345154 127.407509
v -343.699371 -148.118073 160.364288
v -361.785553 -143.317215 160.643402
v -378.824951 -135.517090 127.590881
v -376.843781 -132.746506 161.276428
v -391.065155 -120.636215 127.654991
v -388.079559 -118.373840 162.143250
v -397.988190 -102.176491 127.691330
v -394.473877 -101.282310 163.178894
v -391.459686 -83.384644 178.404724
v -386.981110 -67.232597 179.392075
v -377.711914 -53.253162 180.253326
v -364.580475 -42.802135 180.904312
v -348.869537 -36.875431 181.283020
v -332.093872 -36.032974 181.353531
v -332.093872 -36.032974 181.353531
v -315.859772 -40.350842 181.109894
v -301.721741 -49.418285 180.574341
v -291.043762 -62.371040 179.798996
v -284.873444 -77.968712 178.857376
v -283.836060 -94.693520 177.841370
v -288.177429 -111.936783 176.787323
v -297.338074 -126.397507 175.897003
v -310.484436 -137.042999 175.234497
v -326.361237 -143.114609 174.846817
v -343.390350 -143.997681 174.773300
v -343.390350 -143.997681 174.773300
v -359.868958 -139.599457 175.022049
v -374.148041 -130.362320 175.567032
v -384.810608 -117.213806 176.354767
v -390.782227 -101.159203 177.324188
v -388.867767 -83.675293 182.081879
v -384.618683 -68.440506 183.011963
v -375.808594 -55.268906 183.819794
v -363.317444 -45.426544 184.427582
v -348.365173 -39.851181 184.777649
v -332.392639 -39.069843 184.836212
v -316.928772 -43.154335 184.598572
v -332.392639 -39.069843 184.836212
v -303.455811 -51.716988 184.087357
v -293.273224 -63.941833 183.350479
v -287.380707 -78.658585 182.458878
v -286.377960 -94.445183 181.498871
v -290.524017 -110.973358 180.489716
v -299.243958 -124.690781 179.648956
v -311.754303 -134.716095 179.029617
v -326.868134 -140.424393 178.671860
v -343.083038 -141.237778 178.610733
v -343.083038 -141.237778 178.610733
v -358.776886 -137.071640 178.853088
v -372.380615 -128.345291 179.374542
v -382.543549 -115.937508 180.122543
v -388.234314 -100.705711 181.045792
v -394.969269 -64.157257 87.176781
v -400.041107 -82.977303 87.205421
v -398.983246 -102.342758 87.202850
v -391.909760 -120.456268 87.167809
v -379.496826 -135.389297 87.104973
v -363.001587 -146.083939 87.019920
v -344.001129 -151.130585 86.921181
v -344.001129 -151.130585 86.921181
v -324.366425 -150.144501 86.817734
v -306.008423 -143.113754 86.720284
v -290.762085 -131.087234 86.638222
v -280.077271 -114.840729 86.580093
v -275.016083 -96.118134 86.550598
v -276.064148 -76.654808 86.554024
v -283.102997 -58.213455 86.592484
v -295.440277 -42.561069 86.659599
v -311.883423 -31.371450 86.745079
v -330.883850 -26.324818 86.844673
v -330.883850 -26.324818 86.844673
v -350.518127 -27.310465 86.947678
v -368.927856 -34.837032 87.044273
v -384.249847 -47.582054 87.122070
v -398.152344 -83.662903 57.854416
v -393.207886 -65.489548 57.016659
v -397.175232 -102.387642 58.657978
v -390.368469 -119.928818 59.352978
v -378.382080 -134.498108 59.868027
v -362.433960 -145.093185 60.171928
v -344.022949 -150.005173 60.204838
v -324.995605 -149.043884 59.976593
v -344.022949 -150.005173 60.204838
v -307.195374 -141.980209 59.495308
v -292.447876 -130.220840 58.840065
v -282.150299 -114.477409 58.055737
v -277.309692 -96.364326 57.221825
v -278.376526 -77.558815 56.415695
v -285.215790 -59.749199 55.709156
v -297.155975 -44.735394 55.174450
v -313.012238 -33.835140 54.856438
v -331.330078 -28.977858 54.824814
v -350.256531 -29.920763 55.051346
v -331.330078 -28.977858 54.824814
v -368.012726 -37.141293 55.539040
v -382.822662 -49.490093 56.220364
v -388.867767 -83.675293 182.081879
v -384.379791 -84.226677 172.446808
v -380.508148 -70.342987 173.294388
v -384.618683 -68.440506 183.011963
v -372.479340 -58.339973 174.029999
v -375.808594 -55.268906 183.819794
v -361.096527 -49.370415 174.583511
v -363.317444 -45.426544 184.427582
v -347.470154 -44.289585 174.901947
v -348.365173 -39.851181 184.777649
v -332.914520 -43.577492 174.954956
v -332.392639 -39.069843 184.836212
v -332.392639 -39.069843 184.836212
v -332.914520 -43.577492 174.954956
v -318.822693 -47.299953 174.737823
v -316.928772 -43.154335 184.598572
v -306.544434 -55.103069 174.271072
v -303.455811 -51.716988 184.087357
v -297.265411 -66.243530 173.598724
v -293.273224 -63.941833 183.350479
v -291.895630 -79.654488 172.786179
v -287.380707 -78.658585 182.458878
v -290.981384 -94.040833 171.911240
v -286.377960 -94.445183 181.498871
v -294.759827 -109.102943 170.991852
v -290.524017 -110.973358 180.489716
v -302.706543 -121.603485 170.225891
v -299.243958 -124.690781 179.648956
v -314.107330 -130.739731 169.662109
v -311.754303 -134.716095 179.029617
v -327.880310 -135.941528 169.336426
v -326.868134 -140.424393 178.671860
v -342.656464 -136.682678 169.281708
v -343.083038 -141.237778 178.610733
v -343.083038 -141.237778 178.610733
v -342.656464 -136.682678 169.281708
v -356.958191 -132.885849 169.503113
v -358.776886 -137.071640 178.853088
v -369.355286 -124.933998 169.978836
v -372.380615 -128.345291 179.374542
v -378.616760 -113.626839 170.661011
v -382.543549 -115.937508 180.122543
v -383.802765 -99.746140 171.502197
v -388.234314 -100.705711 181.045792
v -386.581451 -83.722313 122.608795
v -382.567078 -68.739281 122.587852
v -374.118927 -55.730106 122.543396
v -362.064240 -45.968517 122.480133
v -347.582977 -40.409401 122.404480
v -332.093018 -39.597713 122.323273
v -332.093018 -39.597713 122.323273
v -317.109985 -43.612537 122.245049
v -304.101227 -52.060642 122.176659
v -294.339233 -64.115372 122.125793
v -288.780548 -78.597031 122.096733
v -287.968842 -94.087425 122.092461
v -291.983246 -109.070457 122.113403
v -300.431366 -122.079628 122.157852
v -312.486084 -131.841217 122.220688
v -326.967316 -137.400345 122.296333
v -342.457703 -138.212021 122.377556
v -342.457703 -138.212021 122.377556
v -357.440338 -134.197205 122.456200
v -370.449493 -125.749092 122.524155
v -380.211060 -113.694366 122.575447
v -385.769745 -99.212708 122.604515
v -393.207886 -65.489548 57.016659
v -382.822662 -49.490093 56.220364
v -368.012726 -37.141293 55.539040
v -368.012726 -37.141293 55.539040
v -350.256531 -29.920763 55.051346
v -331.330078 -28.977858 54.824814
v -393.207886 -65.489548 57.016659
v -368.012726 -37.141293 55.539040
v -331.330078 -28.977858 54.824814
v -331.330078 -28.977858 54.824814
v -313.012238 -33.835140 54.856438
v -297.155975 -44.735394 55.174450
v -297.155975 -44.735394 55.174450
v -285.215790 -59.749199 55.709156
v -278.376526 -77.558815 56.415695
v -331.330078 -28.977858 54.824814
v -297.155975 -44.735394 55.174450
v -278.376526 -77.558815 56.415695
v -393.207886 -65.489548 57.016659
v -331.330078 -28.977858 54.824814
v -278.376526 -77.558815 56.415695
v -278.376526 -77.558815 56.415695
v -277.309692 -96.364326 57.221825
v -282.150299 -114.477409 58.055737
v -282.150299 -114.477409 58.055737
v -292.447876 -130.220840 58.840065
v -307.195374 -141.980209 59.495308
v -278.376526 -77.558815 56.415695
v -282.150299 -114.477409 58.055737
v -307.195374 -141.980209 59.495308
v -393.207886 -65.489548 57.016659
v -278.376526 -77.558815 56.415695
v -307.195374 -141.980209 59.495308
v -307.195374 -141.980209 59.495308
v -324.995605 -149.043884 59.976593
v -344.022949 -150.005173 60.204838
v -344.022949 -150.005173 60.204838
v -362.433960 -145.093185 60.171928
v -378.382080 -134.498108 59.868027
v -307.195374 -141.980209 59.495308
v -344.022949 -150.005173 60.204838
v -378.382080 -134.498108 59.868027
v -393.207886 -65.489548 57.016659
v -307.195374 -141.980209 59.495308
v -378.382080 -134.498108 59.868027
v -378.382080 -134.498108 59.868027
v -390.368469 -119.928818 59.352978
v -397.175232 -102.387642 58.657978
v -393.207886 -65.489548 57.016659
v -378.382080 -134.498108 59.868027
v -397.175232 -102.387642 58.657978
v -398.152344 -83.662903 57.854416
v -393.207886 -65.489548 57.016659
v -397.175232 -102.387642 58.657978
v -389.739288 -67.000076 61.375134
v -388.938263 -67.418953 28.554705
v -392.588928 -101.379761 30.194317
v -393.459167 -101.607155 63.013462
v -375.291382 -130.934219 31.412056
v -375.832062 -131.724106 64.236328
v -343.667328 -145.206436 31.762974
v -343.605774 -146.268173 64.596222
v -343.605774 -146.268173 64.596222
v -343.667328 -145.206436 31.762974
v -309.771942 -137.820496 31.069262
v -309.065826 -138.742035 63.912342
v -286.721191 -112.506973 29.639942
v -285.576538 -112.946365 62.489864
v -283.248352 -78.527786 28.001186
v -282.038300 -78.320061 60.852390
v -300.533508 -48.317230 26.752245
v -299.652588 -47.535042 59.598743
v -331.731842 -30.833319 26.393633
v -331.444611 -29.717735 59.230736
v -331.444611 -29.717735 59.230736
v -331.731842 -30.833319 26.393633
v -365.749512 -41.327515 27.087347
v -366.109406 -40.411964 59.914616
v -370.919678 -90.193138 -59.480778
v -368.426910 -80.649536 -59.493595
v -357.225311 -88.017532 -124.015450
v -358.757202 -93.961327 -123.742760
v -370.223358 -99.717918 -59.484196
v -358.381104 -100.070122 -123.481171
v -366.522278 -109.115341 -59.503429
v -356.149902 -105.749352 -123.256348
v -360.137390 -116.896225 -59.537197
v -352.293243 -110.454475 -123.089645
v -347.191040 -113.741806 -122.996895
v -351.697418 -122.329681 -59.581223
v -341.334412 -115.303200 -122.986641
v -342.012756 -124.910484 -59.632088
v -335.281647 -114.993324 -123.059303
v -332.002838 -124.399712 -59.684235
v -342.012756 -124.910484 -59.632088
v -341.334412 -115.303200 -122.986641
v -329.608826 -112.839088 -123.208473
v -322.617828 -120.840103 -59.733387
v -324.860107 -109.037971 -123.420052
v -314.754456 -114.556488 -59.774422
v -321.499237 -103.946465 -123.673943
v -309.180359 -106.134033 -59.803913
v -319.863892 -98.049248 -123.946213
v -306.518768 -96.961876 -59.817589
v -320.129333 -91.916519 -124.209930
v -306.973114 -87.108398 -59.815453
v -322.284851 -86.153946 -124.439034
v -310.550262 -77.750725 -59.796646
v -326.129578 -81.336418 -124.610428
v -316.912537 -69.754417 -59.763309
v -331.288605 -77.951622 -124.707031
v -325.461060 -64.133324 -59.718430
v -337.248657 -76.344063 -124.718575
v -335.344055 -61.464039 -59.666706
v -343.412140 -76.677460 -124.643349
v -345.565979 -62.020123 -59.613281
v -335.344055 -61.464039 -59.666706
v -337.248657 -76.344063 -124.718575
v -349.161041 -78.915466 -124.489899
v -355.096710 -65.740875 -59.563271
v -362.982330 -72.239906 -59.522240
v -353.921295 -82.828560 -124.273193
v -384.854645 -85.839363 27.389538
v -381.144592 -71.517128 27.370304
v -383.967316 -100.570213 27.384838
v -378.602264 -114.273964 27.357054
v -369.309113 -125.634552 27.308327
v -357.000916 -133.574448 27.243786
v -342.865021 -137.346481 27.169840
v -328.254303 -136.595917 27.093332
v -342.865021 -137.346481 27.169840
v -314.564240 -131.388580 27.021523
v -303.111755 -122.208290 26.961683
v -295.015411 -109.919334 26.919369
v -291.084381 -95.695404 26.898853
v -291.735779 -80.914543 26.902271
v -296.938843 -67.031708 26.929197
v -306.206757 -55.430901 26.977924
v -318.635895 -47.282001 27.042896
v -332.992310 -43.412079 27.118122
v -347.839478 -44.212646 27.195913
v -332.992310 -43.412079 27.118122
v -361.691498 -49.599087 27.268150
v -373.168793 -59.019157 27.328417
v -358.757202 -93.961327 -123.742760
v -357.225311 -88.017532 -124.015450
v -339.128052 -95.794998 -93.189400
v -358.381104 -100.070122 -123.481171
v -356.149902 -105.749352 -123.256348
v -352.293243 -110.454475 -123.089645
v -347.191040 -113.741806 -122.996895
v -341.334412 -115.303200 -122.986641
v -335.281647 -114.993324 -123.059303
v -341.334412 -115.303200 -122.986641
v -339.128052 -95.794998 -93.189400
v -329.608826 -112.839088 -123.208473
v -324.860107 -109.037971 -123.420052
v -321.499237 -103.946465 -123.673943
v -319.863892 -98.049248 -123.946213
v -320.129333 -91.916519 -124.209930
v -322.284851 -86.153946 -124.439034
v -326.129578 -81.336418 -124.610428
v -331.288605 -77.951622 -124.707031
v -337.248657 -76.344063 -124.718575
v -343.412140 -76.677460 -124.643349
v -337.248657 -76.344063 -124.718575
v -349.161041 -78.915466 -124.489899
v -353.921295 -82.828560 -124.273193
v -341.690063 -96.368179 -92.895752
v -341.548981 -94.739250 -92.896179
v -341.725952 -94.739250 -126.632164
v -341.866577 -96.368179 -126.559921
v -340.864685 -97.755608 -92.900032
v -341.040344 -97.755608 -126.507782
v -339.400299 -98.399734 -92.907722
v -339.575989 -98.399734 -126.494102
v -337.834229 -98.074036 -92.915848
v -339.400299 -98.399734 -92.907722
v -339.575989 -98.399734 -126.494102
v -338.009888 -98.074036 -126.523598
v -336.738312 -96.888779 -92.921402
v -336.914398 -96.888779 -126.585999
v -336.537415 -95.266273 -92.922684
v -336.713928 -95.266273 -126.658234
v -337.338409 -93.823700 -92.918404
v -337.515381 -93.823700 -126.712944
v -338.847656 -93.139816 -92.910294
v -339.024597 -93.139816 -126.727905
v -340.465454 -93.495010 -92.902176
v -338.847656 -93.139816 -92.910294
v -339.024597 -93.139816 -126.727905
v -340.642426 -93.495010 -126.696701
v -341.725952 -94.739250 -126.632164
v -340.642426 -93.495010 -126.696701
v -339.024597 -93.139816 -126.727905
v -339.024597 -93.139816 -126.727905
v -337.515381 -93.823700 -126.712944
v -336.713928 -95.266273 -126.658234
v -341.725952 -94.739250 -126.632164
v -339.024597 -93.139816 -126.727905
v -336.713928 -95.266273 -126.658234
v -336.713928 -95.266273 -126.658234
v -336.914398 -96.888779 -126.585999
v -338.009888 -98.074036 -126.523598
v -341.725952 -94.739250 -126.632164
v -336.713928 -95.266273 -126.658234
v -338.009888 -98.074036 -126.523598
v -338.009888 -98.074036 -126.523598
v -339.575989 -98.399734 -126.494102
v -341.040344 -97.755608 -126.507782
v -341.725952 -94.739250 -126.632164
v -338.009888 -98.074036 -126.523598
v -341.040344 -97.755608 -126.507782
v -341.866577 -96.368179 -126.559921
v -341.725952 -94.739250 -126.632164
v -341.040344 -97.755608 -126.507782
v -355.400208 -86.999825 122.445518
v -349.871002 -87.573433 136.476669
v -348.839203 -83.723167 136.471115
v -353.924316 -81.491997 122.437820
v -346.668732 -80.380692 136.459991
v -350.819061 -76.709946 122.421577
v -343.571167 -77.872543 136.443756
v -346.387909 -73.121262 122.398071
v -339.850403 -76.444084 136.424103
v -341.064270 -71.078163 122.370293
v -335.870209 -76.235497 136.403152
v -335.370117 -70.779388 122.340370
v -332.020355 -77.266876 136.383057
v -329.862274 -72.255295 122.311722
v -328.677460 -79.437782 136.365540
v -325.080231 -75.360977 122.286514
v -326.169312 -82.535347 136.352707
v -321.491974 -79.792114 122.267700
v -324.740845 -86.256096 136.345016
v -319.448456 -85.115730 122.257019
v -324.532257 -90.236305 136.343750
v -319.150116 -90.809906 122.255737
v -325.564056 -94.086571 136.349289
v -320.626007 -96.317734 122.263428
v -327.734558 -97.429047 136.360825
v -323.731689 -101.099792 122.279671
v -330.832123 -99.937195 136.377075
v -328.162842 -104.688477 122.302757
v -334.552856 -101.365662 136.396301
v -333.485992 -106.731583 122.330536
v -338.533081 -101.574242 136.417252
v -339.180206 -107.030350 122.360458
v -342.382904 -100.542854 136.437347
v -344.688019 -105.554443 122.389091
v -345.725800 -98.371956 136.454865
v -349.470093 -102.448753 122.414314
v -348.233978 -95.274391 136.468124
v -353.058350 -98.017616 122.433113
v -349.662415 -91.553635 136.475388
v -355.101868 -92.694008 122.443802
v -337.136230 -88.904869 148.928894
v -394.483734 -110.865654 122.650246
v -334.068176 -150.100479 122.333534
v -278.084595 -104.765411 122.040741
v -394.483734 -110.865654 122.650246
v -278.084595 -104.765411 122.040741
v -303.900360 -37.511444 122.175812
v -375.839355 -41.281780 122.552368
v -394.483734 -110.865654 122.650246
v -303.900360 -37.511444 122.175812
v -292.568817 -50.683044 56.358849
v -284.100220 -51.300674 117.094124
v -281.424927 -48.165924 108.599007
v -284.100220 -51.300674 117.094124
v -292.568817 -50.683044 56.358849
v -286.338226 -53.580570 121.352150
v -292.568817 -50.683044 56.358849
v -280.262787 -44.484493 85.626930
v -283.141052 -43.186825 55.943390
v -280.262787 -44.484493 85.626930
v -292.568817 -50.683044 56.358849
v -280.147797 -45.745403 96.865700
v -280.147797 -45.745403 96.865700
v -292.568817 -50.683044 56.358849
v -281.424927 -48.165924 108.599007
v -292.568817 -50.683044 56.358849
v -283.141052 -43.186825 55.943390
v -280.262787 -44.484493 85.626930
v -292.568817 -50.683044 56.358849
v -281.424927 -48.165924 108.599007
v -284.100220 -51.300674 117.094124
v -281.424927 -48.165924 108.599007
v -292.568817 -50.683044 56.358849
v -280.147797 -45.745403 96.865700
v -280.147797 -45.745403 96.865700
v -292.568817 -50.683044 56.358849
v -280.262787 -44.484493 85.626930
v -292.568817 -50.683044 56.358849
v -284.100220 -51.300674 117.094124
v -286.338226 -53.580570 121.352150
v 393.901581 -63.294708 127.669952
v 390.462067 -65.493393 165.360062
v 395.275757 -83.003807 164.290634
v 398.965302 -82.418228 127.696457
v 383.291962 -46.678047 127.614395
v 380.523956 -50.290661 166.292282
v 368.175568 -34.194611 127.535316
v 366.459869 -38.912121 166.994553
v 350.031708 -27.066832 127.440002
v 349.643616 -32.442158 167.400177
v 330.636353 -25.992279 127.338707
v 331.695099 -31.492413 167.470688
v 330.636353 -25.992279 127.338707
v 311.888519 -31.076099 127.240395
v 314.333435 -36.150944 167.199280
v 331.695099 -31.492413 167.470688
v 295.623230 -41.820339 127.155334
v 299.221313 -45.974934 166.612000
v 283.432587 -57.173527 127.091644
v 287.817535 -60.028313 165.764847
v 276.509521 -75.633255 127.055313
v 281.241150 -76.965973 164.738586
v 275.532440 -95.391502 127.050186
v 280.155914 -95.096153 163.635818
v 280.596161 -114.515450 127.076683
v 284.722565 -112.810883 162.554428
v 291.205780 -131.132111 127.132256
v 294.514893 -128.201675 161.611099
v 306.272583 -143.142822 127.211334
v 308.093842 -139.968323 160.885330
v 324.416443 -150.270599 127.306213
v 325.012695 -147.179871 160.434814
v 343.811371 -151.345154 127.407509
v 343.698944 -148.118073 160.364288
v 362.559174 -146.261765 127.505821
v 361.785553 -143.317215 160.643402
v 343.698944 -148.118073 160.364288
v 343.811371 -151.345154 127.407509
v 378.824951 -135.517090 127.590881
v 376.843384 -132.746506 161.276428
v 391.065155 -120.636215 127.654991
v 388.079163 -118.373840 162.143250
v 397.987793 -102.176491 127.691330
v 394.473877 -101.282310 163.178894
v 386.981110 -67.232597 179.392075
v 391.459686 -83.384644 178.404724
v 377.711914 -53.253162 180.253326
v 364.580475 -42.802135 180.904312
v 348.869537 -36.875431 181.283020
v 332.093872 -36.032974 181.353531
v 315.859344 -40.350842 181.109894
v 332.093872 -36.032974 181.353531
v 301.721313 -49.418285 180.574341
v 291.043762 -62.371040 179.798996
v 284.873444 -77.968712 178.857376
v 283.836060 -94.693520 177.841370
v 288.177002 -111.936783 176.787323
v 297.337646 -126.397507 175.897003
v 310.484436 -137.042999 175.234497
v 326.361237 -143.114609 174.846817
v 343.390350 -143.997681 174.773300
v 359.868530 -139.599457 175.022049
v 343.390350 -143.997681 174.773300
v 374.148041 -130.362320 175.567032
v 384.810608 -117.213806 176.354767
v 390.782227 -101.159203 177.324188
v 384.618683 -68.440506 183.011963
v 388.867340 -83.675293 182.081879
v 375.808594 -55.268906 183.819794
v 363.317444 -45.426544 184.427582
v 348.365173 -39.851181 184.777649
v 332.392212 -39.069843 184.836212
v 316.928772 -43.154335 184.598572
v 332.392212 -39.069843 184.836212
v 303.455383 -51.716988 184.087357
v 293.273224 -63.941833 183.350479
v 287.380707 -78.658585 182.458878
v 286.377533 -94.445183 181.498871
v 290.524017 -110.973358 180.489716
v 299.243958 -124.690781 179.648956
v 311.754303 -134.716095 179.029617
v 326.868134 -140.424393 178.671860
v 343.083038 -141.237778 178.610733
v 358.776459 -137.071640 178.853088
v 343.083038 -141.237778 178.610733
v 372.380157 -128.345291 179.374542
v 382.543549 -115.937508 180.122543
v 388.234314 -100.705711 181.045792
v 400.040710 -82.977303 87.205421
v 394.969269 -64.157257 87.176781
v 398.982849 -102.342758 87.202850
v 391.909332 -120.456268 87.167809
v 379.496429 -135.389297 87.104973
v 363.001587 -146.083939 87.019920
v 344.000732 -151.130585 86.921181
v 324.366425 -150.144501 86.817734
v 344.000732 -151.130585 86.921181
v 306.008423 -143.113754 86.720284
v 290.762085 -131.087234 86.638222
v 280.077271 -114.840729 86.580093
v 275.016083 -96.118134 86.550598
v 276.063721 -76.654808 86.554024
v 283.102997 -58.213455 86.592484
v 295.440277 -42.561069 86.659599
v 311.882996 -31.371450 86.745079
v 330.883423 -26.324818 86.844673
v 350.517700 -27.310465 86.947678
v 330.883423 -26.324818 86.844673
v 368.927856 -34.837032 87.044273
v 384.249847 -47.582054 87.122070
v 398.152344 -83.662903 57.854416
v 393.207886 -65.489548 57.016659
v 397.175232 -102.387642 58.657978
v 390.368469 -119.928818 59.352978
v 378.381683 -134.498108 59.868027
v 362.433960 -145.093185 60.171928
v 344.022522 -150.005173 60.204838
v 324.995178 -149.043884 59.976593
v 344.022522 -150.005173 60.204838
v 307.195374 -141.980209 59.495308
v 292.447449 -130.220840 58.840065
v 282.150299 -114.477409 58.055737
v 277.309692 -96.364326 57.221825
v 278.376099 -77.558815 56.415695
v 285.215790 -59.749199 55.709156
v 297.155975 -44.735394 55.174450
v 313.011810 -33.835140 54.856438
v 331.330078 -28.977858 54.824814
v 350.256104 -29.920763 55.051346
v 331.330078 -28.977858 54.824814
v 368.012726 -37.141293 55.539040
v 382.822662 -49.490093 56.220364
v 388.867340 -83.675293 182.081879
v 384.618683 -68.440506 183.011963
v 380.508148 -70.342987 173.294388
v 384.379791 -84.226677 172.446808
v 375.808594 -55.268906 183.819794
v 372.479340 -58.339973 174.029999
v 363.317444 -45.426544 184.427582
v 361.096100 -49.370415 174.583511
v 348.365173 -39.851181 184.777649
v 347.470154 -44.289585 174.901947
v 332.392212 -39.069843 184.836212
v 332.914124 -43.577492 174.954956
v 332.392212 -39.069843 184.836212
v 316.928772 -43.154335 184.598572
v 318.822266 -47.299953 174.737823
v 332.914124 -43.577492 174.954956
v 303.455383 -51.716988 184.087357
v 306.544434 -55.103069 174.271072
v 293.273224 -63.941833 183.350479
v 297.264984 -66.243530 173.598724
v 287.380707 -78.658585 182.458878
v 291.895630 -79.654488 172.786179
v 286.377533 -94.445183 181.498871
v 290.981384 -94.040833 171.911240
v 290.524017 -110.973358 180.489716
v 294.759827 -109.102943 170.991852
v 299.243958 -124.690781 179.648956
v 302.706543 -121.603485 170.225891
v 311.754303 -134.716095 179.029617
v 314.106903 -130.739731 169.662109
v 326.868134 -140.424393 178.671860
v 327.879883 -135.941528 169.336426
v 343.083038 -141.237778 178.610733
v 342.656464 -136.682678 169.281708
v 343.083038 -141.237778 178.610733
v 358.776459 -137.071640 178.853088
v 356.958191 -132.885849 169.503113
v 342.656464 -136.682678 169.281708
v 372.380157 -128.345291 179.374542
v 369.355286 -124.933998 169.978836
v 382.543549 -115.937508 180.122543
v 378.616760 -113.626839 170.661011
v 388.234314 -100.705711 181.045792
v 383.802765 -99.746140 171.502197
v 386.581451 -83.722313 122.608795
v 382.566620 -68.739281 122.587852
v 374.118530 -55.730106 122.543396
v 362.064240 -45.968517 122.480133
v 347.582977 -40.409401 122.404480
v 332.092590 -39.597713 122.323273
v 317.109985 -43.612537 122.245049
v 332.092590 -39.597713 122.323273
v 304.100800 -52.060642 122.176659
v 294.339233 -64.115372 122.125793
v 288.780548 -78.597031 122.096733
v 287.968414 -94.087425 122.092461
v 291.983246 -109.070457 122.113403
v 300.431366 -122.079628 122.157852
v 312.486084 -131.841217 122.220688
v 326.967316 -137.400345 122.296333
v 342.457275 -138.212021 122.377556
v 342.457275 -138.212021 122.377556
v 357.440338 -134.197205 122.456200
v 370.449066 -125.749092 122.524155
v 380.211060 -113.694366 122.575447
v 385.769745 -99.212708 122.604515
v 397.175232 -102.387642 58.657978
v 390.368469 -119.928818 59.352978
v 378.381683 -134.498108 59.868027
v 378.381683 -134.498108 59.868027
v 362.433960 -145.093185 60.171928
v 344.022522 -150.005173 60.204838
v 344.022522 -150.005173 60.204838
v 324.995178 -149.043884 59.976593
v 307.195374 -141.980209 59.495308
v 378.381683 -134.498108 59.868027
v 344.022522 -150.005173 60.204838
v 307.195374 -141.980209 59.495308
v 307.195374 -141.980209 59.495308
v 292.447449 -130.220840 58.840065
v 282.150299 -114.477409 58.055737
v 282.150299 -114.477409 58.055737
v 277.309692 -96.364326 57.221825
v 278.376099 -77.558815 56.415695
v 307.195374 -141.980209 59.495308
v 282.150299 -114.477409 58.055737
v 278.376099 -77.558815 56.415695
v 278.376099 -77.558815 56.415695
v 285.215790 -59.749199 55.709156
v 297.155975 -44.735394 55.174450
v 297.155975 -44.735394 55.174450
v 313.011810 -33.835140 54.856438
v 331.330078 -28.977858 54.824814
v 278.376099 -77.558815 56.415695
v 297.155975 -44.735394 55.174450
v 331.330078 -28.977858 54.824814
v 331.330078 -28.977858 54.824814
v 350.256104 -29.920763 55.051346
v 368.012726 -37.141293 55.539040
v 368.012726 -37.141293 55.539040
v 382.822662 -49.490093 56.220364
v 393.207886 -65.489548 57.016659
v 331.330078 -28.977858 54.824814
v 368.012726 -37.141293 55.539040
v 393.207886 -65.489548 57.016659
v 278.376099 -77.558815 56.415695
v 331.330078 -28.977858 54.824814
v 393.207886 -65.489548 57.016659
v 307.195374 -141.980209 59.495308
v 278.376099 -77.558815 56.415695
v 393.207886 -65.489548 57.016659
v 378.381683 -134.498108 59.868027
v 307.195374 -141.980209 59.495308
v 393.207886 -65.489548 57.016659
v 397.175232 -102.387642 58.657978
v 378.381683 -134.498108 59.868027
v 393.207886 -65.489548 57.016659
v 398.152344 -83.662903 57.854416
v 397.175232 -102.387642 58.657978
v 393.207886 -65.489548 57.016659
v 389.738861 -67.000076 61.375134
v 393.459167 -101.607155 63.013462
v 392.588928 -101.379761 30.194317
v 388.937866 -67.418953 28.554705
v 375.831665 -131.724106 64.236328
v 375.291382 -130.934219 31.412056
v 343.605774 -146.268173 64.596222
v 343.667328 -145.206436 31.762974
v 343.605774 -146.268173 64.596222
v 309.065399 -138.742035 63.912342
v 309.771942 -137.820496 31.069262
v 343.667328 -145.206436 31.762974
v 285.576538 -112.946365 62.489864
v 286.721191 -112.506973 29.639942
v 282.037872 -78.320061 60.852390
v 283.248352 -78.527786 28.001186
v 299.652588 -47.535042 59.598743
v 300.533508 -48.317230 26.752245
v 331.444611 -29.717735 59.230736
v 331.731842 -30.833319 26.393633
v 331.444611 -29.717735 59.230736
v 366.109406 -40.411964 59.914616
v 365.749054 -41.327515 27.087347
v 331.731842 -30.833319 26.393633
v 370.919678 -90.193138 -59.480778
v 358.757202 -93.961327 -123.742760
v 357.225311 -88.017532 -124.015450
v 368.426910 -80.649536 -59.493595
v 370.223358 -99.717918 -59.484196
v 358.381104 -100.070122 -123.481171
v 366.522278 -109.115341 -59.503429
v 356.149902 -105.749352 -123.256348
v 360.136932 -116.896225 -59.537197
v 352.293243 -110.454475 -123.089645
v 347.191040 -113.741806 -122.996895
v 351.696991 -122.329681 -59.581223
v 341.334412 -115.303200 -122.986641
v 342.012329 -124.910484 -59.632088
v 335.281647 -114.993324 -123.059303
v 341.334412 -115.303200 -122.986641
v 342.012329 -124.910484 -59.632088
v 332.002838 -124.399712 -59.684235
v 329.608398 -112.839088 -123.208473
v 322.617401 -120.840103 -59.733387
v 324.860107 -109.037971 -123.420052
v 314.754456 -114.556488 -59.774422
v 321.499237 -103.946465 -123.673943
v 309.180359 -106.134033 -59.803913
v 319.863892 -98.049248 -123.946213
v 306.518768 -96.961876 -59.817589
v 320.129333 -91.916519 -124.209930
v 306.973114 -87.108398 -59.815453
v 322.284851 -86.153946 -124.439034
v 310.549835 -77.750725 -59.796646
v 326.129578 -81.336418 -124.610428
v 316.912109 -69.754417 -59.763309
v 331.288605 -77.951622 -124.707031
v 325.461060 -64.133324 -59.718430
v 337.248657 -76.344063 -124.718575
v 335.344055 -61.464039 -59.666706
v 343.412140 -76.677460 -124.643349
v 337.248657 -76.344063 -124.718575
v 335.344055 -61.464039 -59.666706
v 345.565979 -62.020123 -59.613281
v 349.160614 -78.915466 -124.489899
v 355.096710 -65.740875 -59.563271
v 362.982330 -72.239906 -59.522240
v 353.921295 -82.828560 -124.273193
v 384.854645 -85.839363 27.389538
v 381.144592 -71.517128 27.370304
v 383.966858 -100.570213 27.384838
v 378.602264 -114.273964 27.357054
v 369.308685 -125.634552 27.308327
v 357.000488 -133.574448 27.243786
v 342.865021 -137.346481 27.169840
v 342.865021 -137.346481 27.169840
v 328.254303 -136.595917 27.093332
v 314.563812 -131.388580 27.021523
v 303.111755 -122.208290 26.961683
v 295.014984 -109.919334 26.919369
v 291.084381 -95.695404 26.898853
v 291.735352 -80.914543 26.902271
v 296.938416 -67.031708 26.929197
v 306.206757 -55.430901 26.977924
v 318.635895 -47.282001 27.042896
v 332.992310 -43.412079 27.118122
v 332.992310 -43.412079 27.118122
v 347.839478 -44.212646 27.195913
v 361.691101 -49.599087 27.268150
v 373.168793 -59.019157 27.328417
v 358.757202 -93.961327 -123.742760
v 339.128052 -95.794998 -93.189400
v 357.225311 -88.017532 -124.015450
v 358.381104 -100.070122 -123.481171
v 356.149902 -105.749352 -123.256348
v 352.293243 -110.454475 -123.089645
v 347.191040 -113.741806 -122.996895
v 341.334412 -115.303200 -122.986641
v 335.281647 -114.993324 -123.059303
v 339.128052 -95.794998 -93.189400
v 341.334412 -115.303200 -122.986641
v 329.608398 -112.839088 -123.208473
v 324.860107 -109.037971 -123.420052
v 321.499237 -103.946465 -123.673943
v 319.863892 -98.049248 -123.946213
v 320.129333 -91.916519 -124.209930
v 322.284851 -86.153946 -124.439034
v 326.129578 -81.336418 -124.610428
v 331.288605 -77.951622 -124.707031
v 337.248657 -76.344063 -124.718575
v 343.412140 -76.677460 -124.643349
v 337.248657 -76.344063 -124.718575
v 349.160614 -78.915466 -124.489899
v 353.921295 -82.828560 -124.273193
v 341.690063 -96.368179 -92.895752
v 341.866150 -96.368179 -126.559921
v 341.725525 -94.739250 -126.632164
v 341.548981 -94.739250 -92.896179
v 340.864258 -97.755608 -92.900032
v 341.040344 -97.755608 -126.507782
v 339.400299 -98.399734 -92.907722
v 339.575989 -98.399734 -126.494102
v 337.833801 -98.074036 -92.915848
v 338.009888 -98.074036 -126.523598
v 339.575989 -98.399734 -126.494102
v 339.400299 -98.399734 -92.907722
v 336.737885 -96.888779 -92.921402
v 336.914398 -96.888779 -126.585999
v 336.537415 -95.266273 -92.922684
v 336.713928 -95.266273 -126.658234
v 337.338409 -93.823700 -92.918404
v 337.515381 -93.823700 -126.712944
v 338.847229 -93.139816 -92.910294
v 339.024170 -93.139816 -126.727905
v 340.465454 -93.495010 -92.902176
v 340.642426 -93.495010 -126.696701
v 339.024170 -93.139816 -126.727905
v 338.847229 -93.139816 -92.910294
v 341.040344 -97.755608 -126.507782
v 339.575989 -98.399734 -126.494102
v 338.009888 -98.074036 -126.523598
v 338.009888 -98.074036 -126.523598
v 336.914398 -96.888779 -126.585999
v 336.713928 -95.266273 -126.658234
v 336.713928 -95.266273 -126.658234
v 337.515381 -93.823700 -126.712944
v 339.024170 -93.139816 -126.727905
v 339.024170 -93.139816 -126.727905
v 340.642426 -93.495010 -126.696701
v 341.725525 -94.739250 -126.632164
v 336.713928 -95.266273 -126.658234
v 339.024170 -93.139816 -126.727905
v 341.725525 -94.739250 -126.632164
v 338.009888 -98.074036 -126.523598
v 336.713928 -95.266273 -126.658234
v 341.725525 -94.739250 -126.632164
v 341.040344 -97.755608 -126.507782
v 338.009888 -98.074036 -126.523598
v 341.725525 -94.739250 -126.632164
v 341.866150 -96.368179 -126.559921
v 341.040344 -97.755608 -126.507782
v 341.725525 -94.739250 -126.632164
v 355.400208 -86.999825 122.445518
v 353.924316 -81.491997 122.437820
v 348.839203 -83.723167 136.471115
v 349.870575 -87.573433 136.476669
v 350.819061 -76.709946 122.421577
v 346.668304 -80.380692 136.459991
v 346.387451 -73.121262 122.398071
v 343.571167 -77.872543 136.443756
v 341.064270 -71.078163 122.370293
v 339.849976 -76.444084 136.424103
v 335.370117 -70.779388 122.340370
v 335.869781 -76.235497 136.403152
v 329.862274 -72.255295 122.311722
v 332.019928 -77.266876 136.383057
v 325.080231 -75.360977 122.286514
v 328.677460 -79.437782 136.365540
v 321.491974 -79.792114 122.267700
v 326.168884 -82.535347 136.352707
v 319.448456 -85.115730 122.257019
v 324.740845 -86.256096 136.345016
v 319.150116 -90.809906 122.255737
v 324.532257 -90.236305 136.343750
v 320.626007 -96.317734 122.263428
v 325.563629 -94.086571 136.349289
v 323.731262 -101.099792 122.279671
v 327.734558 -97.429047 136.360825
v 328.162842 -104.688477 122.302757
v 330.832123 -99.937195 136.377075
v 333.485992 -106.731583 122.330536
v 334.552856 -101.365662 136.396301
v 339.180206 -107.030350 122.360458
v 338.533081 -101.574242 136.417252
v 344.688019 -105.554443 122.389091
v 342.382904 -100.542854 136.437347
v 349.470093 -102.448753 122.414314
v 345.725403 -98.371956 136.454865
v 353.058350 -98.017616 122.433113
v 348.233978 -95.274391 136.468124
v 355.101868 -92.694008 122.443802
v 349.661987 -91.553635 136.475388
v 337.135803 -88.904869 148.928894
v 278.084167 -104.765411 122.040741
v 334.068176 -150.100479 122.333534
v 394.483734 -110.865654 122.650246
v 303.900360 -37.511444 122.175812
v 278.084167 -104.765411 122.040741
v 394.483734 -110.865654 122.650246
v 375.838928 -41.281780 122.552368
v 303.900360 -37.511444 122.175812
v 394.483734 -110.865654 122.650246
v 292.569244 -50.683044 56.358849
v 281.425354 -48.165924 108.599007
v 284.100647 -51.300674 117.094124
v 284.100647 -51.300674 117.094124
v 286.338654 -53.580570 121.352150
v 292.569244 -50.683044 56.358849
v 292.569244 -50.683044 56.358849
v 283.141052 -43.186825 55.943390
v 280.262787 -44.484493 85.626930
v 280.262787 -44.484493 85.626930
v 280.147797 -45.745403 96.865700
v 292.569244 -50.683044 56.358849
v 280.147797 -45.745403 96.865700
v 281.425354 -48.165924 108.599007
v 292.569244 -50.683044 56.358849
v 292.569244 -50.683044 56.358849
v 280.262787 -44.484493 85.626930
v 283.141052 -43.186825 55.943390
v 292.569244 -50.683044 56.358849
v 284.100647 -51.300674 117.094124
v 281.425354 -48.165924 108.599007
v 281.425354 -48.165924 108.599007
v 280.147797 -45.745403 96.865700
v 292.569244 -50.683044 56.358849
v 280.147797 -45.745403 96.865700
v 280.262787 -44.484493 85.626930
v 292.569244 -50.683044 56.358849
v 292.569244 -50.683044 56.358849
v 286.338654 -53.580570 121.352150
v 284.100647 -51.300674 117.094124
v 316.738129 -26.783875 27.336536
v 317.007812 -26.512884 -29.646355
v 325.418762 -59.617126 -29.602327
v 322.147644 -48.637375 27.364748
v 344.356323 -57.626598 -29.503166
v 345.701019 -23.497387 -29.496326
v 345.405243 -23.525597 27.486563
v 344.682892 -46.268570 27.483145
v 344.441803 -19.755688 -29.502739
v 344.273438 -20.996082 27.480579
v 344.273438 -20.996082 27.480579
v 344.441803 -19.755688 -29.502739
v 341.373749 -16.626921 -29.518982
v 341.205780 -17.867315 27.464766
v 337.213593 -15.573312 -29.540779
v 337.045624 -16.813278 27.442968
v 323.662018 -16.997499 -29.611731
v 323.494049 -18.237894 27.372013
v 319.811768 -18.893139 -29.631823
v 319.643768 -20.133533 27.351925
v 317.461761 -22.591669 -29.644217
v 317.293762 -23.831635 27.339531
v 317.461761 -22.591669 -29.644217
v 317.293762 -23.831635 27.339531
v 318.360199 -35.937229 78.290138
v 316.698792 -28.139673 78.281593
v 345.223145 -25.141699 78.430763
v 345.219330 -33.114071 78.430763
v 344.316589 -23.078079 78.426064
v 344.316589 -23.078079 78.426064
v 341.607544 -21.347427 78.411957
v 338.200531 -20.658842 78.394005
v 322.636200 -22.295034 78.312370
v 319.446747 -23.676477 78.295692
v 317.156555 -25.932865 78.283730
v 317.156555 -25.932865 78.283730
v 316.807373 -29.924183 107.612076
v 345.184662 -26.941595 107.760826
v 344.521759 -26.886028 115.739174
v 344.521759 -26.886028 115.739174
v 341.874695 -26.712494 118.492661
v 330.692780 -26.084175 118.434105
v 317.361328 -29.740816 115.596840
v 319.886139 -29.023592 118.377266
v 317.361328 -29.740816 115.596840
v 331.585236 -75.246002 -116.011024
v 342.469238 -74.102211 -115.954178
v 342.271362 -75.606750 -115.976830
v 342.271362 -75.606750 -115.976830
v 332.091736 -76.676605 -116.030266
v 331.585236 -75.246002 -116.011024
v 319.427063 -29.301420 -115.649414
v 331.585236 -75.246002 -116.011024
v 344.805145 -26.633848 -115.516487
v 342.271362 -75.606750 -115.976830
v 342.469238 -74.102211 -115.954178
v 340.145752 -75.442619 -140.406860
v 340.145752 -75.442619 -140.406860
v 342.469238 -74.102211 -115.954178
v 331.585236 -75.246002 -116.011024
v 334.390015 -76.047424 -140.437210
v 322.940948 -30.113104 -163.181473
v 334.390015 -76.047424 -140.437210
v 337.289673 -74.801903 -163.531525
v 342.029449 -28.106762 -163.081451
v 337.289673 -74.801903 -163.531525
v 337.289673 -74.801903 -163.531525
v 332.091736 -76.676605 -116.030266
v 333.675781 -36.765156 -236.859238
v 334.723846 -27.777641 -236.428391
v 330.777832 -28.192247 -236.448914
v 333.675781 -36.765156 -236.859238
v 333.264587 -32.595604 -242.002899
v 332.790161 -27.895611 -245.739899
v 333.264587 -32.595604 -242.002899
v 332.790161 -27.895611 -245.739899
v -105.593040 -60.668526 -265.097778
v -105.592995 -63.183300 -278.015228
v -314.121338 -25.404451 -296.328339
v -315.416077 -22.989950 -278.566345
v -318.354980 -28.855946 -242.976868
v -318.418335 -30.790064 -245.602341
v -105.592995 -69.287170 -232.572159
v -105.592796 -67.275101 -229.957382
v -317.928558 -25.672195 -246.207001
v -318.354980 -28.855946 -242.976868
v -105.592796 -67.275101 -229.957382
v -105.592613 -64.089119 -233.198639
v -316.623322 -22.678249 -260.997711
v -105.592834 -61.096359 -248.013611
v -105.592995 -63.183300 -278.015228
v -105.593040 -60.668526 -265.097778
v -105.592834 -61.096359 -248.013611
v -105.592827 -65.135887 -272.720612
v -105.592995 -63.183300 -278.015228
v -105.592834 -61.096359 -248.013611
v -105.592834 -61.096359 -248.013611
v -105.592613 -64.089119 -233.198639
v -105.592796 -67.275101 -229.957382
v -105.592827 -65.135887 -272.720612
v -105.592834 -61.096359 -248.013611
v -105.592796 -67.275101 -229.957382
v -105.592827 -65.135887 -272.720612
v -105.592796 -67.275101 -229.957382
v -105.592995 -69.287170 -232.572159
v -105.592827 -65.135887 -272.720612
v -105.592995 -69.287170 -232.572159
v -105.592781 -66.968964 -273.808319
v -318.418335 -30.790064 -245.602341
v -314.584900 -28.829369 -292.599884
v -105.592781 -66.968964 -273.808319
v -105.592781 -66.968964 -273.808319
v -105.592995 -69.287170 -232.572159
v -318.418335 -30.790064 -245.602341
v -314.564423 -26.877960 -291.156342
v -314.584900 -28.829369 -292.599884
v -318.418335 -30.790064 -245.602341
v -318.354980 -28.855946 -242.976868
v -317.928558 -25.672195 -246.207001
v -316.623322 -22.678249 -260.997711
v -315.416077 -22.989950 -278.566345
v -314.121338 -25.404451 -296.328339
v -314.584900 -28.829369 -292.599884
v -314.564423 -26.877960 -291.156342
v -105.592827 -65.135887 -272.720612
v -105.592781 -66.968964 -273.808319
v -105.592995 -63.183300 -278.015228
v -314.121338 -25.404451 -296.328339
v -177.720413 -69.041763 -282.560974
v -177.720566 -69.041946 -284.471313
v -174.059830 -54.434292 -280.017578
v -175.149094 -54.459213 -276.934235
v -177.720413 -69.041763 -282.560974
v -175.149094 -54.459213 -276.934235
v -176.164200 -54.061356 -280.195251
v -177.720566 -69.041946 -284.471313
v -177.720566 -69.041946 -284.471313
v -176.164200 -54.061356 -280.195251
v -174.059830 -54.434292 -280.017578
v -263.181427 -52.979958 -243.565109
v -260.943024 -40.286533 -278.978241
v -264.170715 -39.717461 -278.978455
v -264.170715 -39.717461 -278.978455
v -266.409149 -52.410885 -243.564880
v -263.181427 -52.979958 -243.565109
v -263.244568 -53.339123 -264.505432
v -266.472229 -52.770050 -264.505646
v -265.395569 -46.662354 -281.545288
v -265.395569 -46.662354 -281.545288
v -262.167847 -47.231426 -281.545074
v -263.244568 -53.339123 -264.505432
v -263.181427 -52.979958 -243.565109
v -263.244568 -53.339123 -264.505432
v -262.167847 -47.231426 -281.545074
v -262.167847 -47.231426 -281.545074
v -260.943024 -40.286533 -278.978241
v -263.181427 -52.979958 -243.565109
v -264.170715 -39.717461 -278.978455
v -265.395569 -46.662354 -281.545288
v -266.472229 -52.770050 -264.505646
v -266.472229 -52.770050 -264.505646
v -266.409149 -52.410885 -243.564880
v -264.170715 -39.717461 -278.978455
v -260.943024 -40.286533 -278.978241
v -261.111877 -41.244175 -293.470367
v -264.339600 -40.675106 -293.470154
v -264.339600 -40.675106 -293.470154
v -264.170715 -39.717461 -278.978455
v -260.943024 -40.286533 -278.978241
v -264.170715 -39.717461 -278.978455
v -264.339600 -40.675106 -293.470154
v -265.501099 -47.261520 -290.667847
v -265.501099 -47.261520 -290.667847
v -265.395569 -46.662354 -281.545288
v -264.170715 -39.717461 -278.978455
v -265.395569 -46.662354 -281.545288
v -265.501099 -47.261520 -290.667847
v -262.273376 -47.830589 -290.667664
v -262.273376 -47.830589 -290.667664
v -262.167847 -47.231426 -281.545074
v -265.395569 -46.662354 -281.545288
v -262.167847 -47.231426 -281.545074
v -262.273376 -47.830589 -290.667664
v -261.111877 -41.244175 -293.470367
v -261.111877 -41.244175 -293.470367
v -260.943024 -40.286533 -278.978241
v -262.167847 -47.231426 -281.545074
v -105.592804 -65.937393 -292.162170
v -105.592834 -66.968994 -273.808655
v -314.585052 -28.829721 -292.600006
v -314.585052 -28.829721 -292.600006
v -312.779480 -27.906147 -314.735504
v -105.592804 -65.937393 -292.162170
v -314.585052 -28.829721 -292.600006
v -314.564575 -26.878098 -291.156677
v -314.121490 -25.404438 -296.328888
v -312.779480 -27.906147 -314.735504
v -312.779480 -27.906147 -314.735504
v -314.121490 -25.404438 -296.328888
v -105.592796 -63.183121 -278.015167
v -105.592804 -65.937393 -292.162170
v -105.592796 -63.183121 -278.015167
v -105.592926 -65.135582 -272.720764
v -105.592834 -66.968994 -273.808655
v -105.592834 -66.968994 -273.808655
v -105.592804 -65.937393 -292.162170
v -105.592796 -63.183121 -278.015167
v -105.592834 -66.968994 -273.808655
v -105.592926 -65.135582 -272.720764
v -314.564575 -26.878098 -291.156677
v -314.585052 -28.829721 -292.600006
v -314.564575 -26.878098 -291.156677
v -105.592926 -65.135582 -272.720764
v -261.577911 -50.700184 -307.528442
v -260.758087 -53.917629 -288.030884
v -269.762390 -52.279991 -288.818634
v -267.922546 -49.581169 -307.528564
v -255.488449 -39.537621 -287.569519
v -257.668091 -51.874386 -287.760345
v -259.212708 -49.076099 -307.528625
v -257.459229 -38.047264 -308.585022
v -259.212708 -49.076099 -307.528625
v -257.668091 -51.874386 -287.760345
v -262.613586 -46.857300 -320.426147
v -265.621490 -46.326683 -320.426239
v -260.952148 -46.118477 -320.426086
v -260.027069 -40.638348 -320.426178
v -267.342682 -36.223228 -309.738922
v -257.459229 -38.047264 -308.585022
v -260.387939 -40.115570 -320.426025
v -265.329102 -39.128983 -320.426117
v -267.342682 -36.223228 -309.738922
v -265.932617 -39.438950 -320.426331
v -266.930023 -45.064548 -320.426300
v -269.582916 -47.247459 -307.528503
v -269.582916 -47.247459 -307.528503
v -266.930023 -45.064548 -320.426300
v -260.952148 -46.118477 -320.426086
v -260.027069 -40.638348 -320.426178
v -265.932617 -39.438950 -320.426331
v -263.029205 -43.070518 -329.380432
v -263.414520 -42.566780 -329.860107
v -262.874176 -42.192360 -329.380219
v -263.794189 -42.030163 -329.380127
v -263.414520 -42.566780 -329.860107
v -263.949188 -42.908318 -329.380341
v -263.293152 -41.878014 -329.380127
v -262.874176 -42.192360 -329.380219
v -263.414520 -42.566780 -329.860107
v -263.794189 -42.030163 -329.380127
v -263.029205 -43.070518 -329.380432
v -263.536285 -43.255886 -329.380524
v -263.414520 -42.566780 -329.860107
v -263.949188 -42.908318 -329.380341
v -271.937103 -49.268375 -289.008606
v -269.802032 -37.046417 -288.821777
v -271.937103 -49.268375 -289.008606
v -269.762390 -52.279991 -288.818634
v -260.758087 -53.917629 -288.030884
v -257.668091 -51.874386 -287.760345
v -271.937103 -49.268375 -289.008606
v -269.762390 -52.279991 -288.818634
v -257.668091 -51.874386 -287.760345
v -269.802032 -37.046417 -288.821777
v -271.937103 -49.268375 -289.008606
v -257.668091 -51.874386 -287.760345
v -255.488449 -39.537621 -287.569519
v -269.802032 -37.046417 -288.821777
v -257.668091 -51.874386 -287.760345
v -174.059799 -54.433975 -280.017731
v -177.720886 -69.041916 -284.471924
v -177.720932 -69.041779 -286.882050
v -174.922989 -53.174610 -299.160400
v -176.164169 -54.061432 -280.195343
v -174.922989 -53.174610 -299.160400
v -177.720932 -69.041779 -286.882050
v -177.720886 -69.041916 -284.471924
v -177.720886 -69.041916 -284.471924
v -174.059799 -54.433975 -280.017731
v -176.164169 -54.061432 -280.195343
v 105.593094 -60.668484 -265.097778
v 315.416321 -22.989918 -278.566345
v 314.121521 -25.404404 -296.328766
v 105.593048 -63.183254 -278.015228
v 318.355164 -28.855949 -242.977295
v 105.592834 -67.275093 -229.957397
v 105.593048 -69.287163 -232.572159
v 318.418549 -30.790064 -245.602341
v 317.928802 -25.672195 -246.207001
v 105.592659 -64.089111 -233.198639
v 105.592834 -67.275093 -229.957397
v 318.355164 -28.855949 -242.977295
v 316.623535 -22.678236 -260.997711
v 105.592957 -61.096760 -248.013611
v 105.592865 -65.135849 -272.720612
v 105.592834 -66.968918 -273.808319
v 105.593048 -69.287163 -232.572159
v 105.592865 -65.135849 -272.720612
v 105.593048 -69.287163 -232.572159
v 105.592834 -67.275093 -229.957397
v 105.592834 -67.275093 -229.957397
v 105.592659 -64.089111 -233.198639
v 105.592957 -61.096760 -248.013611
v 105.592865 -65.135849 -272.720612
v 105.592834 -67.275093 -229.957397
v 105.592957 -61.096760 -248.013611
v 105.592957 -61.096760 -248.013611
v 105.593094 -60.668484 -265.097778
v 105.593048 -63.183254 -278.015228
v 105.592865 -65.135849 -272.720612
v 105.592957 -61.096760 -248.013611
v 105.593048 -63.183254 -278.015228
v 318.418549 -30.790064 -245.602341
v 105.593048 -69.287163 -232.572159
v 105.592834 -66.968918 -273.808319
v 105.592834 -66.968918 -273.808319
v 314.585175 -28.829741 -292.599884
v 318.418549 -30.790064 -245.602341
v 315.416321 -22.989918 -278.566345
v 316.623535 -22.678236 -260.997711
v 317.928802 -25.672195 -246.207001
v 318.355164 -28.855949 -242.977295
v 318.418549 -30.790064 -245.602341
v 314.585175 -28.829741 -292.599884
v 314.564606 -26.877914 -291.156769
v 314.121521 -25.404404 -296.328766
v 314.585175 -28.829741 -292.599884
v 105.592834 -66.968918 -273.808319
v 105.592865 -65.135849 -272.720612
v 314.564606 -26.877914 -291.156769
v 105.593048 -63.183254 -278.015228
v 314.121521 -25.404404 -296.328766
v 177.720520 -69.041718 -282.560974
v 175.149200 -54.459171 -276.934235
v 174.059937 -54.434246 -280.017578
v 177.720657 -69.041893 -284.471283
v 177.720520 -69.041718 -282.560974
v 177.720657 -69.041893 -284.471283
v 176.164307 -54.061306 -280.195221
v 175.149200 -54.459171 -276.934235
v 177.720657 -69.041893 -284.471283
v 174.059937 -54.434246 -280.017578
v 176.164307 -54.061306 -280.195221
v 263.181183 -52.980026 -243.565063
v 266.409332 -52.410881 -243.564880
v 264.170898 -39.717422 -278.978455
v 264.170898 -39.717422 -278.978455
v 260.943207 -40.286495 -278.978241
v 263.181183 -52.980026 -243.565063
v 263.244690 -53.339096 -264.505859
v 262.167694 -47.231880 -281.545044
v 265.395325 -46.662388 -281.545258
v 265.395325 -46.662388 -281.545258
v 266.472412 -52.770023 -264.505646
v 263.244690 -53.339096 -264.505859
v 263.181183 -52.980026 -243.565063
v 260.943207 -40.286495 -278.978241
v 262.167694 -47.231880 -281.545044
v 262.167694 -47.231880 -281.545044
v 263.244690 -53.339096 -264.505859
v 263.181183 -52.980026 -243.565063
v 264.170898 -39.717422 -278.978455
v 266.409332 -52.410881 -243.564880
v 266.472412 -52.770023 -264.505646
v 266.472412 -52.770023 -264.505646
v 265.395325 -46.662388 -281.545258
v 264.170898 -39.717422 -278.978455
v 260.943207 -40.286495 -278.978241
v 264.170898 -39.717422 -278.978455
v 264.339874 -40.675472 -293.470154
v 264.339874 -40.675472 -293.470154
v 261.112152 -41.244541 -293.470367
v 260.943207 -40.286495 -278.978241
v 264.170898 -39.717422 -278.978455
v 265.395325 -46.662388 -281.545258
v 265.501343 -47.261890 -290.667847
v 265.501343 -47.261890 -290.667847
v 264.339874 -40.675472 -293.470154
v 264.170898 -39.717422 -278.978455
v 265.395325 -46.662388 -281.545258
v 262.167694 -47.231880 -281.545044
v 262.273621 -47.830963 -290.668060
v 262.273621 -47.830963 -290.668060
v 265.501343 -47.261890 -290.667847
v 265.395325 -46.662388 -281.545258
v 262.167694 -47.231880 -281.545044
v 260.943207 -40.286495 -278.978241
v 261.112152 -41.244541 -293.470367
v 261.112152 -41.244541 -293.470367
v 262.273621 -47.830963 -290.668060
v 262.167694 -47.231880 -281.545044
v 105.592842 -65.937241 -292.162262
v 312.779510 -27.906466 -314.735626
v 314.585419 -28.829571 -292.600128
v 314.585419 -28.829571 -292.600128
v 105.592896 -66.968872 -273.808319
v 105.592842 -65.937241 -292.162262
v 314.585419 -28.829571 -292.600128
v 312.779510 -27.906466 -314.735626
v 314.121429 -25.404360 -296.328949
v 314.564484 -26.878023 -291.156738
v 312.779510 -27.906466 -314.735626
v 105.592842 -65.937241 -292.162262
v 105.592812 -63.182995 -278.015289
v 314.121429 -25.404360 -296.328949
v 105.592812 -63.182995 -278.015289
v 105.592842 -65.937241 -292.162262
v 105.592896 -66.968872 -273.808319
v 105.592896 -66.968872 -273.808319
v 105.593018 -65.135880 -272.720856
v 105.592812 -63.182995 -278.015289
v 105.592896 -66.968872 -273.808319
v 314.585419 -28.829571 -292.600128
v 314.564484 -26.878023 -291.156738
v 105.593018 -65.135880 -272.720856
v 314.564484 -26.878023 -291.156738
v 105.593018 -65.135880 -272.720856
v 261.577789 -50.700081 -307.528503
v 267.922913 -49.581413 -307.528687
v 269.762268 -52.279911 -288.818695
v 260.757965 -53.917553 -288.030518
v 255.488708 -39.537476 -287.569611
v 257.459167 -38.047592 -308.585114
v 259.212982 -49.075924 -307.528748
v 257.668396 -51.874233 -287.760437
v 259.212982 -49.075924 -307.528748
v 257.668396 -51.874233 -287.760437
v 262.613892 -46.857113 -320.426270
v 265.621399 -46.326572 -320.426331
v 260.026947 -40.638241 -320.426270
v 260.952454 -46.118290 -320.426208
v 267.343048 -36.223476 -309.739044
v 265.328979 -39.128872 -320.426208
v 260.388245 -40.115383 -320.426147
v 257.459167 -38.047592 -308.585114
v 267.343048 -36.223476 -309.739044
v 269.583221 -47.247284 -307.528625
v 266.930359 -45.064362 -320.426025
v 265.932983 -39.438763 -320.426025
v 269.583221 -47.247284 -307.528625
v 266.930359 -45.064362 -320.426025
v 260.952454 -46.118290 -320.426208
v 260.026947 -40.638241 -320.426270
v 265.932983 -39.438763 -320.426025
v 263.029114 -43.070396 -329.380524
v 262.874512 -42.192162 -329.380341
v 263.414948 -42.567005 -329.859833
v 263.794495 -42.029964 -329.380249
v 263.949066 -42.908203 -329.380402
v 263.414948 -42.567005 -329.859833
v 263.293457 -41.877819 -329.380280
v 263.414948 -42.567005 -329.859833
v 262.874512 -42.192162 -329.380341
v 263.794495 -42.029964 -329.380249
v 263.029114 -43.070396 -329.380524
v 263.414948 -42.567005 -329.859833
v 263.536224 -43.255764 -329.380219
v 263.949066 -42.908203 -329.380402
v 269.802399 -37.046692 -288.821899
v 271.936981 -49.268299 -289.008667
v 271.936981 -49.268299 -289.008667
v 257.668396 -51.874233 -287.760437
v 260.757965 -53.917553 -288.030518
v 269.762268 -52.279911 -288.818695
v 257.668396 -51.874233 -287.760437
v 269.762268 -52.279911 -288.818695
v 271.936981 -49.268299 -289.008667
v 257.668396 -51.874233 -287.760437
v 271.936981 -49.268299 -289.008667
v 269.802399 -37.046692 -288.821899
v 255.488708 -39.537476 -287.569611
v 257.668396 -51.874233 -287.760437
v 269.802399 -37.046692 -288.821899
v 174.060013 -54.434265 -280.017395
v 174.922699 -53.174530 -299.160461
v 177.720657 -69.041710 -286.882111
v 177.720642 -69.041855 -284.471558
v 176.164291 -54.061298 -280.195465
v 177.720642 -69.041855 -284.471558
v 177.720657 -69.041710 -286.882111
v 174.922699 -53.174530 -299.160461
v 177.720642 -69.041855 -284.471558
v 176.164291 -54.061298 -280.195465
v 174.060013 -54.434265 -280.017395
v -387.612061 -68.888947 0.592820
v -337.503540 -90.994835 120.689240
v -392.045807 -85.242470 1.346086
v -391.204224 -102.182693 2.073439
v -385.155212 -118.049133 2.703424
v -374.481476 -131.276810 3.173268
v -360.225098 -140.556656 3.436280
v -343.790131 -144.967133 3.466897
v -343.790131 -144.967133 3.466897
v -337.503540 -90.994835 120.689240
v -326.798523 -144.069962 3.261233
v -310.928253 -137.956589 2.840455
v -297.742645 -127.236656 2.245666
v -288.534332 -112.974258 1.536209
v -284.196686 -96.577972 0.781734
v -285.140625 -79.659233 0.056202
v -291.259735 -63.870937 -0.569570
v -301.944794 -50.747375 -1.034651
v -316.148438 -41.558586 -1.294520
v -332.487305 -37.190884 -1.323934
v -332.487305 -37.190884 -1.323934
v -349.376495 -38.066143 -1.120513
v -365.176697 -44.101376 -0.703520
v -378.350952 -54.717197 -0.113494
v -362.434296 -145.093048 60.171673
v -378.382294 -134.498215 59.867939
v -361.942932 -144.132797 44.118122
v -343.993835 -148.931915 44.150646
v -344.022583 -150.005249 60.204769
v -307.195435 -141.980331 59.495152
v -324.995331 -149.043991 59.976471
v -325.442078 -147.980408 43.927406
v -313.012299 -33.834995 54.856373
v -297.156128 -44.735630 55.174267
v -313.781860 -35.673256 38.936367
v -331.619659 -30.939997 38.905827
v -331.330078 -28.977800 54.824924
v -350.050507 -31.861231 39.126301
v -350.256531 -29.920431 55.051411
v -331.330078 -28.977800 54.824924
v -331.619659 -30.939997 38.905827
v -368.012726 -37.141247 55.538914
v -343.993835 -148.931915 44.150646
v -343.790131 -144.967133 3.466897
v -326.798523 -144.069962 3.261233
v -344.022583 -150.005249 60.204769
v -392.045807 -85.242470 1.346086
v -398.152802 -83.663109 57.854416
v -393.208008 -65.489494 57.016827
v -387.612061 -68.888947 0.592820
v -391.204224 -102.182693 2.073439
v -397.175598 -102.387383 58.657993
v -385.155212 -118.049133 2.703424
v -390.368744 -119.928787 59.352821
v -374.481476 -131.276810 3.173268
v -360.225098 -140.556656 3.436280
v -343.790131 -144.967133 3.466897
v -310.928253 -137.956589 2.840455
v -297.742645 -127.236656 2.245666
v -292.447784 -130.220795 58.840034
v -288.534332 -112.974258 1.536209
v -282.150238 -114.477142 58.055634
v -284.196686 -96.577972 0.781734
v -277.309814 -96.364334 57.221588
v -285.140625 -79.659233 0.056202
v -278.376526 -77.558884 56.415489
v -291.259735 -63.870937 -0.569570
v -285.215790 -59.748894 55.709286
v -301.944794 -50.747375 -1.034651
v -316.148438 -41.558586 -1.294520
v -332.487305 -37.190884 -1.323934
v -349.376495 -38.066143 -1.120513
v -332.487305 -37.190884 -1.323934
v -365.176697 -44.101376 -0.703520
v -378.350952 -54.717197 -0.113494
v -382.822601 -49.489906 56.220428
v -344.013916 -147.096375 3.468069
v -344.048737 -148.176102 18.492964
v -352.667969 -146.208115 18.663340
v -351.995178 -145.553589 3.426091
v -343.993835 -148.931915 44.150646
v -352.993164 -146.538086 44.197773
v -351.995178 -145.553589 3.426091
v -352.667969 -146.208115 18.663340
v -353.847870 -143.838058 18.669518
v -353.016205 -142.481628 3.431439
v -352.993164 -146.538086 44.197773
v -343.790131 -144.967133 3.466897
v -343.814850 -144.651718 -7.586400
v -350.780121 -143.432297 -7.633698
v -353.016205 -142.481628 3.431439
v -350.780121 -143.432297 -7.633698
v -343.814850 -144.651718 -7.586400
v -350.780121 -143.432297 -7.633698
v -344.013916 -147.096375 3.468069
v -335.887604 -147.246567 3.341740
v -335.207336 -148.042892 18.571901
v -344.048737 -148.176102 18.492964
v -334.693878 -148.461441 44.101944
v -343.993835 -148.931915 44.150646
v -335.887604 -147.246567 3.341740
v -334.250214 -144.454025 3.333166
v -333.560944 -145.970322 18.563280
v -335.207336 -148.042892 18.571901
v -334.693878 -148.461441 44.101944
v -343.790131 -144.967133 3.466897
v -334.250214 -144.454025 3.333166
v -336.749115 -144.907028 -7.707175
v -343.814850 -144.651718 -7.586400
v -336.749115 -144.907028 -7.707175
v -343.814850 -144.651718 -7.586400
v -336.749115 -144.907028 -7.707175
v -339.613556 -35.443817 -1.087859
v -347.741180 -35.293591 -1.129075
v -347.998383 -33.465981 14.105999
v -339.323761 -33.434860 13.935332
v -348.259003 -31.709707 39.640526
v -338.958649 -31.239292 39.591393
v -347.741180 -35.293591 -1.129075
v -349.376495 -38.066143 -1.120513
v -349.631714 -35.716564 14.114552
v -347.998383 -33.465981 14.105999
v -348.259003 -31.709707 39.640526
v -339.835266 -37.553093 -1.086699
v -349.376495 -38.066143 -1.120513
v -347.003510 -37.713932 -12.186367
v -339.936920 -37.969677 -12.139594
v -347.003510 -37.713932 -12.186367
v -339.936920 -37.969677 -12.139594
v -347.003510 -37.713932 -12.186367
v -325.151520 -36.963856 -1.163593
v -324.861694 -34.954899 13.859598
v -316.381805 -36.789051 13.940431
v -317.171570 -38.506615 -1.289161
v -324.496582 -32.759331 39.515659
v -315.497681 -35.153095 39.468533
v -317.171570 -38.506615 -1.289161
v -316.381805 -36.789051 13.940431
v -315.252502 -39.329994 13.934516
v -316.148438 -41.558586 -1.294520
v -315.497681 -35.153095 39.468533
v -325.373199 -39.073132 -1.162433
v -325.474854 -39.489716 -12.215327
v -318.510406 -40.708702 -12.335579
v -316.148438 -41.558586 -1.294520
v -318.510406 -40.708702 -12.335579
v -325.474854 -39.489716 -12.215327
v -318.510406 -40.708702 -12.335579
v -331.330078 -28.977800 54.824924
v -337.731110 -90.013741 57.537998
v -313.012299 -33.834995 54.856373
v -382.822601 -49.489906 56.220428
v -337.731110 -90.013741 57.537998
v -368.012726 -37.141247 55.538914
v -307.195435 -141.980331 59.495152
v -337.731110 -90.013741 57.537998
v -324.995331 -149.043991 59.976471
v -337.731110 -90.013741 57.537998
v -378.382294 -134.498215 59.867939
v -362.434296 -145.093048 60.171673
v -350.256531 -29.920431 55.051411
v -337.731110 -90.013741 57.537998
v -331.330078 -28.977800 54.824924
v -282.150238 -114.477142 58.055634
v -337.731110 -90.013741 57.537998
v -292.447784 -130.220795 58.840034
v -292.447784 -130.220795 58.840034
v -337.731110 -90.013741 57.537998
v -307.195435 -141.980331 59.495152
v -337.731110 -90.013741 57.537998
v -393.208008 -65.489494 57.016827
v -398.152802 -83.663109 57.854416
v -393.208008 -65.489494 57.016827
v -337.731110 -90.013741 57.537998
v -382.822601 -49.489906 56.220428
v -337.731110 -90.013741 57.537998
v -282.150238 -114.477142 58.055634
v -277.309814 -96.364334 57.221588
v -324.995331 -149.043991 59.976471
v -337.731110 -90.013741 57.537998
v -344.022583 -150.005249 60.204769
v -337.731110 -90.013741 57.537998
v -350.256531 -29.920431 55.051411
v -368.012726 -37.141247 55.538914
v -297.156128 -44.735630 55.174267
v -337.731110 -90.013741 57.537998
v -285.215790 -59.748894 55.709286
v -337.731110 -90.013741 57.537998
v -362.434296 -145.093048 60.171673
v -344.022583 -150.005249 60.204769
v -390.368744 -119.928787 59.352821
v -337.731110 -90.013741 57.537998
v -397.175598 -102.387383 58.657993
v -337.731110 -90.013741 57.537998
v -297.156128 -44.735630 55.174267
v -313.012299 -33.834995 54.856373
v -278.376526 -77.558884 56.415489
v -337.731110 -90.013741 57.537998
v -277.309814 -96.364334 57.221588
v -337.731110 -90.013741 57.537998
v -390.368744 -119.928787 59.352821
v -378.382294 -134.498215 59.867939
v -397.175598 -102.387383 58.657993
v -337.731110 -90.013741 57.537998
v -398.152802 -83.663109 57.854416
v -337.731110 -90.013741 57.537998
v -278.376526 -77.558884 56.415489
v -285.215790 -59.748894 55.709286
v 387.611908 -68.888962 0.592840
v 392.045197 -85.242531 1.346529
v 337.503326 -90.994431 120.689224
v 391.203644 -102.182755 2.073884
v 385.155060 -118.049164 2.703451
v 374.480896 -131.276886 3.173304
v 360.224945 -140.556686 3.436333
v 343.789948 -144.967163 3.466967
v 343.789948 -144.967163 3.466967
v 326.798340 -144.070007 3.261319
v 337.503326 -90.994431 120.689224
v 310.928070 -137.956619 2.840556
v 297.742432 -127.236687 2.245780
v 288.534149 -112.974289 1.536331
v 284.196503 -96.577995 0.781860
v 285.140442 -79.659248 0.056325
v 291.259552 -63.870949 -0.569454
v 301.944611 -50.747383 -1.034546
v 316.147827 -41.558636 -1.294433
v 332.487152 -37.190884 -1.323861
v 332.487152 -37.190884 -1.323861
v 349.376343 -38.066143 -1.120457
v 365.176086 -44.101421 -0.703482
v 378.350800 -54.717205 -0.113466
v 362.433716 -145.093140 60.171688
v 361.942352 -144.132889 44.118149
v 378.381683 -134.498291 59.867935
v 343.993591 -148.931519 44.150692
v 344.022400 -150.005295 60.204803
v 307.195251 -141.980362 59.495216
v 325.441895 -147.980453 43.927467
v 324.995117 -149.043594 59.976521
v 313.012115 -33.834991 54.856422
v 313.781677 -35.673256 38.936436
v 297.155945 -44.735638 55.174335
v 331.619507 -30.939995 38.905872
v 331.329895 -28.977798 54.824959
v 350.050354 -31.861227 39.126755
v 331.619507 -30.939995 38.905872
v 331.329895 -28.977798 54.824959
v 350.256348 -29.920429 55.051426
v 368.012573 -37.141247 55.538914
v 343.993591 -148.931519 44.150692
v 326.798340 -144.070007 3.261319
v 343.789948 -144.967163 3.466967
v 344.022400 -150.005295 60.204803
v 392.045197 -85.242531 1.346529
v 387.611908 -68.888962 0.592840
v 393.207825 -65.489502 57.016808
v 398.152222 -83.663170 57.854385
v 391.203644 -102.182755 2.073884
v 397.174988 -102.387444 58.657967
v 385.155060 -118.049164 2.703451
v 390.368591 -119.928818 59.352806
v 374.480896 -131.276886 3.173304
v 360.224945 -140.556686 3.436333
v 343.789948 -144.967163 3.466967
v 310.928070 -137.956619 2.840556
v 297.742432 -127.236687 2.245780
v 292.447601 -130.220825 58.840122
v 288.534149 -112.974289 1.536331
v 282.150055 -114.477173 58.055725
v 284.196503 -96.577995 0.781860
v 277.309631 -96.364357 57.221680
v 285.140442 -79.659248 0.056325
v 278.376312 -77.558899 56.415581
v 291.259552 -63.870949 -0.569454
v 285.215576 -59.748905 55.709366
v 301.944611 -50.747383 -1.034546
v 316.147827 -41.558636 -1.294433
v 332.487152 -37.190884 -1.323861
v 349.376343 -38.066143 -1.120457
v 332.487152 -37.190884 -1.323861
v 365.176086 -44.101421 -0.703482
v 378.350800 -54.717205 -0.113466
v 382.822449 -49.489910 56.220413
v 344.013733 -147.096420 3.468138
v 351.995026 -145.553619 3.426153
v 352.667755 -146.207733 18.663389
v 344.048553 -148.176132 18.493023
v 352.992554 -146.538177 44.197807
v 343.993591 -148.931519 44.150692
v 351.995026 -145.553619 3.426153
v 353.016022 -142.481674 3.431500
v 353.847717 -143.838089 18.669567
v 352.667755 -146.207733 18.663389
v 352.992554 -146.538177 44.197807
v 343.789948 -144.967163 3.466967
v 353.016022 -142.481674 3.431500
v 350.779968 -143.432343 -7.633628
v 343.814697 -144.651749 -7.586323
v 350.779968 -143.432343 -7.633628
v 343.814697 -144.651749 -7.586323
v 350.779968 -143.432343 -7.633628
v 344.013733 -147.096420 3.468138
v 344.048553 -148.176132 18.493023
v 335.207581 -148.042892 18.571972
v 335.887421 -147.246613 3.341818
v 343.993591 -148.931519 44.150692
v 334.693726 -148.461472 44.102001
v 335.887421 -147.246613 3.341818
v 335.207581 -148.042892 18.571972
v 333.560760 -145.970352 18.563351
v 334.250000 -144.454071 3.333246
v 334.693726 -148.461472 44.102001
v 343.789948 -144.967163 3.466967
v 343.814697 -144.651749 -7.586323
v 336.748932 -144.907074 -7.707091
v 334.250000 -144.454071 3.333246
v 336.748932 -144.907074 -7.707091
v 343.814697 -144.651749 -7.586323
v 336.748932 -144.907074 -7.707091
v 339.613403 -35.443813 -1.087793
v 339.323578 -33.434860 13.935388
v 347.998199 -33.465981 14.106045
v 347.741028 -35.293587 -1.129018
v 338.958496 -31.239290 39.591431
v 348.258423 -31.709751 39.640553
v 347.741028 -35.293587 -1.129018
v 347.998199 -33.465981 14.106045
v 349.631500 -35.716560 14.114596
v 349.376343 -38.066143 -1.120457
v 348.258423 -31.709751 39.640553
v 339.835083 -37.553093 -1.086633
v 339.936737 -37.969677 -12.139522
v 347.003326 -37.713932 -12.186300
v 349.376343 -38.066143 -1.120457
v 347.003326 -37.713932 -12.186300
v 339.936737 -37.969677 -12.139522
v 347.003326 -37.713932 -12.186300
v 325.151337 -36.963856 -1.163513
v 317.171387 -38.506615 -1.289073
v 316.381622 -36.789051 13.940509
v 324.861511 -34.954899 13.859668
v 315.497498 -35.153095 39.469025
v 324.496399 -32.759327 39.516140
v 317.171387 -38.506615 -1.289073
v 316.148254 -41.558590 -1.294431
v 315.251923 -39.330040 13.934593
v 316.381622 -36.789051 13.940509
v 315.497498 -35.153095 39.469025
v 325.373016 -39.073132 -1.162353
v 316.148254 -41.558590 -1.294431
v 318.510223 -40.708706 -12.335485
v 325.474670 -39.489716 -12.215240
v 318.510223 -40.708706 -12.335485
v 325.474670 -39.489716 -12.215240
v 318.510223 -40.708706 -12.335485
v 331.329895 -28.977798 54.824959
v 313.012115 -33.834991 54.856422
v 337.730927 -90.013763 57.538036
v 382.822449 -49.489910 56.220413
v 368.012573 -37.141247 55.538914
v 337.730927 -90.013763 57.538036
v 307.195251 -141.980362 59.495216
v 324.995117 -149.043594 59.976521
v 337.730927 -90.013763 57.538036
v 337.730927 -90.013763 57.538036
v 362.433716 -145.093140 60.171688
v 378.381683 -134.498291 59.867935
v 350.256348 -29.920429 55.051426
v 331.329895 -28.977798 54.824959
v 337.730927 -90.013763 57.538036
v 282.150055 -114.477173 58.055725
v 292.447601 -130.220825 58.840122
v 337.730927 -90.013763 57.538036
v 292.447601 -130.220825 58.840122
v 307.195251 -141.980362 59.495216
v 337.730927 -90.013763 57.538036
v 337.730927 -90.013763 57.538036
v 398.152222 -83.663170 57.854385
v 393.207825 -65.489502 57.016808
v 393.207825 -65.489502 57.016808
v 382.822449 -49.489910 56.220413
v 337.730927 -90.013763 57.538036
v 337.730927 -90.013763 57.538036
v 277.309631 -96.364357 57.221680
v 282.150055 -114.477173 58.055725
v 324.995117 -149.043594 59.976521
v 344.022400 -150.005295 60.204803
v 337.730927 -90.013763 57.538036
v 337.730927 -90.013763 57.538036
v 368.012573 -37.141247 55.538914
v 350.256348 -29.920429 55.051426
v 297.155945 -44.735638 55.174335
v 285.215576 -59.748905 55.709366
v 337.730927 -90.013763 57.538036
v 337.730927 -90.013763 57.538036
v 344.022400 -150.005295 60.204803
v 362.433716 -145.093140 60.171688
v 390.368591 -119.928818 59.352806
v 397.174988 -102.387444 58.657967
v 337.730927 -90.013763 57.538036
v 337.730927 -90.013763 57.538036
v 313.012115 -33.834991 54.856422
v 297.155945 -44.735638 55.174335
v 278.376312 -77.558899 56.415581
v 277.309631 -96.364357 57.221680
v 337.730927 -90.013763 57.538036
v 337.730927 -90.013763 57.538036
v 378.381683 -134.498291 59.867935
v 390.368591 -119.928818 59.352806
v 397.174988 -102.387444 58.657967
v 398.152222 -83.663170 57.854385
v 337.730927 -90.013763 57.538036
v 337.730927 -90.013763 57.538036
v 285.215576 -59.748905 55.709366
v 278.376312 -77.558899 56.415581
v -127.801117 -23.949717 132.863007
v -117.814545 -15.496030 117.862587
v -138.783401 -22.986885 124.450264
v -141.736420 -34.091396 129.396072
v -131.201416 -35.229115 138.055756
v -123.558929 -55.167412 128.092041
v -125.772400 -51.895885 130.921066
v -135.713120 -50.125645 119.511459
v -305.576508 -9.545732 10.013117
v -295.576141 -5.286132 -4.378183
v -308.757965 -17.168428 14.591189
v -308.757965 -17.168428 14.591189
v -301.928192 -26.262032 4.841525
v -141.736420 -34.091396 129.396072
v -131.201416 -35.229115 138.055756
v -117.814545 -15.496030 117.862587
v -127.801117 -23.949717 132.863007
v -128.427048 -30.821358 133.737717
v -127.801117 -23.949717 132.863007
v -131.201416 -35.229115 138.055756
v -128.427048 -30.821358 133.737717
v -131.201416 -35.229115 138.055756
v -125.772400 -51.895885 130.921066
v -128.427048 -30.821358 133.737717
v -305.576508 -9.545732 10.013117
v -295.576141 -5.286132 -4.378183
v -306.485291 -13.975355 11.428359
v -308.757965 -17.168428 14.591189
v -305.576508 -9.545732 10.013117
v -306.485291 -13.975355 11.428359
v -301.928192 -26.262032 4.841525
v -308.757965 -17.168428 14.591189
v -306.485291 -13.975355 11.428359
v -117.814545 -15.496030 117.862587
v -128.427048 -30.821358 133.737717
v -306.485291 -13.975355 11.428359
v -295.576141 -5.286132 -4.378183
v -135.713120 -50.125645 119.511459
v -123.558929 -55.167412 128.092041
v -301.928192 -26.262032 4.841525
v -123.558929 -55.167412 128.092041
v 127.793007 -23.949594 132.862762
v 138.775284 -22.986750 124.450012
v 117.806435 -15.496332 117.862335
v 141.727951 -34.091282 129.396057
v 131.192993 -35.229446 138.055725
v 123.551071 -55.167728 128.092148
v 135.705017 -50.125946 119.511208
v 125.763954 -51.896221 130.921051
v 305.567841 -9.545409 10.013073
v 295.567505 -5.285810 -4.378202
v 308.749603 -17.168535 14.591494
v 308.749603 -17.168535 14.591494
v 141.727951 -34.091282 129.396057
v 301.919556 -26.261713 4.841486
v 131.192993 -35.229446 138.055725
v 117.806435 -15.496332 117.862335
v 128.418839 -30.821259 133.738068
v 127.793007 -23.949594 132.862762
v 131.192993 -35.229446 138.055725
v 131.192993 -35.229446 138.055725
v 128.418839 -30.821259 133.738068
v 125.763954 -51.896221 130.921051
v 305.567841 -9.545409 10.013073
v 306.476624 -13.975036 11.428325
v 295.567505 -5.285810 -4.378202
v 308.749603 -17.168535 14.591494
v 301.919556 -26.261713 4.841486
v 306.476624 -13.975036 11.428325
v 308.749603 -17.168535 14.591494
v 117.806435 -15.496332 117.862335
v 295.567505 -5.285810 -4.378202
v 306.476624 -13.975036 11.428325
v 128.418839 -30.821259 133.738068
v 135.705017 -50.125946 119.511208
v 123.551071 -55.167728 128.092148
v 301.919556 -26.261713 4.841486
v 123.551071 -55.167728 128.092148
v 767.280457 26.992586 -468.865845
v 780.816345 25.207560 -437.277191
v 409.528839 -20.051247 -272.596985
v 383.599945 -18.249390 -331.851837
v 767.280457 26.992586 -468.865845
v 383.599945 -18.249390 -331.851837
v 397.604340 -12.167342 -299.629761
v 773.054993 29.168224 -454.587982
v 780.518921 28.081375 -437.197174
v 781.386963 26.538162 -435.561279
v 780.816345 25.207560 -437.277191
v 776.777039 29.721769 -445.616730
v 780.518921 28.081375 -437.197174
v 780.816345 25.207560 -437.277191
v 773.054993 29.168224 -454.587982
v 776.777039 29.721769 -445.616730
v 780.816345 25.207560 -437.277191
v 773.054993 29.168224 -454.587982
v 780.816345 25.207560 -437.277191
v 767.280457 26.992586 -468.865845
v 383.599945 -18.249390 -331.851837
v 409.528839 -20.051247 -272.596985
v 410.781433 -17.194065 -269.644257
v 383.599945 -18.249390 -331.851837
v 410.781433 -17.194065 -269.644257
v 409.335083 -14.023736 -272.853790
v 383.599945 -18.249390 -331.851837
v 409.335083 -14.023736 -272.853790
v 404.143524 -11.440902 -284.649719
v 383.599945 -18.249390 -331.851837
v 404.143524 -11.440902 -284.649719
v 397.604340 -12.167342 -299.629761
v 781.386963 26.538162 -435.561279
v 410.781433 -17.194065 -269.644257
v 409.528839 -20.051247 -272.596985
v 780.816345 25.207560 -437.277191
v 776.777039 29.721769 -445.616730
v 404.143524 -11.440902 -284.649719
v 409.335083 -14.023736 -272.853790
v 780.518921 28.081375 -437.197174
v 410.781433 -17.194065 -269.644257
v 781.386963 26.538162 -435.561279
v 503.486633 -17.748945 -341.682037
v 489.403351 -19.478287 -342.028961
v 495.476471 -16.343691 -372.064178
v 502.855591 -15.185483 -374.580963
v 486.398834 -17.478693 -342.095856
v 485.239105 -8.034152 -342.095795
v 492.082672 -5.494374 -370.517242
v 493.303192 -14.241858 -372.110626
v 504.835907 -6.265772 -341.615143
v 505.918610 -15.082084 -341.615143
v 504.467102 -12.618921 -374.534058
v 503.426636 -4.144950 -374.534058
v 498.477051 -14.054696 -385.397919
v 502.334991 -13.581306 -385.302765
v 503.634796 -11.533338 -385.265320
v 503.082397 -7.032553 -385.265320
v 501.372314 -11.036557 -395.050873
v 500.937500 -11.089828 -395.061401
v 501.063568 -10.122274 -396.040802
v 500.498810 -10.627898 -395.070679
v 500.392914 -9.763906 -395.070984
v 501.063568 -10.122274 -396.040802
v 501.063568 -10.122274 -396.040802
v 500.764923 -9.287396 -395.060181
v 501.103699 -9.245952 -395.051880
v 501.063568 -10.122274 -396.040802
v 501.579926 -9.618095 -395.041504
v 501.686279 -10.482465 -395.041412
v 502.609161 -6.681178 -385.275665
v 496.828979 -7.673337 -385.418793
v 505.918610 -15.082084 -341.615143
v 504.467102 -12.618921 -374.534058
v 486.398834 -17.478693 -342.095856
v 493.303192 -14.241858 -372.110626
v 503.634796 -11.533338 -385.265320
v 496.973572 -12.351524 -385.429138
v 501.686279 -10.482465 -395.041412
v 500.498810 -10.627898 -395.070679
v 496.973572 -12.351524 -385.429138
v 496.460083 -8.170189 -385.429108
v 500.392914 -9.763906 -395.070984
v 501.579926 -9.618095 -395.041504
v 496.460083 -8.170189 -385.429108
v 503.082397 -7.032553 -385.265320
v 503.426636 -4.144950 -374.534058
v 492.082672 -5.494374 -370.517242
v 487.406830 -20.605642 -328.392883
v 503.477631 -19.261200 -315.654663
v 483.523590 -8.988151 -331.425385
v 484.665894 -18.466839 -330.556396
v 504.533813 -8.449459 -314.837738
v 505.531311 -16.721004 -314.017670
v 505.531311 -16.721004 -314.017670
v 484.665894 -18.466839 -330.556396
v 680.119934 5.382505 -415.448944
v 668.640686 3.982801 -415.736084
v 672.561035 6.628385 -435.745728
v 679.594238 7.523364 -437.671021
v 666.152771 5.638395 -415.791260
v 665.135620 13.782294 -415.791351
v 669.248535 15.390328 -433.781830
v 670.761475 8.368382 -435.784088
v 681.194702 15.130853 -415.393555
v 682.133484 7.590970 -415.393768
v 680.928406 9.648327 -437.632477
v 680.067505 16.659857 -437.632660
v 675.709961 8.695087 -448.574829
v 678.904358 9.087435 -448.495880
v 679.980774 10.782648 -448.465057
v 679.555420 14.245698 -448.464813
v 678.127014 11.249683 -457.641663
v 677.767151 11.205684 -457.650391
v 677.871094 12.006826 -458.461426
v 677.403870 11.587913 -457.658020
v 677.316162 12.303651 -457.657928
v 677.871094 12.006826 -458.461426
v 677.871094 12.006826 -458.461426
v 677.624207 12.698060 -457.649597
v 677.904480 12.732313 -457.642548
v 677.871094 12.006826 -458.461426
v 678.299194 12.424198 -457.633881
v 678.386536 11.708413 -457.633759
v 674.377686 13.715435 -448.591797
v 679.163696 14.537338 -448.473419
v 682.133484 7.590970 -415.393768
v 680.928406 9.648327 -437.632477
v 666.152771 5.638395 -415.791260
v 670.761475 8.368382 -435.784088
v 679.980774 10.782648 -448.465057
v 674.464722 10.105634 -448.600464
v 678.386536 11.708413 -457.633759
v 677.403870 11.587913 -457.658020
v 674.464722 10.105634 -448.600464
v 674.071960 13.304081 -448.600677
v 677.316162 12.303651 -457.657928
v 678.299194 12.424198 -457.633881
v 674.071960 13.304081 -448.600677
v 679.555420 14.245698 -448.464813
v 680.067505 16.659857 -437.632660
v 669.248535 15.390328 -433.781830
v 666.805481 3.017410 -404.445404
v 680.112305 4.130712 -393.898346
v 663.535278 12.947463 -406.956299
v 664.536072 4.788318 -406.236847
v 680.986389 13.085230 -393.221802
v 681.812866 6.233946 -392.543365
v 681.812866 6.233946 -392.543365
v 664.536072 4.788318 -406.236847
v 484.665894 -18.466839 -330.556396
v 487.406830 -20.605642 -328.392883
v 503.477631 -19.261200 -315.654663
v 503.477631 -19.261200 -315.654663
v 505.531311 -16.721004 -314.017670
v 504.533813 -8.449459 -314.837738
v 484.665894 -18.466839 -330.556396
v 503.477631 -19.261200 -315.654663
v 504.533813 -8.449459 -314.837738
v 483.523590 -8.988151 -331.425385
v 484.665894 -18.466839 -330.556396
v 504.533813 -8.449459 -314.837738
v 664.536072 4.788318 -406.236847
v 666.805481 3.017410 -404.445404
v 680.112305 4.130712 -393.898346
v 680.112305 4.130712 -393.898346
v 681.812866 6.233946 -392.543365
v 680.986389 13.085230 -393.221802
v 664.536072 4.788318 -406.236847
v 680.112305 4.130712 -393.898346
v 680.986389 13.085230 -393.221802
v 663.535278 12.947463 -406.956299
v 664.536072 4.788318 -406.236847
v 680.986389 13.085230 -393.221802
v 486.446716 -21.657675 -298.365204
v 487.406799 -20.605560 -328.392853
v 503.477661 -19.260887 -315.654602
v 502.851135 -19.125225 -290.870209
v 482.995056 -11.326672 -298.419037
v 483.523621 -8.988150 -331.425262
v 484.665649 -18.466583 -330.556091
v 483.978760 -19.592054 -298.419189
v 503.873138 -9.206007 -291.284943
v 504.764496 -16.586079 -291.698517
v 505.531250 -16.721033 -314.017975
v 504.533813 -8.449618 -314.837463
v 486.240814 -20.604763 -283.614532
v 483.846222 -18.449341 -282.561066
v 483.064575 -11.669780 -282.194458
v 483.846222 -18.449341 -282.561066
v 503.873138 -9.206007 -291.284943
v 504.533813 -8.449618 -314.837463
v 482.995056 -11.326672 -298.419037
v 483.064575 -11.669780 -282.194458
v 483.846222 -18.449341 -282.561066
v 486.240814 -20.604763 -283.614532
v 486.240814 -20.604763 -283.614532
v 502.851135 -19.125225 -290.870209
v 504.764496 -16.586079 -291.698517
v 483.064575 -11.669780 -282.194458
v 486.240814 -20.604763 -283.614532
v 504.764496 -16.586079 -291.698517
v 483.064575 -11.669780 -282.194458
v 504.764496 -16.586079 -291.698517
v 503.873138 -9.206007 -291.284943
v 504.533813 -8.449618 -314.837463
v 505.531250 -16.721033 -314.017975
v 503.477661 -19.260887 -315.654602
v 487.406799 -20.605560 -328.392853
v 484.665649 -18.466583 -330.556091
v 483.523621 -8.988150 -331.425262
v 483.523621 -8.988150 -331.425262
v 483.064575 -11.669780 -282.194458
v 487.870392 -10.967313 -323.678741
v 491.888763 -10.518151 -323.684967
v 491.789825 -9.917897 -343.830536
v 491.789825 -9.917897 -343.830536
v 487.771606 -10.367058 -343.823975
v 487.870392 -10.967313 -323.678741
v 488.604675 -17.535877 -323.878235
v 488.505920 -16.935621 -344.023438
v 492.524261 -16.486034 -344.029633
v 492.524261 -16.486034 -344.029633
v 492.623016 -17.086290 -323.884430
v 488.604675 -17.535877 -323.878235
v 487.870392 -10.967313 -323.678741
v 487.771606 -10.367058 -343.823975
v 488.505920 -16.935621 -344.023438
v 488.505920 -16.935621 -344.023438
v 488.604675 -17.535877 -323.878235
v 487.870392 -10.967313 -323.678741
v 491.789825 -9.917897 -343.830536
v 491.888763 -10.518151 -323.684967
v 492.623016 -17.086290 -323.884430
v 492.623016 -17.086290 -323.884430
v 492.524261 -16.486034 -344.029633
v 491.789825 -9.917897 -343.830536
v 666.010803 2.146435 -382.688599
v 666.805481 3.017482 -404.445282
v 680.112305 4.130616 -393.898102
v 679.461243 4.218674 -377.158386
v 663.135193 10.802098 -382.732849
v 663.535522 12.947611 -406.956177
v 664.535828 4.788600 -406.236725
v 663.967407 3.856655 -382.733093
v 680.315552 12.535707 -377.971863
v 681.052368 6.306736 -377.959686
v 681.812927 6.233894 -392.542847
v 680.986450 13.085300 -393.221802
v 666.140137 3.081855 -371.321442
v 664.265015 4.874105 -370.603882
v 663.609070 10.515614 -370.619751
v 664.265015 4.874105 -370.603882
v 663.135193 10.802098 -382.732849
v 680.315552 12.535707 -377.971863
v 680.986450 13.085300 -393.221802
v 663.609070 10.515614 -370.619751
v 664.265015 4.874105 -370.603882
v 666.140137 3.081855 -371.321442
v 666.140137 3.081855 -371.321442
v 679.461243 4.218674 -377.158386
v 681.052368 6.306736 -377.959686
v 663.609070 10.515614 -370.619751
v 666.140137 3.081855 -371.321442
v 681.052368 6.306736 -377.959686
v 663.609070 10.515614 -370.619751
v 681.052368 6.306736 -377.959686
v 680.315552 12.535707 -377.971863
v 680.986450 13.085300 -393.221802
v 681.812927 6.233894 -392.542847
v 680.112305 4.130616 -393.898102
v 666.805481 3.017482 -404.445282
v 664.535828 4.788600 -406.236725
v 663.535522 12.947611 -406.956177
v 663.535522 12.947611 -406.956177
v 663.609070 10.515614 -370.619751
v 666.529907 11.872909 -399.265472
v 670.548584 12.322441 -399.271698
v 670.449585 12.922471 -419.416962
v 670.449585 12.922471 -419.416962
v 666.431335 12.473397 -419.410858
v 666.529907 11.872909 -399.265472
v 667.264221 5.304842 -399.464935
v 667.165649 5.904905 -419.610352
v 671.183899 6.354405 -419.616394
v 671.183899 6.354405 -419.616394
v 671.282898 5.753949 -399.471161
v 667.264221 5.304842 -399.464935
v 666.529907 11.872909 -399.265472
v 666.431335 12.473397 -419.410858
v 667.165649 5.904905 -419.610352
v 667.165649 5.904905 -419.610352
v 667.264221 5.304842 -399.464935
v 666.529907 11.872909 -399.265472
v 670.449585 12.922471 -419.416962
v 670.548584 12.322441 -399.271698
v 671.282898 5.753949 -399.471161
v 671.282898 5.753949 -399.471161
v 671.183899 6.354405 -419.616394
v 670.449585 12.922471 -419.416962
v 663.840454 17.152489 -409.506989
v 421.388062 -9.526863 -309.428894
v 433.684509 -4.188322 -280.507477
v 675.638672 21.861036 -380.853729
v 675.638672 21.861036 -380.853729
v 433.684509 -4.188322 -280.507477
v 421.388062 -9.526863 -309.428894
v 663.840454 17.152489 -409.506989
v -663.840637 17.150047 -409.506927
v -675.638550 21.860659 -380.853943
v -433.684326 -4.188489 -280.507446
v -421.388031 -9.529126 -309.428986
v -675.638550 21.860659 -380.853943
v -663.840637 17.150047 -409.506927
v -421.388031 -9.529126 -309.428986
v -433.684326 -4.188489 -280.507446
v -767.280884 26.992517 -468.865662
v -383.599915 -18.250002 -331.851898
v -409.528656 -20.051373 -272.596985
v -780.816101 25.207474 -437.277191
v -767.280884 26.992517 -468.865662
v -773.055115 29.168585 -454.588135
v -397.604584 -12.167450 -299.629944
v -383.599915 -18.250002 -331.851898
v -773.055115 29.168585 -454.588135
v -767.280884 26.992517 -468.865662
v -780.816101 25.207474 -437.277191
v -780.816101 25.207474 -437.277191
v -781.387268 26.538549 -435.561035
v -780.519043 28.081758 -437.197327
v -780.816101 25.207474 -437.277191
v -780.519043 28.081758 -437.197327
v -776.777161 29.721722 -445.616882
v -773.055115 29.168585 -454.588135
v -780.816101 25.207474 -437.277191
v -776.777161 29.721722 -445.616882
v -383.599915 -18.250002 -331.851898
v -397.604584 -12.167450 -299.629944
v -404.143433 -11.441466 -284.649780
v -383.599915 -18.250002 -331.851898
v -404.143433 -11.441466 -284.649780
v -409.335358 -14.024240 -272.854004
v -383.599915 -18.250002 -331.851898
v -409.335358 -14.024240 -272.854004
v -410.781311 -17.194614 -269.644287
v -383.599915 -18.250002 -331.851898
v -410.781311 -17.194614 -269.644287
v -409.528656 -20.051373 -272.596985
v -781.387268 26.538549 -435.561035
v -780.816101 25.207474 -437.277191
v -409.528656 -20.051373 -272.596985
v -410.781311 -17.194614 -269.644287
v -409.335358 -14.024240 -272.854004
v -404.143433 -11.441466 -284.649780
v -776.777161 29.721722 -445.616882
v -780.519043 28.081758 -437.197327
v -410.781311 -17.194614 -269.644287
v -781.387268 26.538549 -435.561035
v -503.486908 -17.749342 -341.682251
v -502.855469 -15.185515 -374.580963
v -495.476410 -16.343733 -372.064178
v -489.403381 -19.478325 -342.028595
v -486.398682 -17.478735 -342.095856
v -493.303101 -14.242329 -372.110687
v -492.082550 -5.494422 -370.517273
v -485.238983 -8.034198 -342.095795
v -504.835846 -6.266216 -341.615143
v -503.426514 -4.144983 -374.534058
v -504.467377 -12.618903 -374.534210
v -505.918457 -15.082099 -341.615143
v -502.335297 -13.581295 -385.302948
v -498.477020 -14.055163 -385.397949
v -503.082306 -7.033015 -385.265350
v -503.634888 -11.533797 -385.264984
v -501.372192 -11.036599 -395.050873
v -501.063873 -10.122270 -396.040985
v -500.937836 -11.090249 -395.061646
v -500.499146 -10.628319 -395.070923
v -501.063873 -10.122270 -396.040985
v -500.392822 -9.763948 -395.070984
v -501.063873 -10.122270 -396.040985
v -501.103973 -9.245948 -395.052094
v -500.764832 -9.287440 -395.060181
v -501.063873 -10.122270 -396.040985
v -501.686157 -10.482507 -395.041473
v -501.579834 -9.618137 -395.041504
v -502.609100 -6.681215 -385.275696
v -496.828918 -7.673806 -385.418823
v -505.918457 -15.082099 -341.615143
v -504.467377 -12.618903 -374.534210
v -493.303101 -14.242329 -372.110687
v -486.398682 -17.478735 -342.095856
v -503.634888 -11.533797 -385.264984
v -496.973450 -12.351570 -385.429138
v -501.686157 -10.482507 -395.041473
v -500.499146 -10.628319 -395.070923
v -496.459991 -8.170236 -385.429138
v -496.973450 -12.351570 -385.429138
v -500.392822 -9.763948 -395.070984
v -501.579834 -9.618137 -395.041504
v -496.459991 -8.170236 -385.429138
v -503.082306 -7.033015 -385.265350
v -503.426514 -4.144983 -374.534058
v -492.082550 -5.494422 -370.517273
v -487.406677 -20.605680 -328.392883
v -503.477875 -19.261162 -315.654846
v -483.523407 -8.988195 -331.425385
v -484.665771 -18.466879 -330.556427
v -505.531372 -16.720963 -314.018250
v -504.533661 -8.449468 -314.837738
v -505.531372 -16.720963 -314.018250
v -484.665771 -18.466879 -330.556427
v -680.120117 5.382756 -415.449097
v -679.594055 7.523559 -437.671021
v -672.560913 6.628145 -435.745758
v -668.640930 3.983035 -415.736237
v -666.153015 5.638626 -415.791443
v -670.761292 8.368564 -435.784088
v -669.248413 15.390083 -433.781860
v -665.135437 13.782475 -415.791351
v -681.194519 15.131056 -415.393555
v -680.067749 16.660099 -437.632843
v -680.928589 9.648570 -437.632660
v -682.133484 7.591176 -415.393341
v -678.904663 9.087246 -448.496063
v -675.709778 8.695272 -448.574829
v -679.555237 14.245887 -448.464844
v -679.980774 10.782838 -448.464661
v -678.126831 11.249868 -457.641663
v -677.871277 12.007057 -458.461609
v -677.767029 11.205443 -457.650421
v -677.403687 11.588096 -457.658051
v -677.871277 12.007057 -458.461609
v -677.316040 12.303410 -457.657959
v -677.871277 12.007057 -458.461609
v -677.904724 12.732544 -457.642731
v -677.624084 12.697818 -457.649658
v -677.871277 12.007057 -458.461609
v -678.386719 11.708645 -457.633972
v -678.299072 12.424382 -457.633881
v -679.163513 14.537103 -448.473450
v -674.377502 13.715615 -448.591797
v -682.133484 7.591176 -415.393341
v -680.928589 9.648570 -437.632660
v -670.761292 8.368564 -435.784088
v -666.153015 5.638626 -415.791443
v -679.980774 10.782838 -448.464661
v -674.465027 10.105438 -448.600677
v -678.386719 11.708645 -457.633972
v -677.403687 11.588096 -457.658051
v -674.465027 10.105438 -448.600677
v -674.072388 13.304310 -448.600464
v -677.316040 12.303410 -457.657959
v -678.299072 12.424382 -457.633881
v -674.072388 13.304310 -448.600464
v -679.555237 14.245887 -448.464844
v -680.067749 16.660099 -437.632843
v -669.248413 15.390083 -433.781860
v -666.805725 3.017221 -404.445618
v -680.112122 4.130923 -393.898346
v -663.535400 12.947692 -406.956451
v -664.536255 4.788549 -406.237030
v -681.812805 6.234160 -392.542969
v -680.986511 13.085488 -393.221985
v -681.812805 6.234160 -392.542969
v -664.536255 4.788549 -406.237030
v -504.533661 -8.449468 -314.837738
v -505.531372 -16.720963 -314.018250
v -503.477875 -19.261162 -315.654846
v -503.477875 -19.261162 -315.654846
v -487.406677 -20.605680 -328.392883
v -484.665771 -18.466879 -330.556427
v -504.533661 -8.449468 -314.837738
v -503.477875 -19.261162 -315.654846
v -484.665771 -18.466879 -330.556427
v -483.523407 -8.988195 -331.425385
v -504.533661 -8.449468 -314.837738
v -484.665771 -18.466879 -330.556427
v -680.986511 13.085488 -393.221985
v -681.812805 6.234160 -392.542969
v -680.112122 4.130923 -393.898346
v -680.112122 4.130923 -393.898346
v -666.805725 3.017221 -404.445618
v -664.536255 4.788549 -406.237030
v -680.986511 13.085488 -393.221985
v -680.112122 4.130923 -393.898346
v -664.536255 4.788549 -406.237030
v -663.535400 12.947692 -406.956451
v -680.986511 13.085488 -393.221985
v -664.536255 4.788549 -406.237030
v -486.446503 -21.657822 -298.365479
v -502.850739 -19.125381 -290.869934
v -503.477631 -19.261051 -315.654480
v -487.406342 -20.605797 -328.392578
v -482.994995 -11.326824 -298.418976
v -483.978363 -19.592241 -298.418915
v -484.665466 -18.466791 -330.556396
v -483.523041 -8.988394 -331.425385
v -503.873138 -9.206127 -291.284821
v -504.533630 -8.449780 -314.837769
v -505.531189 -16.721191 -314.017914
v -504.764465 -16.586199 -291.698425
v -486.240784 -20.604887 -283.614441
v -483.064545 -11.669904 -282.194366
v -483.846161 -18.449467 -282.560974
v -483.846161 -18.449467 -282.560974
v -503.873138 -9.206127 -291.284821
v -482.994995 -11.326824 -298.418976
v -504.533630 -8.449780 -314.837769
v -483.064545 -11.669904 -282.194366
v -503.873138 -9.206127 -291.284821
v -504.764465 -16.586199 -291.698425
v -504.764465 -16.586199 -291.698425
v -502.850739 -19.125381 -290.869934
v -486.240784 -20.604887 -283.614441
v -483.064545 -11.669904 -282.194366
v -504.764465 -16.586199 -291.698425
v -486.240784 -20.604887 -283.614441
v -483.846161 -18.449467 -282.560974
v -504.533630 -8.449780 -314.837769
v -483.523041 -8.988394 -331.425385
v -484.665466 -18.466791 -330.556396
v -487.406342 -20.605797 -328.392578
v -503.477631 -19.261051 -315.654480
v -505.531189 -16.721191 -314.017914
v -483.523041 -8.988394 -331.425385
v -483.064545 -11.669904 -282.194366
v -487.870331 -10.967505 -323.678680
v -487.771423 -10.367286 -343.824249
v -491.789825 -9.918120 -343.830444
v -491.789825 -9.918120 -343.830444
v -491.888763 -10.518340 -323.684875
v -487.870331 -10.967505 -323.678680
v -488.604645 -17.536070 -323.878143
v -492.622986 -17.086477 -323.884338
v -492.524261 -16.486258 -344.029541
v -492.524261 -16.486258 -344.029541
v -488.505859 -16.935850 -344.023346
v -488.604645 -17.536070 -323.878143
v -487.870331 -10.967505 -323.678680
v -488.604645 -17.536070 -323.878143
v -488.505859 -16.935850 -344.023346
v -488.505859 -16.935850 -344.023346
v -487.771423 -10.367286 -343.824249
v -487.870331 -10.967505 -323.678680
v -491.789825 -9.918120 -343.830444
v -492.524261 -16.486258 -344.029541
v -492.622986 -17.086477 -323.884338
v -492.622986 -17.086477 -323.884338
v -491.888763 -10.518340 -323.684875
v -491.789825 -9.918120 -343.830444
v -666.010437 2.146297 -382.688263
v -679.461182 4.218583 -377.158234
v -680.112244 4.130510 -393.897919
v -666.805420 3.017359 -404.445068
v -663.134583 10.801961 -382.732880
v -663.967041 3.856517 -382.732727
v -664.535767 4.788475 -406.236511
v -663.535461 12.947484 -406.955963
v -680.315552 12.535617 -377.971710
v -680.986389 13.085197 -393.221619
v -681.812927 6.233791 -392.542664
v -681.052307 6.306646 -377.959473
v -666.140137 3.081762 -371.321259
v -663.609009 10.515521 -370.619598
v -664.265015 4.874012 -370.603699
v -664.265015 4.874012 -370.603699
v -663.134583 10.801961 -382.732880
v -680.986389 13.085197 -393.221619
v -680.315552 12.535617 -377.971710
v -663.609009 10.515521 -370.619598
v -680.315552 12.535617 -377.971710
v -681.052307 6.306646 -377.959473
v -681.052307 6.306646 -377.959473
v -679.461182 4.218583 -377.158234
v -666.140137 3.081762 -371.321259
v -663.609009 10.515521 -370.619598
v -681.052307 6.306646 -377.959473
v -666.140137 3.081762 -371.321259
v -663.609009 10.515521 -370.619598
v -666.140137 3.081762 -371.321259
v -664.265015 4.874012 -370.603699
v -680.986389 13.085197 -393.221619
v -663.535461 12.947484 -406.955963
v -664.535767 4.788475 -406.236511
v -666.805420 3.017359 -404.445068
v -680.112244 4.130510 -393.897919
v -681.812927 6.233791 -392.542664
v -663.535461 12.947484 -406.955963
v -663.609009 10.515521 -370.619598
v -666.529907 11.872791 -399.265289
v -666.430908 12.473228 -419.410492
v -670.449524 12.922338 -419.416748
v -670.449524 12.922338 -419.416748
v -670.548523 12.322327 -399.271484
v -666.529907 11.872791 -399.265289
v -667.264160 5.304724 -399.464783
v -671.282837 5.753834 -399.470978
v -671.183777 6.354272 -419.616180
v -671.183777 6.354272 -419.616180
v -667.165222 5.904736 -419.609985
v -667.264160 5.304724 -399.464783
v -666.529907 11.872791 -399.265289
v -667.264160 5.304724 -399.464783
v -667.165222 5.904736 -419.609985
v -667.165222 5.904736 -419.609985
v -666.430908 12.473228 -419.410492
v -666.529907 11.872791 -399.265289
v -670.449524 12.922338 -419.416748
v -671.183777 6.354272 -419.616180
v -671.282837 5.753834 -399.470978
v -671.282837 5.753834 -399.470978
v -670.548523 12.322327 -399.271484
v -670.449524 12.922338 -419.416748
v 2.693219 -41.700100 -1199.296387
v -2.693219 -41.700100 -1199.296387
v -2.693219 -37.770336 -1216.827271
v 2.693219 -37.770336 -1216.827271
v -2.693219 -39.059883 -1198.704468
v -2.693219 -34.332966 -1216.059204
v -2.693219 -35.635765 -1218.100952
v -2.693219 -39.059883 -1198.704468
v -2.693219 -35.635765 -1218.100952
v -2.693219 -37.770336 -1216.827271
v -2.693219 -41.700100 -1199.296387
v 2.693219 -34.332966 -1216.059204
v 2.693219 -39.059883 -1198.704468
v 2.693219 -41.700100 -1199.296387
v 2.693219 -35.635765 -1218.100952
v 2.693219 -34.332966 -1216.059204
v 2.693219 -41.700100 -1199.296387
v 2.693219 -35.635765 -1218.100952
v 2.693219 -41.700100 -1199.296387
v 2.693219 -37.770336 -1216.827271
v 2.693219 -39.059883 -1198.704468
v 2.693219 -34.332966 -1216.059204
v -2.693219 -34.332966 -1216.059204
v -2.693219 -39.059883 -1198.704468
v -2.693219 -35.635765 -1218.100952
v 2.693219 -35.635765 -1218.100952
v -2.693219 -35.635765 -1218.100952
v 2.693219 -35.635765 -1218.100952
v 0.000000 -38.311459 -1212.035400
v 1.732790 -36.686382 -1212.912842
v 1.732790 -26.532845 -1194.107422
v 0.000000 -28.158352 -1193.229858
v 0.000000 -35.060875 -1213.790405
v 0.000000 -24.907766 -1194.984863
v 0.000000 -35.060875 -1213.790405
v -1.732790 -36.686382 -1212.912842
v -1.732790 -26.532845 -1194.107422
v 0.000000 -24.907766 -1194.984863
v 0.000000 -38.311459 -1212.035400
v 0.000000 -28.158352 -1193.229858
v -167.408722 -42.533413 -228.593277
v -164.249451 -50.162457 -268.855682
v -315.415955 -22.990246 -278.566559
v -318.326813 -17.562799 -238.637604
v -315.415955 -22.990246 -278.566559
v -164.249451 -50.162457 -268.855682
v -167.408722 -42.533413 -228.593277
v -318.326813 -17.562799 -238.637604
v -260.455200 -55.941486 -255.434967
v -270.770081 -54.122715 -255.434967
v -269.762360 -52.279720 -288.818146
v -260.757874 -53.917458 -288.030365
v -255.279510 -41.357071 -255.435059
v -257.484314 -53.861080 -255.435043
v -257.668152 -51.874249 -287.760162
v -255.488754 -39.537609 -287.569336
v -270.627472 -38.547520 -255.435181
v -269.801910 -37.046589 -288.821960
v -271.936920 -49.268166 -289.008759
v -272.850006 -51.151711 -255.435242
v -272.850006 -51.151711 -255.435242
v -270.631531 -53.338646 -227.519913
v -272.713196 -50.375473 -227.629013
v -271.936920 -49.268166 -289.008759
v -257.484314 -53.861080 -255.435043
v -257.668152 -51.874249 -287.760162
v -260.310181 -55.119171 -226.978989
v -255.602112 -43.187702 -226.730530
v -257.337341 -53.027927 -226.823181
v -272.713196 -50.375473 -227.629013
v -270.929382 -40.258224 -227.535095
v -257.337341 -53.027927 -226.823181
v -270.627472 -38.547520 -255.435181
v -270.929382 -40.258224 -227.535095
v -255.602112 -43.187702 -226.730530
v -255.279510 -41.357071 -255.435059
v -255.602112 -43.187702 -226.730530
v -270.929382 -40.258224 -227.535095
v -272.713196 -50.375473 -227.629013
v -255.602112 -43.187702 -226.730530
v -272.713196 -50.375473 -227.629013
v -270.631531 -53.338646 -227.519913
v -270.631531 -53.338646 -227.519913
v -260.310181 -55.119171 -226.978989
v -257.337341 -53.027927 -226.823181
v -255.602112 -43.187702 -226.730530
v -270.631531 -53.338646 -227.519913
v -257.337341 -53.027927 -226.823181
v -269.801910 -37.046589 -288.821960
v -255.488754 -39.537609 -287.569336
v -257.668152 -51.874249 -287.760162
v -260.757874 -53.917458 -288.030365
v -269.762360 -52.279720 -288.818146
v -271.936920 -49.268166 -289.008759
v -257.668152 -51.874249 -287.760162
v -260.757874 -53.917458 -288.030365
v -271.936920 -49.268166 -289.008759
v -269.801910 -37.046589 -288.821960
v -257.668152 -51.874249 -287.760162
v -271.936920 -49.268166 -289.008759
v -255.488754 -39.537609 -287.569336
v -269.801910 -37.046589 -288.821960
v -105.592903 -77.037651 -106.202805
v -105.592903 -69.375160 -232.430206
v -105.592903 -77.107315 -233.184601
v -100.973701 -84.935219 -233.959961
v -100.973701 -84.935219 -104.067383
v -100.973701 -84.935219 -104.067383
v -100.973701 -84.935219 -233.959961
v -83.458588 -95.078918 -234.401077
v -83.458588 -95.078918 -100.307304
v -48.161221 -101.188133 -234.401077
v -48.161221 -101.188133 -100.307304
v -20.470774 -102.323814 -232.430634
v -20.470774 -102.323814 -106.202805
v -105.592903 -77.037651 -106.202805
v -105.592903 -77.107315 -233.184601
v -105.592903 -69.375160 -232.430206
v -100.973701 -84.935219 -104.067383
v -100.973701 -84.935219 -233.959961
v -83.458588 -95.078918 -100.307304
v -83.458588 -95.078918 -234.401077
v -48.161221 -101.188133 -100.307304
v -48.161221 -101.188133 -234.401077
v -20.470774 -102.323814 -106.202805
v -20.470774 -102.323814 -232.430634
v -198.267258 -56.187508 -172.896759
v -211.434570 -53.334999 -180.242584
v -211.434570 -52.435532 -199.629929
v -188.073990 -56.298531 -204.766220
v -188.073990 -57.514778 -182.987137
v -211.434570 -52.435532 -199.629929
v -211.434570 -53.334999 -180.242584
v -198.267258 -56.187508 -172.896759
v -188.073990 -56.298531 -204.766220
v -188.073990 -57.514778 -182.987137
v -46.762497 35.632729 -1327.329102
v -338.473969 75.359459 -1445.455933
v -338.474274 78.579819 -1476.998169
v -33.249645 45.583946 -1400.816528
v -33.249645 45.583946 -1400.816528
v -338.474274 78.579819 -1476.998169
v -338.474030 80.478737 -1445.455933
v -46.240376 49.314014 -1326.197266
v -33.249645 45.583946 -1400.816528
v -46.240376 49.314014 -1326.197266
v -46.762497 35.632729 -1327.329102
v -338.473969 75.359459 -1445.455933
v -46.762497 35.632729 -1327.329102
v -46.240376 49.314014 -1326.197266
v -46.240376 49.314014 -1326.197266
v -338.474030 80.478737 -1445.455933
v -338.473969 75.359459 -1445.455933
v -338.474030 80.478737 -1445.455933
v -338.474274 78.579819 -1476.998169
v -338.473969 75.359459 -1445.455933
v 167.408722 -42.533413 -228.593277
v 318.326813 -17.562799 -238.637604
v 315.415466 -22.987482 -278.566895
v 164.249374 -50.159595 -268.856171
v 315.415466 -22.987482 -278.566895
v 318.326813 -17.562799 -238.637604
v 167.408722 -42.533413 -228.593277
v 164.249374 -50.159595 -268.856171
v 260.455261 -55.941486 -255.434967
v 260.757935 -53.917458 -288.030396
v 269.762421 -52.279720 -288.818176
v 270.769714 -54.122787 -255.434937
v 255.279556 -41.357082 -255.435089
v 255.488785 -39.537617 -287.569794
v 257.668213 -51.874256 -287.760193
v 257.484375 -53.861088 -255.435059
v 270.627533 -38.547527 -255.435211
v 272.850067 -51.151711 -255.435272
v 271.936981 -49.268166 -289.008759
v 269.801971 -37.046604 -288.821960
v 272.850067 -51.151711 -255.435272
v 272.713257 -50.375473 -227.629013
v 270.631592 -53.338646 -227.519913
v 271.936981 -49.268166 -289.008759
v 257.484375 -53.861088 -255.435059
v 257.668213 -51.874256 -287.760193
v 260.310242 -55.119171 -226.978989
v 257.337402 -53.027935 -226.823181
v 255.602173 -43.187710 -226.730530
v 270.929443 -40.258232 -227.535095
v 272.713257 -50.375473 -227.629013
v 257.337402 -53.027935 -226.823181
v 270.627533 -38.547527 -255.435211
v 255.279556 -41.357082 -255.435089
v 255.602173 -43.187710 -226.730530
v 270.929443 -40.258232 -227.535095
v 257.337402 -53.027935 -226.823181
v 260.310242 -55.119171 -226.978989
v 270.631592 -53.338646 -227.519913
v 255.602173 -43.187710 -226.730530
v 257.337402 -53.027935 -226.823181
v 270.631592 -53.338646 -227.519913
v 255.602173 -43.187710 -226.730530
v 270.631592 -53.338646 -227.519913
v 272.713257 -50.375473 -227.629013
v 255.602173 -43.187710 -226.730530
v 272.713257 -50.375473 -227.629013
v 270.929443 -40.258232 -227.535095
v 271.936981 -49.268166 -289.008759
v 269.762421 -52.279720 -288.818176
v 260.757935 -53.917458 -288.030396
v 271.936981 -49.268166 -289.008759
v 260.757935 -53.917458 -288.030396
v 257.668213 -51.874256 -287.760193
v 269.801971 -37.046604 -288.821960
v 271.936981 -49.268166 -289.008759
v 257.668213 -51.874256 -287.760193
v 269.801971 -37.046604 -288.821960
v 257.668213 -51.874256 -287.760193
v 255.488785 -39.537617 -287.569794
v 269.801971 -37.046604 -288.821960
v 255.488785 -39.537617 -287.569794
v 105.592781 -77.037651 -106.202805
v 105.592781 -77.107315 -233.184601
v 105.593216 -69.375160 -232.430206
v 100.973999 -84.935219 -104.067383
v 100.973999 -84.935219 -233.959961
v 100.973999 -84.935219 -104.067383
v 83.458893 -95.078918 -100.307304
v 83.458893 -95.078918 -234.401077
v 100.973999 -84.935219 -233.959961
v 48.161522 -101.188133 -100.307304
v 48.161522 -101.188133 -234.401077
v 20.471073 -102.323814 -106.202805
v 20.471073 -102.323814 -232.430634
v 105.592781 -77.037651 -106.202805
v 105.593216 -69.375160 -232.430206
v 105.592781 -77.107315 -233.184601
v 100.973999 -84.935219 -233.959961
v 100.973999 -84.935219 -104.067383
v 83.458893 -95.078918 -234.401077
v 83.458893 -95.078918 -100.307304
v 48.161522 -101.188133 -234.401077
v 48.161522 -101.188133 -100.307304
v 20.471073 -102.323814 -232.430634
v 20.471073 -102.323814 -106.202805
v 211.434448 -52.435532 -199.629929
v 211.434448 -53.335003 -180.242615
v 198.267563 -56.187508 -172.896759
v 188.073853 -56.298531 -204.766205
v 188.073853 -57.514786 -182.987152
v 198.267563 -56.187508 -172.896759
v 211.434448 -53.335003 -180.242615
v 211.434448 -52.435532 -199.629929
v 188.073853 -56.298531 -204.766205
v 188.073853 -57.514786 -182.987152
v 46.762589 35.633041 -1327.328735
v 33.249584 45.584320 -1400.816528
v 338.474243 78.579834 -1476.998169
v 338.474365 75.359070 -1445.456055
v 33.249584 45.584320 -1400.816528
v 46.240318 49.314331 -1326.197266
v 338.474396 80.478783 -1445.456055
v 338.474243 78.579834 -1476.998169
v 33.249584 45.584320 -1400.816528
v 46.762589 35.633041 -1327.328735
v 46.240318 49.314331 -1326.197266
v 338.474365 75.359070 -1445.456055
v 338.474396 80.478783 -1445.456055
v 46.240318 49.314331 -1326.197266
v 46.240318 49.314331 -1326.197266
v 46.762589 35.633041 -1327.328735
v 338.474365 75.359070 -1445.456055
v 338.474396 80.478783 -1445.456055
v 338.474365 75.359070 -1445.456055
v 338.474243 78.579834 -1476.998169
v 0.000008 -69.254463 1000.641052
v -24.363354 -65.113487 1000.641113
v -24.363354 -74.518593 971.608765
v 0.000008 -78.561554 971.608765
v 0.000008 -62.546501 1019.368835
v -24.363354 -58.314671 1019.369080
v -24.363354 -82.871140 939.824585
v 0.000008 -86.415359 939.824585
v 0.000008 -69.254463 1000.641052
v 0.000008 -78.561554 971.608765
v -24.363354 -74.518593 971.608765
v -24.363354 -65.113487 1000.641113
v -24.363354 -58.314671 1019.369080
v 0.000008 -62.546501 1019.368835
v 0.000008 -86.415359 939.824585
v -24.363354 -82.871140 939.824585
v 0.000015 -69.254456 1000.641052
v 0.000015 -78.561539 971.608765
v 24.363354 -74.518578 971.608765
v 24.363354 -65.113480 1000.641113
v 24.363354 -58.314796 1019.368713
v 0.000015 -62.546501 1019.368835
v 24.363354 -82.871239 939.824158
v 0.000015 -86.415329 939.824585
v 0.000015 -69.254456 1000.641052
v 24.363354 -65.113480 1000.641113
v 24.363354 -74.518578 971.608765
v 0.000015 -78.561539 971.608765
v 0.000015 -62.546501 1019.368835
v 24.363354 -58.314796 1019.368713
v 24.363354 -82.871239 939.824158
v 0.000015 -86.415329 939.824585
v 88.040527 -64.005783 -163.500610
v 205.023178 -41.075874 -183.070389
v 203.051666 -34.323036 -186.944427
v 86.068680 -57.253094 -167.374191
v 88.715912 -70.907669 -167.550781
v 205.698471 -47.977692 -187.120972
v 87.419281 -71.056381 -175.474869
v 204.401855 -48.126400 -195.045044
v 85.447350 -64.303627 -179.348862
v 202.430405 -41.373627 -198.918701
v 85.447350 -64.303627 -179.348862
v 84.772476 -57.401726 -175.298340
v 201.755051 -34.471745 -194.868530
v 202.430405 -41.373627 -198.918701
v 91.601448 -70.160759 -173.697510
v 88.995117 -56.713982 -173.523727
v 91.417404 -56.096127 -184.983307
v 91.417404 -56.096127 -184.983307
v 94.024155 -69.542824 -185.157181
v 91.601448 -70.160759 -173.697510
v 102.204430 -54.125004 -175.733566
v 97.540672 -54.896229 -186.007523
v 91.417404 -56.096127 -184.983307
v 91.417404 -56.096127 -184.983307
v 88.995117 -56.713982 -173.523727
v 102.204430 -54.125004 -175.733566
v 102.204430 -54.125004 -175.733566
v 104.811111 -67.571281 -175.907333
v 100.147270 -68.342445 -186.181732
v 100.147270 -68.342445 -186.181732
v 97.540672 -54.896229 -186.007523
v 102.204430 -54.125004 -175.733566
v 91.601448 -70.160759 -173.697510
v 94.024155 -69.542824 -185.157181
v 100.147270 -68.342445 -186.181732
v 100.147270 -68.342445 -186.181732
v 104.811111 -67.571281 -175.907333
v 91.601448 -70.160759 -173.697510
v 111.907471 -48.289410 -170.550568
v 112.427467 -49.320255 -168.365097
v 123.651337 -47.219017 -170.044495
v 123.131416 -46.188583 -172.230042
v 113.562775 -59.132778 -171.087723
v 112.971870 -51.844532 -167.509857
v 112.427467 -49.320255 -168.365097
v 112.233772 -56.497616 -176.674744
v 113.562775 -59.132778 -171.087723
v 112.427467 -49.320255 -168.365097
v 112.427467 -49.320255 -168.365097
v 111.907471 -48.289410 -170.550568
v 111.642448 -49.209454 -173.096802
v 112.233772 -56.497616 -176.674744
v 112.427467 -49.320255 -168.365097
v 111.642448 -49.209454 -173.096802
v 113.562775 -59.132778 -171.087723
v 125.064789 -56.979580 -172.808456
v 124.248695 -49.734283 -169.197250
v 112.971870 -51.844532 -167.509857
v 123.735443 -54.344913 -178.395477
v 122.919678 -47.099121 -174.784241
v 123.131416 -46.188583 -172.230042
v 125.064789 -56.979580 -172.808456
v 123.735443 -54.344913 -178.395477
v 123.131416 -46.188583 -172.230042
v 123.131416 -46.188583 -172.230042
v 123.651337 -47.219017 -170.044495
v 124.248695 -49.734283 -169.197250
v 125.064789 -56.979580 -172.808456
v 123.131416 -46.188583 -172.230042
v 124.248695 -49.734283 -169.197250
v 123.735443 -54.344913 -178.395477
v 112.233772 -56.497616 -176.674744
v 111.642448 -49.209454 -173.096802
v 122.919678 -47.099121 -174.784241
v 91.417404 -56.096127 -184.983307
v 97.540672 -54.896229 -186.007523
v 100.147270 -68.342445 -186.181732
v 100.147270 -68.342445 -186.181732
v 94.024155 -69.542824 -185.157181
v 91.417404 -56.096127 -184.983307
v 110.226662 -48.722252 -181.455948
v 110.460648 -47.929268 -179.126724
v 121.637268 -45.738453 -180.996521
v 121.403351 -46.531849 -183.325790
v 112.688217 -56.700459 -174.322021
v 111.033958 -49.106251 -176.742538
v 110.460648 -47.929268 -179.126724
v 112.089699 -58.728565 -180.276321
v 112.688217 -56.700459 -174.322021
v 110.460648 -47.929268 -179.126724
v 110.460648 -47.929268 -179.126724
v 110.226662 -48.722252 -181.455948
v 110.435364 -51.133945 -182.696762
v 112.089699 -58.728565 -180.276321
v 110.460648 -47.929268 -179.126724
v 110.435364 -51.133945 -182.696762
v 112.688217 -56.700459 -174.322021
v 124.141884 -54.455647 -176.237900
v 122.263786 -46.905861 -178.620743
v 111.033958 -49.106251 -176.742538
v 123.543365 -56.483749 -182.192184
v 121.664787 -48.933632 -184.574875
v 121.403351 -46.531849 -183.325790
v 124.141884 -54.455647 -176.237900
v 123.543365 -56.483749 -182.192184
v 121.403351 -46.531849 -183.325790
v 121.403351 -46.531849 -183.325790
v 121.637268 -45.738453 -180.996521
v 122.263786 -46.905861 -178.620743
v 124.141884 -54.455647 -176.237900
v 121.403351 -46.531849 -183.325790
v 122.263786 -46.905861 -178.620743
v 123.543365 -56.483749 -182.192184
v 112.089699 -58.728565 -180.276321
v 110.435364 -51.133945 -182.696762
v 121.664787 -48.933632 -184.574875
v 127.490646 -45.376938 -168.929428
v 126.839355 -43.481350 -171.354218
v 123.062859 -46.084579 -172.438492
v 123.062859 -46.084579 -172.438492
v 123.734093 -48.039207 -169.938370
v 127.490646 -45.376938 -168.929428
v 129.605606 -46.522552 -170.393051
v 127.490646 -45.376938 -168.929428
v 123.734093 -48.039207 -169.938370
v 123.990288 -51.138302 -172.429672
v 128.954315 -44.626965 -172.817841
v 129.605606 -46.522552 -170.393051
v 123.990288 -51.138302 -172.429672
v 123.990288 -51.138302 -172.429672
v 123.318634 -49.183754 -174.929733
v 128.954315 -44.626965 -172.817841
v 126.839355 -43.481350 -171.354218
v 128.954315 -44.626965 -172.817841
v 123.318634 -49.183754 -174.929733
v 123.062859 -46.084579 -172.438492
v 123.031288 -44.836639 -180.894791
v 122.741455 -45.780186 -183.882095
v 121.551094 -47.420849 -183.299454
v 121.551094 -47.420849 -183.299454
v 121.849716 -46.447979 -180.219803
v 123.031288 -44.836639 -180.894791
v 125.835716 -46.162308 -180.748215
v 123.031288 -44.836639 -180.894791
v 121.849716 -46.447979 -180.219803
v 122.608498 -49.560543 -179.310287
v 125.545952 -47.105923 -183.735092
v 125.835716 -46.162308 -180.748215
v 122.608498 -49.560543 -179.310287
v 122.608498 -49.560543 -179.310287
v 122.309875 -50.533413 -182.389938
v 125.545952 -47.105923 -183.735092
v 122.741455 -45.780186 -183.882095
v 125.545952 -47.105923 -183.735092
v 122.309875 -50.533413 -182.389938
v 121.551094 -47.420849 -183.299454
v 114.200867 -72.669357 -159.746994
v 105.592873 -73.938515 -159.746872
v 105.592979 -69.905014 -222.901749
v 110.013817 -69.195404 -221.929565
v 123.916786 -66.907646 -218.872894
v 124.298546 -70.216728 -159.747009
v 181.112762 -59.903740 -163.326736
v 128.450378 -71.794418 -119.138069
v 124.298843 -72.302689 -123.178360
v 111.174423 -68.535660 -228.843765
v 118.115936 -67.373924 -227.763977
v 198.267609 -56.187309 -172.896881
v 188.074005 -57.514648 -182.987213
v 114.200867 -72.669357 -159.746994
v 124.298546 -70.216728 -159.747009
v 123.916786 -66.907646 -218.872894
v 110.013817 -69.195404 -221.929565
v 188.073883 -56.298290 -204.766159
v 181.112762 -59.903740 -163.326736
v 198.267609 -56.187309 -172.896881
v 188.074005 -57.514648 -182.987213
v 124.298843 -72.302689 -123.178360
v 128.450378 -71.794418 -119.138069
v 188.073883 -56.298290 -204.766159
v 105.592979 -69.905014 -222.901749
v 105.592873 -73.938515 -159.746872
v 118.115936 -67.373924 -227.763977
v 111.174423 -68.535660 -228.843765
v 62.777126 -62.983742 -164.166473
v 101.932556 -55.308868 -170.716797
v 100.850883 -55.433018 -177.328094
v 61.695454 -63.107891 -170.777771
v 101.414238 -61.190914 -180.707001
v 62.258801 -68.865784 -174.156693
v 62.258801 -68.865784 -174.156693
v 101.414238 -61.190914 -180.707001
v 103.059120 -66.824677 -177.475464
v 63.903683 -74.499550 -170.925140
v 104.140785 -66.700523 -170.864166
v 64.985352 -74.375397 -164.313858
v 103.577438 -60.942631 -167.485260
v 64.422005 -68.617500 -160.934937
v 64.422005 -68.617500 -160.934937
v 103.577438 -60.942631 -167.485260
v 48.330418 -63.446461 -161.436798
v 51.425194 -79.411568 -161.643326
v 66.367386 -76.528725 -160.588745
v 63.272606 -60.563618 -160.382202
v 46.972393 -63.602329 -169.737183
v 60.906746 -60.835163 -174.842621
v 64.001518 -76.800262 -175.049164
v 50.067169 -79.567436 -169.943726
v 51.425194 -79.411568 -161.643326
v 50.067169 -79.567436 -169.943726
v 64.001518 -76.800262 -175.049164
v 64.001518 -76.800262 -175.049164
v 66.367386 -76.528725 -160.588745
v 51.425194 -79.411568 -161.643326
v 66.367386 -76.528725 -160.588745
v 64.001518 -76.800262 -175.049164
v 60.906746 -60.835163 -174.842621
v 63.272606 -60.563618 -160.382202
v 63.272606 -60.563618 -160.382202
v 60.906746 -60.835163 -174.842621
v 46.972393 -63.602329 -169.737183
v 46.972393 -63.602329 -169.737183
v 48.330418 -63.446461 -161.436798
v 63.272606 -60.563618 -160.382202
v 36.216274 -65.720665 -167.163086
v 39.311050 -81.685768 -167.369614
v 51.425194 -79.411568 -161.643326
v 39.311050 -81.685768 -167.369614
v 50.067169 -79.567436 -169.943726
v 39.311050 -81.685768 -167.369614
v 36.216274 -65.720665 -167.163086
v 46.972393 -63.602329 -169.737183
v 36.216274 -65.720665 -167.163086
v 48.330418 -63.446461 -161.436798
v 56.108597 -79.331177 -175.627640
v 57.977360 -79.005959 -172.765137
v 54.554558 -61.348679 -172.536713
v 52.685795 -61.673904 -175.399216
v 79.296036 -65.339729 -191.425873
v 78.240150 -59.892715 -191.355408
v 79.265945 -59.714195 -189.784119
v 80.321831 -65.161209 -189.854599
v 60.556721 -78.401962 -180.804031
v 57.420143 -79.037399 -178.684158
v 54.006905 -61.430103 -178.454254
v 57.211929 -61.103687 -180.567795
v 57.839573 -60.763103 -172.583496
v 61.254906 -78.370033 -172.810196
v 64.391487 -77.734596 -174.930099
v 61.030411 -60.439159 -174.718781
v 56.108597 -79.331177 -175.627640
v 57.420143 -79.037399 -178.684158
v 60.556721 -78.401962 -180.804031
v 56.108597 -79.331177 -175.627640
v 60.556721 -78.401962 -180.804031
v 64.391487 -77.734596 -174.930099
v 56.108597 -79.331177 -175.627640
v 64.391487 -77.734596 -174.930099
v 61.254906 -78.370033 -172.810196
v 57.977360 -79.005959 -172.765137
v 56.108597 -79.331177 -175.627640
v 61.254906 -78.370033 -172.810196
v 77.619347 -65.664391 -191.453720
v 79.296036 -65.339729 -191.425873
v 80.321831 -65.161209 -189.854599
v 80.321831 -65.161209 -189.854599
v 79.696991 -65.302818 -188.271240
v 76.433273 -65.964294 -186.043869
v 77.619347 -65.664391 -191.453720
v 80.321831 -65.161209 -189.854599
v 76.433273 -65.964294 -186.043869
v 74.336098 -66.329269 -189.256271
v 77.619347 -65.664391 -191.453720
v 76.433273 -65.964294 -186.043869
v 61.030411 -60.439159 -174.718781
v 57.211929 -61.103687 -180.567795
v 54.006905 -61.430103 -178.454254
v 52.685795 -61.673904 -175.399216
v 54.554558 -61.348679 -172.536713
v 57.839573 -60.763103 -172.583496
v 76.433273 -65.964294 -186.043869
v 75.319115 -60.265011 -185.984009
v 74.336098 -66.329269 -189.256271
v 76.433273 -65.964294 -186.043869
v 64.391487 -77.734596 -174.930099
v 64.391487 -77.734596 -174.930099
v 60.556721 -78.401962 -180.804031
v 74.336098 -66.329269 -189.256271
v 73.240074 -60.626823 -189.168625
v 74.336098 -66.329269 -189.256271
v 73.240074 -60.626823 -189.168625
v 57.211929 -61.103687 -180.567795
v 61.030411 -60.439159 -174.718781
v 61.030411 -60.439159 -174.718781
v 75.319115 -60.265011 -185.984009
v 73.240074 -60.626823 -189.168625
v 78.630264 -59.806053 -188.203445
v 79.696991 -65.302818 -188.271240
v 76.556343 -60.166981 -191.380219
v 77.619347 -65.664391 -191.453720
v 78.630264 -59.806053 -188.203445
v 79.265945 -59.714195 -189.784119
v 78.240150 -59.892715 -191.355408
v 75.319115 -60.265011 -185.984009
v 73.240074 -60.626823 -189.168625
v 76.556343 -60.166981 -191.380219
v 56.108597 -79.331177 -175.627640
v 52.685795 -61.673904 -175.399216
v 78.240150 -59.892715 -191.355408
v 79.296036 -65.339729 -191.425873
v 47.327606 -53.584942 -201.758102
v 45.406639 -54.902088 -128.761612
v 54.125092 -60.793854 -128.638458
v 56.046139 -59.477123 -201.634949
v 56.046139 -59.477123 -201.634949
v 54.125092 -60.793854 -128.638458
v 48.238625 -69.511528 -128.950623
v 50.159672 -68.194794 -201.947098
v 39.519676 -63.619423 -129.073792
v 41.440720 -62.302700 -202.070282
v 41.440720 -62.302700 -202.070282
v 39.519676 -63.619423 -129.073792
v 56.046139 -59.477123 -201.634949
v 50.159672 -68.194794 -201.947098
v 47.327606 -53.584942 -201.758102
v 41.440720 -62.302700 -202.070282
v 47.327606 -53.584942 -201.758102
v 50.159672 -68.194794 -201.947098
v 48.238625 -69.511528 -128.950623
v 45.406639 -54.902088 -128.761612
v 39.519676 -63.619423 -129.073792
v 54.125092 -60.793854 -128.638458
v 45.406639 -54.902088 -128.761612
v 48.238625 -69.511528 -128.950623
v 46.660717 -65.141014 -193.571915
v 38.608315 -67.063217 -165.645264
v 37.210987 -59.854794 -165.552002
v 45.263390 -57.932587 -193.478638
v 45.188126 -66.150352 -137.615967
v 43.790798 -58.941929 -137.522705
v 45.263390 -57.932587 -193.478638
v 37.210987 -59.854794 -165.552002
v 43.790798 -58.941929 -137.522705
v 46.660717 -65.141014 -193.571915
v 45.188126 -66.150352 -137.615967
v 38.608315 -67.063217 -165.645264
v 39.513088 -70.454155 -189.859940
v 40.236858 -68.355209 -189.803040
v 38.685570 -69.418495 -130.856628
v 37.961796 -71.517441 -130.913528
v 40.236858 -68.355209 -189.803040
v 38.057308 -68.776863 -189.867996
v 36.506020 -69.840157 -130.921585
v 38.685570 -69.418495 -130.856628
v 38.057308 -68.776863 -189.867996
v 36.506020 -69.840157 -130.921585
v 44.412296 -71.622452 -135.965500
v 37.174313 -71.460190 -130.714264
v 48.677135 -67.484344 -130.649429
v 48.677135 -67.484344 -130.649429
v 37.174313 -71.460190 -130.714264
v 49.308533 -70.741562 -130.691574
v 45.931038 -53.317989 -130.466171
v 34.406990 -57.184322 -130.529587
v 46.562435 -56.575211 -130.508316
v 46.562435 -56.575211 -130.508316
v 34.406990 -57.184322 -130.529587
v 41.034798 -54.198883 -135.740082
v 45.972141 -70.553299 -195.237030
v 38.734161 -70.391037 -189.985779
v 45.340744 -67.296089 -195.194870
v 45.340744 -67.296089 -195.194870
v 38.734161 -70.391037 -189.985779
v 50.868382 -69.672409 -189.963089
v 47.490879 -52.248837 -189.737701
v 35.966835 -56.115166 -189.801102
v 43.226044 -56.386944 -195.053757
v 43.226044 -56.386944 -195.053757
v 35.966835 -56.115166 -189.801102
v 42.594646 -53.129730 -195.011612
v 54.297955 -85.553017 -201.950317
v 44.681286 -35.943287 -201.308533
v 51.046310 -34.798141 -194.452530
v 60.662979 -84.407875 -195.094315
v 60.662979 -84.407875 -195.094315
v 51.046310 -34.798141 -194.452530
v 44.330673 -36.183598 -187.986008
v 53.947346 -85.793327 -188.627792
v 37.965656 -37.328735 -194.842422
v 47.582333 -86.938469 -195.484207
v 47.582333 -86.938469 -195.484207
v 37.965656 -37.328735 -194.842422
v 52.738087 -86.622185 -142.677948
v 43.121414 -37.012455 -142.036163
v 49.486431 -35.867317 -135.179733
v 59.103100 -85.477051 -135.821518
v 59.103100 -85.477051 -135.821518
v 49.486431 -35.867317 -135.179733
v 42.770805 -37.252769 -128.713623
v 52.387478 -86.862503 -129.355408
v 36.405777 -38.397911 -135.569626
v 46.022453 -88.007652 -136.211411
v 46.022453 -88.007652 -136.211411
v 36.405777 -38.397911 -135.569626
v 36.544380 -55.139404 -189.661819
v 34.993088 -56.202690 -130.715408
v 36.448868 -57.879982 -130.707352
v 38.000156 -56.816692 -189.653763
v 38.000156 -56.816692 -189.653763
v 36.448868 -57.879982 -130.707352
v 34.269318 -58.301640 -130.772308
v 35.820610 -57.238346 -189.718719
v 35.820610 -57.238346 -189.718719
v 34.269318 -58.301640 -130.772308
v 51.876232 -80.974625 -149.615128
v 49.863689 -70.592476 -149.480804
v 61.308487 -68.466858 -142.298965
v 63.321030 -78.848999 -142.433273
v 60.948715 -68.713455 -128.628235
v 62.961258 -79.095596 -128.762558
v 62.961258 -79.095596 -128.762558
v 60.948715 -68.713455 -128.628235
v 49.144146 -71.085663 -122.139381
v 51.156689 -81.467812 -122.273689
v 37.699348 -73.211288 -129.321243
v 39.711891 -83.593430 -129.455551
v 38.059120 -72.964691 -142.991943
v 40.071663 -83.346840 -143.126251
v 40.071663 -83.346840 -143.126251
v 38.059120 -72.964691 -142.991943
v 38.059120 -72.964691 -142.991943
v 37.699348 -73.211288 -129.321243
v 49.144146 -71.085663 -122.139381
v 49.144146 -71.085663 -122.139381
v 60.948715 -68.713455 -128.628235
v 61.308487 -68.466858 -142.298965
v 38.059120 -72.964691 -142.991943
v 49.144146 -71.085663 -122.139381
v 61.308487 -68.466858 -142.298965
v 49.863689 -70.592476 -149.480804
v 38.059120 -72.964691 -142.991943
v 61.308487 -68.466858 -142.298965
v 44.398335 -42.398224 -149.116074
v 55.843128 -40.272606 -141.934219
v 57.855755 -50.655167 -142.068542
v 46.410954 -52.780788 -149.250381
v 55.483356 -40.519203 -128.263504
v 57.495983 -50.901764 -128.397827
v 55.483356 -40.519203 -128.263504
v 43.678787 -42.891418 -121.774643
v 45.691414 -53.273983 -121.908958
v 57.495983 -50.901764 -128.397827
v 32.233994 -45.017036 -128.956497
v 34.246616 -55.399601 -129.090805
v 32.593765 -44.770443 -142.627213
v 34.606388 -55.153008 -142.761520
v 32.593765 -44.770443 -142.627213
v 34.606388 -55.153008 -142.761520
v 57.855755 -50.655167 -142.068542
v 57.495983 -50.901764 -128.397827
v 45.691414 -53.273983 -121.908958
v 45.691414 -53.273983 -121.908958
v 34.246616 -55.399601 -129.090805
v 34.606388 -55.153008 -142.761520
v 57.855755 -50.655167 -142.068542
v 45.691414 -53.273983 -121.908958
v 34.606388 -55.153008 -142.761520
v 46.410954 -52.780788 -149.250381
v 57.855755 -50.655167 -142.068542
v 34.606388 -55.153008 -142.761520
v 53.436977 -79.904854 -208.920822
v 51.424435 -69.522705 -208.786499
v 62.869232 -67.397087 -201.604660
v 64.881775 -77.779228 -201.738968
v 62.509460 -67.643677 -187.933945
v 64.522003 -78.025826 -188.068268
v 64.522003 -78.025826 -188.068268
v 62.509460 -67.643677 -187.933945
v 50.704891 -70.015900 -181.445084
v 52.717434 -80.398041 -181.579391
v 39.260094 -72.141518 -188.626938
v 41.272636 -82.523666 -188.761246
v 39.619865 -71.894920 -202.297638
v 41.632408 -82.277061 -202.431961
v 41.632408 -82.277061 -202.431961
v 39.619865 -71.894920 -202.297638
v 39.619865 -71.894920 -202.297638
v 39.260094 -72.141518 -188.626938
v 50.704891 -70.015900 -181.445084
v 50.704891 -70.015900 -181.445084
v 62.509460 -67.643677 -187.933945
v 62.869232 -67.397087 -201.604660
v 39.619865 -71.894920 -202.297638
v 50.704891 -70.015900 -181.445084
v 62.869232 -67.397087 -201.604660
v 51.424435 -69.522705 -208.786499
v 39.619865 -71.894920 -202.297638
v 62.869232 -67.397087 -201.604660
v 45.959080 -41.328457 -208.421753
v 57.403873 -39.202835 -201.239914
v 59.416500 -49.585396 -201.374222
v 47.971703 -51.711021 -208.556076
v 57.044106 -39.449429 -187.569199
v 59.056728 -49.831997 -187.703522
v 57.044106 -39.449429 -187.569199
v 45.239532 -41.821648 -181.080338
v 47.252159 -52.204208 -181.214661
v 59.056728 -49.831997 -187.703522
v 33.794739 -43.947266 -188.262192
v 35.807362 -54.329830 -188.396500
v 34.154510 -43.700672 -201.932892
v 36.167133 -54.083233 -202.067215
v 34.154510 -43.700672 -201.932892
v 36.167133 -54.083233 -202.067215
v 59.416500 -49.585396 -201.374222
v 59.056728 -49.831997 -187.703522
v 47.252159 -52.204208 -181.214661
v 47.252159 -52.204208 -181.214661
v 35.807362 -54.329830 -188.396500
v 36.167133 -54.083233 -202.067215
v 59.416500 -49.585396 -201.374222
v 47.252159 -52.204208 -181.214661
v 36.167133 -54.083233 -202.067215
v 47.971703 -51.711021 -208.556076
v 59.416500 -49.585396 -201.374222
v 36.167133 -54.083233 -202.067215
v 97.115540 -52.718403 -181.750107
v 100.538353 -70.375679 -181.978531
v 101.429924 -70.160042 -185.287704
v 98.007126 -52.502769 -185.059280
v 75.644974 -66.076172 -189.208542
v 76.134483 -65.957779 -191.025406
v 77.190369 -71.404793 -191.095871
v 76.700859 -71.523186 -189.278992
v 90.353027 -54.028862 -181.783066
v 93.709854 -71.324776 -182.021271
v 97.402214 -70.944611 -180.987915
v 93.987434 -53.337597 -180.758820
v 99.230759 -70.502350 -187.774734
v 95.531616 -70.884163 -188.782928
v 92.182571 -53.586369 -188.573593
v 95.816978 -52.895103 -187.549347
v 90.353027 -54.028862 -181.783066
v 93.987434 -53.337597 -180.758820
v 97.115540 -52.718403 -181.750107
v 92.182571 -53.586369 -188.573593
v 90.353027 -54.028862 -181.783066
v 97.115540 -52.718403 -181.750107
v 95.816978 -52.895103 -187.549347
v 92.182571 -53.586369 -188.573593
v 97.115540 -52.718403 -181.750107
v 98.007126 -52.502769 -185.059280
v 95.816978 -52.895103 -187.549347
v 97.115540 -52.718403 -181.750107
v 81.516396 -64.920937 -190.528854
v 77.718811 -65.643478 -191.580917
v 76.134483 -65.957779 -191.025406
v 76.134483 -65.957779 -191.025406
v 75.644974 -66.076172 -189.208542
v 76.727577 -65.883217 -187.901871
v 81.516396 -64.920937 -190.528854
v 76.134483 -65.957779 -191.025406
v 76.727577 -65.883217 -187.901871
v 80.515953 -65.162903 -186.815598
v 81.516396 -64.920937 -190.528854
v 76.727577 -65.883217 -187.901871
v 101.429924 -70.160042 -185.287704
v 100.538353 -70.375679 -181.978531
v 97.402214 -70.944611 -180.987915
v 93.709854 -71.324776 -182.021271
v 95.531616 -70.884163 -188.782928
v 99.230759 -70.502350 -187.774734
v 81.516396 -64.920937 -190.528854
v 82.617271 -70.622818 -190.586945
v 80.515953 -65.162903 -186.815598
v 90.353027 -54.028862 -181.783066
v 92.182571 -53.586369 -188.573593
v 92.182571 -53.586369 -188.573593
v 81.516396 -64.920937 -190.528854
v 80.515953 -65.162903 -186.815598
v 80.515953 -65.162903 -186.815598
v 81.625374 -70.862717 -186.905426
v 81.625374 -70.862717 -186.905426
v 82.617271 -70.622818 -190.586945
v 95.531616 -70.884163 -188.782928
v 95.531616 -70.884163 -188.782928
v 93.709854 -71.324776 -182.021271
v 81.625374 -70.862717 -186.905426
v 78.782677 -71.140785 -191.648972
v 77.718811 -65.643478 -191.580917
v 76.727577 -65.883217 -187.901871
v 77.793221 -71.380096 -187.976501
v 81.625374 -70.862717 -186.905426
v 77.793221 -71.380096 -187.976501
v 76.700859 -71.523186 -189.278992
v 77.190369 -71.404793 -191.095871
v 78.782677 -71.140785 -191.648972
v 82.617271 -70.622818 -190.586945
v 97.115540 -52.718403 -181.750107
v 100.538353 -70.375679 -181.978531
v 76.700859 -71.523186 -189.278992
v 75.644974 -66.076172 -189.208542
v 165.593307 -39.814205 -184.816498
v 164.989471 -41.780113 -191.039673
v 123.718025 -45.327450 -186.021591
v 124.340599 -43.300518 -179.605240
v 166.090225 -43.818462 -183.599777
v 165.593307 -39.814205 -184.816498
v 124.340599 -43.300518 -179.605240
v 124.844070 -47.357567 -178.372452
v 165.486389 -45.784367 -189.822922
v 166.090225 -43.818462 -183.599777
v 124.844070 -47.357567 -178.372452
v 124.221481 -49.384499 -184.788803
v 164.989471 -41.780113 -191.039673
v 165.486389 -45.784367 -189.822922
v 124.221481 -49.384499 -184.788803
v 123.718025 -45.327450 -186.021591
v 167.139740 -40.273415 -184.821503
v 166.535919 -42.239323 -191.044647
v 167.925690 -41.636436 -184.467163
v 167.321854 -43.602345 -190.690338
v 167.925690 -41.636436 -184.467163
v 167.491119 -43.104820 -183.961136
v 166.887283 -45.070732 -190.184311
v 167.321854 -43.602345 -190.690338
v 167.491119 -43.104820 -183.961136
v 167.925690 -41.636436 -184.467163
v 167.139740 -40.273415 -184.821503
v 166.535919 -42.239323 -191.044647
v 167.321854 -43.602345 -190.690338
v 166.887283 -45.070732 -190.184311
v 166.535919 -42.239323 -191.044647
v 166.887283 -45.070732 -190.184311
v 123.184341 -46.931942 -178.345886
v 122.561760 -48.958874 -184.762207
v 122.346291 -45.541401 -178.703842
v 121.723709 -47.568340 -185.120163
v 122.346291 -45.541401 -178.703842
v 122.825111 -44.037182 -179.225479
v 122.202530 -46.064117 -185.641830
v 121.723709 -47.568340 -185.120163
v 122.825111 -44.037182 -179.225479
v 122.346291 -45.541401 -178.703842
v 123.184341 -46.931942 -178.345886
v 122.561760 -48.958874 -184.762207
v 121.723709 -47.568340 -185.120163
v 122.202530 -46.064117 -185.641830
v 122.561760 -48.958874 -184.762207
v 122.202530 -46.064117 -185.641830
v 165.730453 -46.096272 -191.379471
v 166.650864 -43.099720 -181.893753
v 105.167374 -50.845238 -175.037338
v 104.488098 -53.056789 -182.038086
v 166.650864 -43.099720 -181.893753
v 166.007507 -39.397171 -183.357056
v 104.581345 -47.203922 -176.130783
v 105.167374 -50.845238 -175.037338
v 166.007507 -39.397171 -183.357056
v 165.087097 -42.393726 -192.842773
v 103.902054 -49.415474 -183.131516
v 104.581345 -47.203922 -176.130783
v 165.087097 -42.393726 -192.842773
v 165.730453 -46.096272 -191.379471
v 104.488098 -53.056789 -182.038086
v 103.902054 -49.415474 -183.131516
v 167.526382 -39.684578 -183.057556
v 166.574829 -42.782539 -192.864288
v 168.321991 -40.959713 -182.731949
v 167.370438 -44.057678 -192.538681
v 168.321991 -40.959713 -182.731949
v 167.959259 -42.374294 -182.249878
v 167.007706 -45.472260 -192.056595
v 167.370438 -44.057678 -192.538681
v 166.650864 -43.099720 -181.893753
v 167.959259 -42.374294 -182.249878
v 168.321991 -40.959713 -182.731949
v 167.526382 -39.684578 -183.057556
v 166.007507 -39.397171 -183.357056
v 166.574829 -42.782539 -192.864288
v 167.370438 -44.057678 -192.538681
v 167.007706 -45.472260 -192.056595
v 165.730453 -46.096272 -191.379471
v 165.087097 -42.393726 -192.842773
v 147.368256 -54.008865 -177.876953
v 146.058502 -53.337276 -177.962021
v 145.334305 -55.695107 -185.425842
v 146.644028 -56.366695 -185.340775
v 146.058502 -53.337276 -177.962021
v 146.200134 -51.941574 -178.416672
v 145.475922 -54.299408 -185.880493
v 145.334305 -55.695107 -185.425842
v 146.200134 -51.941574 -178.416672
v 146.058502 -53.337276 -177.962021
v 147.368256 -54.008865 -177.876953
v 146.644028 -56.366695 -185.340775
v 145.334305 -55.695107 -185.425842
v 145.475922 -54.299408 -185.880493
v 169.210083 -41.497532 -181.406143
v 168.041016 -45.303703 -193.454712
v 182.308273 -37.496384 -194.249725
v 182.942749 -35.430733 -187.710831
v 167.119675 -37.839447 -182.358902
v 169.210083 -41.497532 -181.406143
v 182.942749 -35.430733 -187.710831
v 181.814621 -33.434204 -188.232086
v 165.950592 -41.645618 -194.407486
v 167.119675 -37.839447 -182.358902
v 181.814621 -33.434204 -188.232086
v 181.180145 -35.499855 -194.770981
v 168.041016 -45.303703 -193.454712
v 165.950592 -41.645618 -194.407486
v 181.180145 -35.499855 -194.770981
v 182.308273 -37.496384 -194.249725
v 183.616165 -33.815464 -188.286438
v 182.981689 -35.881111 -194.825348
v 183.616165 -33.815464 -188.286438
v 182.981689 -35.881111 -194.825348
v 183.616165 -33.815464 -188.286438
v 182.981689 -35.881111 -194.825348
v 163.676773 -47.485413 -192.340698
v 164.845612 -43.680012 -180.294540
v 164.845612 -43.680012 -180.294540
v 162.751709 -39.950638 -181.269485
v 162.751709 -39.950638 -181.269485
v 161.582886 -43.756039 -193.315628
v 161.582886 -43.756039 -193.315628
v 163.676773 -47.485413 -192.340698
v 181.633820 -33.879894 -189.675873
v 181.279633 -35.032974 -193.326004
v 165.792664 -44.945152 -188.767181
v 166.159988 -43.749249 -184.981506
v 183.030991 -35.843899 -189.191010
v 181.633820 -33.879894 -189.675873
v 166.159988 -43.749249 -184.981506
v 167.538712 -45.687302 -184.503036
v 182.676804 -36.996979 -192.841141
v 183.030991 -35.843899 -189.191010
v 167.538712 -45.687302 -184.503036
v 167.171387 -46.883205 -188.288727
v 181.279633 -35.032974 -193.326004
v 182.676804 -36.996979 -192.841141
v 167.171387 -46.883205 -188.288727
v 165.792664 -44.945152 -188.767181
v 183.441269 -35.121983 -193.682297
v 183.826004 -33.869415 -189.717224
v 183.826004 -33.869415 -189.717224
v 183.826004 -33.869415 -189.717224
v 183.441269 -35.121983 -193.682297
v 183.441269 -35.121983 -193.682297
v 165.575821 -45.530411 -184.362137
v 165.208496 -46.726315 -188.147827
v 166.159988 -43.749249 -184.981506
v 165.575821 -45.530411 -184.362137
v 167.538712 -45.687302 -184.503036
v 165.208496 -46.726315 -188.147827
v 165.575821 -45.530411 -184.362137
v 167.171387 -46.883205 -188.288727
v 165.208496 -46.726315 -188.147827
v 165.792664 -44.945152 -188.767181
v 146.836868 -54.438774 -183.155106
v 146.714996 -53.322655 -185.296509
v 108.418518 -51.487347 -182.160370
v 108.540405 -52.603466 -180.018967
v 146.521820 -55.464424 -186.401810
v 108.225365 -53.629112 -183.265686
v 146.643707 -56.580547 -184.260391
v 108.347237 -54.745235 -181.124283
v 146.836868 -54.438774 -183.155106
v 108.540405 -52.603466 -180.018967
v 147.371078 -52.699539 -177.649475
v 147.249207 -51.583420 -179.790878
v 108.952736 -49.748104 -176.654739
v 109.074615 -50.864227 -174.513336
v 147.056046 -53.725185 -180.896179
v 108.759583 -51.889877 -177.760056
v 147.177917 -54.841305 -178.754776
v 108.881454 -53.006001 -175.618652
v 147.371078 -52.699539 -177.649475
v 109.074615 -50.864227 -174.513336
v 163.634811 -40.903881 -173.316452
v 162.401428 -37.313915 -177.909134
v 129.119934 -41.935661 -173.432327
v 130.624054 -46.313671 -167.831512
v 163.752258 -43.982571 -175.754517
v 163.634811 -40.903881 -173.316452
v 130.624054 -46.313671 -167.831512
v 130.624054 -46.313671 -167.831512
v 130.750565 -49.629498 -170.457367
v 163.752258 -43.982571 -175.754517
v 162.518875 -40.392605 -180.347198
v 163.752258 -43.982571 -175.754517
v 130.750565 -49.629498 -170.457367
v 130.750565 -49.629498 -170.457367
v 129.246429 -45.251488 -176.058197
v 162.518875 -40.392605 -180.347198
v 162.401428 -37.313915 -177.909134
v 162.518875 -40.392605 -180.347198
v 129.246429 -45.251488 -176.058197
v 129.246429 -45.251488 -176.058197
v 129.119934 -41.935661 -173.432327
v 162.401428 -37.313915 -177.909134
v 166.989532 -39.415882 -173.054245
v 165.756165 -35.825912 -177.646927
v 169.225235 -39.806686 -173.960129
v 167.991852 -36.216721 -178.552811
v 170.207245 -41.434116 -175.495987
v 168.973862 -37.844151 -180.088654
v 170.207245 -41.434116 -175.495987
v 169.360199 -43.344906 -176.762115
v 168.126816 -39.754940 -181.354797
v 168.973862 -37.844151 -180.088654
v 167.180420 -44.419762 -177.016922
v 165.947037 -40.829796 -181.609589
v 163.752258 -43.982571 -175.754517
v 162.518875 -40.392605 -180.347198
v 167.180420 -44.419762 -177.016922
v 169.360199 -43.344906 -176.762115
v 170.207245 -41.434116 -175.495987
v 163.752258 -43.982571 -175.754517
v 167.180420 -44.419762 -177.016922
v 170.207245 -41.434116 -175.495987
v 170.207245 -41.434116 -175.495987
v 169.225235 -39.806686 -173.960129
v 166.989532 -39.415882 -173.054245
v 163.752258 -43.982571 -175.754517
v 170.207245 -41.434116 -175.495987
v 166.989532 -39.415882 -173.054245
v 163.752258 -43.982571 -175.754517
v 166.989532 -39.415882 -173.054245
v 163.634811 -40.903881 -173.316452
v 162.401428 -37.313915 -177.909134
v 165.756165 -35.825912 -177.646927
v 167.991852 -36.216721 -178.552811
v 167.991852 -36.216721 -178.552811
v 168.973862 -37.844151 -180.088654
v 168.126816 -39.754940 -181.354797
v 168.126816 -39.754940 -181.354797
v 165.947037 -40.829796 -181.609589
v 162.518875 -40.392605 -180.347198
v 167.991852 -36.216721 -178.552811
v 168.126816 -39.754940 -181.354797
v 162.518875 -40.392605 -180.347198
v 162.401428 -37.313915 -177.909134
v 167.991852 -36.216721 -178.552811
v 162.518875 -40.392605 -180.347198
v 130.750565 -49.629498 -170.457367
v 127.598885 -50.808422 -170.532516
v 126.094765 -46.430416 -176.133331
v 129.246429 -45.251488 -176.058197
v 125.504143 -50.442272 -169.683746
v 124.000023 -46.064262 -175.284561
v 124.583626 -48.917171 -168.244415
v 123.079506 -44.539162 -173.845245
v 124.583626 -48.917171 -168.244415
v 125.377655 -47.126453 -167.057892
v 123.873116 -42.748508 -172.658661
v 123.079506 -44.539162 -173.845245
v 127.420013 -46.119381 -166.819168
v 125.915894 -41.741367 -172.419998
v 127.420013 -46.119381 -166.819168
v 125.377655 -47.126453 -167.057892
v 124.583626 -48.917171 -168.244415
v 130.624054 -46.313671 -167.831512
v 127.420013 -46.119381 -166.819168
v 124.583626 -48.917171 -168.244415
v 124.583626 -48.917171 -168.244415
v 125.504143 -50.442272 -169.683746
v 127.598885 -50.808422 -170.532516
v 130.624054 -46.313671 -167.831512
v 124.583626 -48.917171 -168.244415
v 127.598885 -50.808422 -170.532516
v 130.624054 -46.313671 -167.831512
v 127.598885 -50.808422 -170.532516
v 130.750565 -49.629498 -170.457367
v 129.246429 -45.251488 -176.058197
v 126.094765 -46.430416 -176.133331
v 124.000023 -46.064262 -175.284561
v 124.000023 -46.064262 -175.284561
v 123.079506 -44.539162 -173.845245
v 123.873116 -42.748508 -172.658661
v 123.873116 -42.748508 -172.658661
v 125.915894 -41.741367 -172.419998
v 129.119934 -41.935661 -173.432327
v 124.000023 -46.064262 -175.284561
v 123.873116 -42.748508 -172.658661
v 129.119934 -41.935661 -173.432327
v 129.246429 -45.251488 -176.058197
v 124.000023 -46.064262 -175.284561
v 129.119934 -41.935661 -173.432327
v 163.025131 -39.164639 -181.919434
v 165.023132 -44.980175 -174.479568
v 107.149040 -54.016190 -167.478775
v 105.622803 -49.573799 -173.161957
v 165.023132 -44.980175 -174.479568
v 164.840347 -41.940376 -172.054352
v 106.968422 -51.012436 -165.082306
v 106.968422 -51.012436 -165.082306
v 107.149040 -54.016190 -167.478775
v 165.023132 -44.980175 -174.479568
v 164.840347 -41.940376 -172.054352
v 162.842346 -36.124836 -179.494232
v 105.442177 -46.570045 -170.765503
v 105.442177 -46.570045 -170.765503
v 106.968422 -51.012436 -165.082306
v 164.840347 -41.940376 -172.054352
v 162.842346 -36.124836 -179.494232
v 163.025131 -39.164639 -181.919434
v 105.622803 -49.573799 -173.161957
v 105.622803 -49.573799 -173.161957
v 105.442177 -46.570045 -170.765503
v 162.842346 -36.124836 -179.494232
v 164.840347 -41.940376 -172.054352
v 167.724213 -40.817154 -171.950836
v 165.726212 -35.001614 -179.390717
v 162.842346 -36.124836 -179.494232
v 169.663803 -41.125217 -172.712524
v 167.665802 -35.309677 -180.152405
v 170.542953 -42.511990 -174.032623
v 168.545364 -36.696377 -181.472565
v 170.542953 -42.511990 -174.032623
v 169.846680 -44.165276 -175.137421
v 167.848587 -38.349480 -182.577621
v 168.545364 -36.696377 -181.472565
v 167.982712 -45.115864 -175.380447
v 165.984711 -39.300323 -182.820312
v 167.982712 -45.115864 -175.380447
v 169.846680 -44.165276 -175.137421
v 170.542953 -42.511990 -174.032623
v 165.023132 -44.980175 -174.479568
v 167.982712 -45.115864 -175.380447
v 170.542953 -42.511990 -174.032623
v 170.542953 -42.511990 -174.032623
v 169.663803 -41.125217 -172.712524
v 167.724213 -40.817154 -171.950836
v 165.023132 -44.980175 -174.479568
v 170.542953 -42.511990 -174.032623
v 167.724213 -40.817154 -171.950836
v 165.023132 -44.980175 -174.479568
v 167.724213 -40.817154 -171.950836
v 164.840347 -41.940376 -172.054352
v 162.842346 -36.124836 -179.494232
v 165.726212 -35.001614 -179.390717
v 167.665802 -35.309677 -180.152405
v 167.665802 -35.309677 -180.152405
v 168.545364 -36.696377 -181.472565
v 167.848587 -38.349480 -182.577621
v 167.848587 -38.349480 -182.577621
v 165.984711 -39.300323 -182.820312
v 163.025131 -39.164639 -181.919434
v 167.665802 -35.309677 -180.152405
v 167.848587 -38.349480 -182.577621
v 163.025131 -39.164639 -181.919434
v 162.842346 -36.124836 -179.494232
v 167.665802 -35.309677 -180.152405
v 163.025131 -39.164639 -181.919434
v 182.013214 -38.389866 -178.241089
v 181.403427 -36.614975 -180.511719
v 167.682739 -38.390312 -177.764969
v 168.149017 -39.747490 -176.028702
v 181.966812 -40.125076 -179.584991
v 182.013214 -38.389866 -178.241089
v 168.149017 -39.747490 -176.028702
v 168.102829 -41.459774 -177.354752
v 181.356613 -38.350231 -181.855545
v 181.966812 -40.125076 -179.584991
v 168.102829 -41.459774 -177.354752
v 167.636536 -40.102596 -179.091003
v 181.403427 -36.614975 -180.511719
v 181.356613 -38.350231 -181.855545
v 167.636536 -40.102596 -179.091003
v 167.682739 -38.390312 -177.764969
v 187.117249 -36.756310 -182.321365
v 185.262100 -35.689877 -180.989548
v 185.924026 -37.617790 -178.523132
v 187.779602 -38.684174 -179.855011
v 185.854965 -40.176754 -180.504883
v 187.779602 -38.684174 -179.855011
v 185.924026 -37.617790 -178.523132
v 187.779602 -38.684174 -179.855011
v 185.854965 -40.176754 -180.504883
v 185.193069 -38.248505 -182.971008
v 187.117249 -36.756310 -182.321365
v 185.262100 -35.689877 -180.989548
v 187.117249 -36.756310 -182.321365
v 185.193069 -38.248505 -182.971008
v 170.856262 -48.288124 -179.757996
v 169.614243 -47.710560 -178.972992
v 167.975632 -42.941116 -185.074585
v 169.217651 -43.518684 -185.859619
v 169.614243 -47.710560 -178.972992
v 169.883102 -46.450684 -178.060379
v 168.244492 -41.681240 -184.162003
v 167.975632 -42.941116 -185.074585
v 169.883102 -46.450684 -178.060379
v 169.614243 -47.710560 -178.972992
v 170.856262 -48.288124 -179.757996
v 169.217651 -43.518684 -185.859619
v 167.975632 -42.941116 -185.074585
v 168.244492 -41.681240 -184.162003
v 185.296509 -36.462505 -184.206772
v 186.789978 -40.809380 -178.646423
v 186.789978 -40.809380 -178.646423
v 185.850159 -39.034843 -177.006912
v 185.850159 -39.034843 -177.006912
v 184.356827 -34.688263 -182.567551
v 184.356827 -34.688263 -182.567551
v 185.296509 -36.462505 -184.206772
v 187.608704 -39.339985 -177.717712
v 186.115356 -34.993404 -183.278351
v 187.608704 -39.339985 -177.717712
v 186.115356 -34.993404 -183.278351
v 187.608704 -39.339985 -177.717712
v 186.115356 -34.993404 -183.278351
v -114.201210 -72.669319 -159.747055
v -110.014091 -69.195297 -221.929596
v -105.592842 -69.904984 -222.901733
v -105.593224 -73.938469 -159.746933
v -124.298889 -70.216682 -159.747086
v -123.917213 -66.908028 -218.872604
v -124.298820 -72.302765 -123.178368
v -128.450851 -71.794479 -119.137733
v -181.113098 -59.903694 -163.326813
v -118.115791 -67.373894 -227.763977
v -111.174278 -68.535629 -228.843765
v -198.267502 -56.187336 -172.896881
v -188.074310 -57.514587 -182.987305
v -114.201210 -72.669319 -159.747055
v -110.014091 -69.195297 -221.929596
v -123.917213 -66.908028 -218.872604
v -124.298889 -70.216682 -159.747086
v -188.074173 -56.298203 -204.766220
v -181.113098 -59.903694 -163.326813
v -188.074310 -57.514587 -182.987305
v -198.267502 -56.187336 -172.896881
v -128.450851 -71.794479 -119.137733
v -124.298820 -72.302765 -123.178368
v -188.074173 -56.298203 -204.766220
v -105.593224 -73.938469 -159.746933
v -105.592842 -69.904984 -222.901733
v -111.174278 -68.535629 -228.843765
v -118.115791 -67.373894 -227.763977
v -88.040535 -64.005882 -163.500183
v -86.069031 -57.253029 -167.374237
v -203.051544 -34.323032 -186.944427
v -205.023132 -41.076294 -183.070480
v -205.698349 -47.977699 -187.120972
v -88.715836 -70.907692 -167.550781
v -204.401794 -48.126812 -195.045135
v -87.419197 -71.056396 -175.474869
v -202.430283 -41.373619 -198.918686
v -85.447685 -64.303551 -179.348907
v -85.447685 -64.303551 -179.348907
v -202.430283 -41.373619 -198.918686
v -201.754990 -34.472149 -194.868591
v -84.772392 -57.401730 -175.298325
v -91.601784 -70.160698 -173.697571
v -94.024063 -69.542824 -185.157150
v -91.417313 -56.096123 -184.983276
v -91.417313 -56.096123 -184.983276
v -88.995033 -56.713993 -173.523697
v -91.601784 -70.160698 -173.697571
v -102.204346 -54.125011 -175.733551
v -88.995033 -56.713993 -173.523697
v -91.417313 -56.096123 -184.983276
v -91.417313 -56.096123 -184.983276
v -97.540573 -54.896225 -186.007507
v -102.204346 -54.125011 -175.733551
v -102.204346 -54.125011 -175.733551
v -97.540573 -54.896225 -186.007507
v -100.147255 -68.342514 -186.181290
v -100.147255 -68.342514 -186.181290
v -104.811028 -67.571297 -175.907333
v -102.204346 -54.125011 -175.733551
v -91.601784 -70.160698 -173.697571
v -104.811028 -67.571297 -175.907333
v -100.147255 -68.342514 -186.181290
v -100.147255 -68.342514 -186.181290
v -94.024063 -69.542824 -185.157150
v -91.601784 -70.160698 -173.697571
v -111.907455 -48.289833 -170.550613
v -123.131401 -46.188660 -172.229584
v -123.651329 -47.219093 -170.044052
v -112.427383 -49.320267 -168.365082
v -111.642365 -49.209457 -173.096771
v -111.907455 -48.289833 -170.550613
v -112.427383 -49.320267 -168.365082
v -112.233749 -56.498035 -176.674805
v -111.642365 -49.209457 -173.096771
v -112.427383 -49.320267 -168.365082
v -112.427383 -49.320267 -168.365082
v -112.971786 -51.844543 -167.509842
v -113.562698 -59.132793 -171.087723
v -112.233749 -56.498035 -176.674805
v -112.427383 -49.320267 -168.365082
v -113.562698 -59.132793 -171.087723
v -113.562698 -59.132793 -171.087723
v -112.971786 -51.844543 -167.509842
v -124.248611 -49.734291 -169.197235
v -125.064713 -56.979595 -172.808456
v -124.248611 -49.734291 -169.197235
v -123.651329 -47.219093 -170.044052
v -123.131401 -46.188660 -172.229584
v -125.064713 -56.979595 -172.808456
v -124.248611 -49.734291 -169.197235
v -123.131401 -46.188660 -172.229584
v -123.131401 -46.188660 -172.229584
v -122.919594 -47.099125 -174.784225
v -123.735756 -54.344841 -178.395538
v -125.064713 -56.979595 -172.808456
v -123.131401 -46.188660 -172.229584
v -123.735756 -54.344841 -178.395538
v -123.735756 -54.344841 -178.395538
v -122.919594 -47.099125 -174.784225
v -111.642365 -49.209457 -173.096771
v -112.233749 -56.498035 -176.674805
v -91.417313 -56.096123 -184.983276
v -94.024063 -69.542824 -185.157150
v -100.147255 -68.342514 -186.181290
v -100.147255 -68.342514 -186.181290
v -97.540573 -54.896225 -186.007507
v -91.417313 -56.096123 -184.983276
v -110.226631 -48.722660 -181.455994
v -121.403259 -46.531841 -183.325775
v -121.637177 -45.738449 -180.996490
v -110.460968 -47.929184 -179.126770
v -110.435272 -51.133938 -182.696747
v -110.226631 -48.722660 -181.455994
v -110.460968 -47.929184 -179.126770
v -112.089615 -58.728569 -180.276306
v -110.435272 -51.133938 -182.696747
v -110.460968 -47.929184 -179.126770
v -110.460968 -47.929184 -179.126770
v -111.033859 -49.106251 -176.742523
v -112.688538 -56.700390 -174.322083
v -112.089615 -58.728569 -180.276306
v -110.460968 -47.929184 -179.126770
v -112.688538 -56.700390 -174.322083
v -112.688538 -56.700390 -174.322083
v -111.033859 -49.106251 -176.742523
v -122.263695 -46.905861 -178.620728
v -124.141792 -54.455650 -176.237885
v -122.263695 -46.905861 -178.620728
v -121.637177 -45.738449 -180.996490
v -121.403259 -46.531841 -183.325775
v -124.141792 -54.455650 -176.237885
v -122.263695 -46.905861 -178.620728
v -121.403259 -46.531841 -183.325775
v -121.403259 -46.531841 -183.325775
v -121.665176 -48.933964 -184.574997
v -123.543274 -56.483753 -182.192184
v -124.141792 -54.455650 -176.237885
v -121.403259 -46.531841 -183.325775
v -123.543274 -56.483753 -182.192184
v -123.543274 -56.483753 -182.192184
v -121.665176 -48.933964 -184.574997
v -110.435272 -51.133938 -182.696747
v -112.089615 -58.728569 -180.276306
v -127.490562 -45.376949 -168.929413
v -123.734016 -48.039219 -169.938354
v -123.062767 -46.084583 -172.438461
v -123.062767 -46.084583 -172.438461
v -126.839272 -43.481354 -171.354187
v -127.490562 -45.376949 -168.929413
v -129.605530 -46.522560 -170.393036
v -123.990204 -51.138309 -172.429657
v -123.734016 -48.039219 -169.938354
v -127.490562 -45.376949 -168.929413
v -128.954224 -44.626968 -172.817810
v -123.318542 -49.183758 -174.929703
v -123.990204 -51.138309 -172.429657
v -123.990204 -51.138309 -172.429657
v -129.605530 -46.522560 -170.393036
v -128.954224 -44.626968 -172.817810
v -126.839272 -43.481354 -171.354187
v -123.062767 -46.084583 -172.438461
v -123.318542 -49.183758 -174.929703
v -128.954224 -44.626968 -172.817810
v -123.031197 -44.836636 -180.894775
v -121.849617 -46.447979 -180.219757
v -121.550987 -47.420845 -183.299438
v -121.550987 -47.420845 -183.299438
v -122.741432 -45.780247 -183.881668
v -123.031197 -44.836636 -180.894775
v -125.835609 -46.162308 -180.748184
v -122.608475 -49.560608 -179.309830
v -121.849617 -46.447979 -180.219757
v -123.031197 -44.836636 -180.894775
v -125.545853 -47.105919 -183.735077
v -122.309776 -50.533413 -182.389923
v -122.608475 -49.560608 -179.309830
v -122.608475 -49.560608 -179.309830
v -125.835609 -46.162308 -180.748184
v -125.545853 -47.105919 -183.735077
v -122.741432 -45.780247 -183.881668
v -121.550987 -47.420845 -183.299438
v -122.309776 -50.533413 -182.389923
v -125.545853 -47.105919 -183.735077
v -165.593643 -39.813881 -184.816711
v -124.340584 -43.300640 -179.605209
v -123.717995 -45.327576 -186.021545
v -164.989792 -41.779793 -191.039856
v -166.090607 -43.818550 -183.599838
v -124.844002 -47.357292 -178.372559
v -124.340584 -43.300640 -179.605209
v -165.593643 -39.813881 -184.816711
v -165.486755 -45.784454 -189.822983
v -124.221413 -49.384224 -184.788879
v -124.844002 -47.357292 -178.372559
v -166.090607 -43.818550 -183.599838
v -164.989792 -41.779793 -191.039856
v -123.717995 -45.327576 -186.021545
v -124.221413 -49.384224 -184.788879
v -165.486755 -45.784454 -189.822983
v -166.535797 -42.239037 -191.044785
v -167.139648 -40.273125 -184.821640
v -167.321793 -43.602467 -190.690353
v -167.925644 -41.636559 -184.467194
v -167.925644 -41.636559 -184.467194
v -167.321793 -43.602467 -190.690353
v -166.887222 -45.070854 -190.184311
v -167.491074 -43.104942 -183.961166
v -167.139648 -40.273125 -184.821640
v -167.925644 -41.636559 -184.467194
v -167.491074 -43.104942 -183.961166
v -166.887222 -45.070854 -190.184311
v -167.321793 -43.602467 -190.690353
v -166.535797 -42.239037 -191.044785
v -166.887222 -45.070854 -190.184311
v -166.535797 -42.239037 -191.044785
v -122.561684 -48.958599 -184.762314
v -123.184280 -46.931667 -178.345963
v -121.723679 -47.568466 -185.120148
v -122.346268 -45.541531 -178.703796
v -122.346268 -45.541531 -178.703796
v -121.723679 -47.568466 -185.120148
v -122.202499 -46.064243 -185.641785
v -122.825089 -44.037312 -179.225433
v -123.184280 -46.931667 -178.345963
v -122.346268 -45.541531 -178.703796
v -122.825089 -44.037312 -179.225433
v -122.202499 -46.064243 -185.641785
v -121.723679 -47.568466 -185.120148
v -122.561684 -48.958599 -184.762314
v -122.202499 -46.064243 -185.641785
v -122.561684 -48.958599 -184.762314
v -165.729919 -46.097000 -191.379288
v -104.487946 -53.057068 -182.038025
v -105.167313 -50.845921 -175.037140
v -166.650330 -43.100445 -181.893570
v -166.650330 -43.100445 -181.893570
v -105.167313 -50.845921 -175.037140
v -104.581207 -47.204201 -176.130692
v -166.006943 -39.397358 -183.356583
v -166.006943 -39.397358 -183.356583
v -104.581207 -47.204201 -176.130692
v -103.901909 -49.415752 -183.131454
v -165.086472 -42.394043 -192.842712
v -165.086472 -42.394043 -192.842712
v -103.901909 -49.415752 -183.131454
v -104.487946 -53.057068 -182.038025
v -165.729919 -46.097000 -191.379288
v -166.574646 -42.782810 -192.864288
v -167.526199 -39.684841 -183.057556
v -167.369827 -44.057999 -192.538620
v -168.321396 -40.960030 -182.731888
v -168.321396 -40.960030 -182.731888
v -167.369827 -44.057999 -192.538620
v -167.007584 -45.472935 -192.056473
v -167.959152 -42.374966 -182.249756
v -166.006943 -39.397358 -183.356583
v -167.526199 -39.684841 -183.057556
v -168.321396 -40.960030 -182.731888
v -166.650330 -43.100445 -181.893570
v -167.959152 -42.374966 -182.249756
v -167.007584 -45.472935 -192.056473
v -167.369827 -44.057999 -192.538620
v -166.574646 -42.782810 -192.864288
v -165.729919 -46.097000 -191.379288
v -165.086472 -42.394043 -192.842712
v -147.367828 -54.009510 -177.877090
v -146.643631 -56.367214 -185.340485
v -145.333847 -55.695751 -185.425964
v -146.058075 -53.337914 -177.962158
v -146.058075 -53.337914 -177.962158
v -145.333847 -55.695751 -185.425964
v -145.475494 -54.299923 -185.880203
v -146.199707 -51.942215 -178.416809
v -146.199707 -51.942215 -178.416809
v -147.367828 -54.009510 -177.877090
v -146.058075 -53.337914 -177.962158
v -146.643631 -56.367214 -185.340485
v -145.475494 -54.299923 -185.880203
v -145.333847 -55.695751 -185.425964
v -169.210052 -41.497852 -181.405991
v -182.942322 -35.431236 -187.710648
v -182.307831 -37.496891 -194.249542
v -168.040939 -45.304031 -193.454590
v -167.119263 -37.839951 -182.358658
v -181.814178 -33.434708 -188.231888
v -182.942322 -35.431236 -187.710648
v -169.210052 -41.497852 -181.405991
v -165.950134 -41.646130 -194.407257
v -181.179688 -35.500362 -194.770782
v -181.814178 -33.434708 -188.231888
v -167.119263 -37.839951 -182.358658
v -168.040939 -45.304031 -193.454590
v -182.307831 -37.496891 -194.249542
v -181.179688 -35.500362 -194.770782
v -165.950134 -41.646130 -194.407257
v -183.615738 -33.815964 -188.286255
v -182.981247 -35.881618 -194.825165
v -183.615738 -33.815964 -188.286255
v -182.981247 -35.881618 -194.825165
v -183.615738 -33.815964 -188.286255
v -182.981247 -35.881618 -194.825165
v -164.845200 -43.680519 -180.294312
v -163.676331 -47.485928 -192.340454
v -162.751312 -39.951141 -181.269257
v -164.845200 -43.680519 -180.294312
v -161.582428 -43.756550 -193.315384
v -162.751312 -39.951141 -181.269257
v -163.676331 -47.485928 -192.340454
v -161.582428 -43.756550 -193.315384
v -181.633102 -33.880016 -189.675781
v -166.159195 -43.749947 -184.981186
v -165.791855 -44.945854 -188.766846
v -181.278915 -35.033108 -193.325882
v -183.030533 -35.844368 -189.190826
v -167.537918 -45.688004 -184.502716
v -166.159195 -43.749947 -184.981186
v -181.633102 -33.880016 -189.675781
v -182.676346 -36.997456 -192.840958
v -167.170563 -46.883907 -188.288406
v -167.537918 -45.688004 -184.502716
v -183.030533 -35.844368 -189.190826
v -181.278915 -35.033108 -193.325882
v -165.791855 -44.945854 -188.766846
v -167.170563 -46.883907 -188.288406
v -182.676346 -36.997456 -192.840958
v -183.440460 -35.122681 -193.681992
v -183.825195 -33.870106 -189.716949
v -183.825195 -33.870106 -189.716949
v -183.825195 -33.870106 -189.716949
v -183.440460 -35.122681 -193.681992
v -183.440460 -35.122681 -193.681992
v -165.575012 -45.531109 -184.361816
v -165.207687 -46.727020 -188.147476
v -166.159195 -43.749947 -184.981186
v -167.537918 -45.688004 -184.502716
v -165.575012 -45.531109 -184.361816
v -165.207687 -46.727020 -188.147476
v -165.575012 -45.531109 -184.361816
v -167.170563 -46.883907 -188.288406
v -165.791855 -44.945854 -188.766846
v -165.207687 -46.727020 -188.147476
v -146.838608 -54.436787 -183.156754
v -108.542183 -52.601456 -180.020554
v -108.420303 -51.485329 -182.161972
v -146.716721 -53.320667 -185.298172
v -108.227142 -53.627098 -183.267273
v -146.523575 -55.462437 -186.403473
v -108.349022 -54.743221 -181.125870
v -146.645447 -56.578560 -184.262070
v -108.542183 -52.601456 -180.020554
v -146.838608 -54.436787 -183.156754
v -147.372833 -52.697548 -177.651123
v -109.076401 -50.862217 -174.514923
v -108.954529 -49.746090 -176.656326
v -147.250946 -51.581425 -179.792526
v -108.761368 -51.887859 -177.761658
v -147.057800 -53.723198 -180.897842
v -108.883247 -53.003983 -175.620255
v -147.179672 -54.839317 -178.756439
v -109.076401 -50.862217 -174.514923
v -147.372833 -52.697548 -177.651123
v -163.634811 -40.904186 -173.316422
v -130.624084 -46.313946 -167.831482
v -129.119949 -41.935932 -173.432297
v -162.401428 -37.314213 -177.909088
v -163.752274 -43.982883 -175.754501
v -130.750565 -49.629772 -170.457336
v -130.624084 -46.313946 -167.831482
v -130.624084 -46.313946 -167.831482
v -163.634811 -40.904186 -173.316422
v -163.752274 -43.982883 -175.754501
v -162.518875 -40.392906 -180.347168
v -129.246429 -45.251751 -176.058167
v -130.750565 -49.629772 -170.457336
v -130.750565 -49.629772 -170.457336
v -163.752274 -43.982883 -175.754501
v -162.518875 -40.392906 -180.347168
v -162.401428 -37.314213 -177.909088
v -129.119949 -41.935932 -173.432297
v -129.246429 -45.251751 -176.058167
v -129.246429 -45.251751 -176.058167
v -162.518875 -40.392906 -180.347168
v -162.401428 -37.314213 -177.909088
v -165.756165 -35.826218 -177.646881
v -166.989548 -39.416191 -173.054214
v -167.991852 -36.217026 -178.552780
v -169.225235 -39.806999 -173.960114
v -168.973862 -37.844456 -180.088623
v -170.207260 -41.434429 -175.495956
v -170.207260 -41.434429 -175.495956
v -168.973862 -37.844456 -180.088623
v -168.126816 -39.755241 -181.354752
v -169.360199 -43.345219 -176.762085
v -165.947052 -40.830429 -181.609833
v -167.180435 -44.420403 -177.017136
v -162.518875 -40.392906 -180.347168
v -163.752274 -43.982883 -175.754501
v -163.752274 -43.982883 -175.754501
v -163.634811 -40.904186 -173.316422
v -166.989548 -39.416191 -173.054214
v -166.989548 -39.416191 -173.054214
v -169.225235 -39.806999 -173.960114
v -170.207260 -41.434429 -175.495956
v -163.752274 -43.982883 -175.754501
v -166.989548 -39.416191 -173.054214
v -170.207260 -41.434429 -175.495956
v -170.207260 -41.434429 -175.495956
v -169.360199 -43.345219 -176.762085
v -167.180435 -44.420403 -177.017136
v -163.752274 -43.982883 -175.754501
v -170.207260 -41.434429 -175.495956
v -167.180435 -44.420403 -177.017136
v -162.518875 -40.392906 -180.347168
v -165.947052 -40.830429 -181.609833
v -168.126816 -39.755241 -181.354752
v -168.126816 -39.755241 -181.354752
v -168.973862 -37.844456 -180.088623
v -167.991852 -36.217026 -178.552780
v -162.518875 -40.392906 -180.347168
v -168.126816 -39.755241 -181.354752
v -167.991852 -36.217026 -178.552780
v -162.401428 -37.314213 -177.909088
v -162.518875 -40.392906 -180.347168
v -167.991852 -36.217026 -178.552780
v -162.401428 -37.314213 -177.909088
v -167.991852 -36.217026 -178.552780
v -165.756165 -35.826218 -177.646881
v -130.750565 -49.629772 -170.457336
v -129.246429 -45.251751 -176.058167
v -126.094772 -46.430679 -176.133286
v -127.598900 -50.808693 -170.532486
v -123.999611 -46.064594 -175.284470
v -125.504158 -50.442547 -169.683716
v -123.079521 -44.539425 -173.845184
v -124.583649 -48.917446 -168.244370
v -124.583649 -48.917446 -168.244370
v -123.079521 -44.539425 -173.845184
v -123.873543 -42.748707 -172.658661
v -125.377663 -47.126720 -167.057846
v -125.915909 -41.741634 -172.419952
v -127.420036 -46.119652 -166.819138
v -130.624084 -46.313946 -167.831482
v -130.750565 -49.629772 -170.457336
v -127.598900 -50.808693 -170.532486
v -127.598900 -50.808693 -170.532486
v -125.504158 -50.442547 -169.683716
v -124.583649 -48.917446 -168.244370
v -130.624084 -46.313946 -167.831482
v -127.598900 -50.808693 -170.532486
v -124.583649 -48.917446 -168.244370
v -124.583649 -48.917446 -168.244370
v -125.377663 -47.126720 -167.057846
v -127.420036 -46.119652 -166.819138
v -130.624084 -46.313946 -167.831482
v -124.583649 -48.917446 -168.244370
v -127.420036 -46.119652 -166.819138
v -129.119949 -41.935932 -173.432297
v -125.915909 -41.741634 -172.419952
v -123.873543 -42.748707 -172.658661
v -123.873543 -42.748707 -172.658661
v -123.079521 -44.539425 -173.845184
v -123.999611 -46.064594 -175.284470
v -129.119949 -41.935932 -173.432297
v -123.873543 -42.748707 -172.658661
v -123.999611 -46.064594 -175.284470
v -129.246429 -45.251751 -176.058167
v -129.119949 -41.935932 -173.432297
v -123.999611 -46.064594 -175.284470
v -129.246429 -45.251751 -176.058167
v -123.999611 -46.064594 -175.284470
v -126.094772 -46.430679 -176.133286
v -163.024567 -39.164814 -181.919601
v -105.622772 -49.574146 -173.161789
v -107.149033 -54.016544 -167.478607
v -165.022690 -44.980621 -174.479416
v -165.022690 -44.980621 -174.479416
v -107.149033 -54.016544 -167.478607
v -106.968414 -51.012787 -165.082138
v -106.968414 -51.012787 -165.082138
v -164.839890 -41.940819 -172.054184
v -165.022690 -44.980621 -174.479416
v -164.839890 -41.940819 -172.054184
v -106.968414 -51.012787 -165.082138
v -105.442154 -46.570393 -170.765320
v -105.442154 -46.570393 -170.765320
v -162.841782 -36.125011 -179.494370
v -164.839890 -41.940819 -172.054184
v -162.841782 -36.125011 -179.494370
v -105.442154 -46.570393 -170.765320
v -105.622772 -49.574146 -173.161789
v -105.622772 -49.574146 -173.161789
v -163.024567 -39.164814 -181.919601
v -162.841782 -36.125011 -179.494370
v -164.839890 -41.940819 -172.054184
v -162.841782 -36.125011 -179.494370
v -165.725662 -35.001789 -179.390869
v -167.723755 -40.817596 -171.950668
v -167.665649 -35.309784 -180.152618
v -169.663773 -41.125591 -172.712418
v -168.544815 -36.696552 -181.472717
v -170.542908 -42.512360 -174.032547
v -170.542908 -42.512360 -174.032547
v -168.544815 -36.696552 -181.472717
v -167.848450 -38.349586 -182.577835
v -169.846558 -44.165394 -175.137665
v -165.984146 -39.300499 -182.820480
v -167.982254 -45.116302 -175.380295
v -165.022690 -44.980621 -174.479416
v -164.839890 -41.940819 -172.054184
v -167.723755 -40.817596 -171.950668
v -167.723755 -40.817596 -171.950668
v -169.663773 -41.125591 -172.712418
v -170.542908 -42.512360 -174.032547
v -165.022690 -44.980621 -174.479416
v -167.723755 -40.817596 -171.950668
v -170.542908 -42.512360 -174.032547
v -170.542908 -42.512360 -174.032547
v -169.846558 -44.165394 -175.137665
v -167.982254 -45.116302 -175.380295
v -165.022690 -44.980621 -174.479416
v -170.542908 -42.512360 -174.032547
v -167.982254 -45.116302 -175.380295
v -163.024567 -39.164814 -181.919601
v -165.984146 -39.300499 -182.820480
v -167.848450 -38.349586 -182.577835
v -167.848450 -38.349586 -182.577835
v -168.544815 -36.696552 -181.472717
v -167.665649 -35.309784 -180.152618
v -163.024567 -39.164814 -181.919601
v -167.848450 -38.349586 -182.577835
v -167.665649 -35.309784 -180.152618
v -162.841782 -36.125011 -179.494370
v -163.024567 -39.164814 -181.919601
v -167.665649 -35.309784 -180.152618
v -162.841782 -36.125011 -179.494370
v -167.665649 -35.309784 -180.152618
v -165.725662 -35.001789 -179.390869
v -182.013382 -38.390186 -178.241226
v -168.149200 -39.747807 -176.028854
v -167.682922 -38.390625 -177.765091
v -181.403595 -36.615288 -180.511871
v -181.966568 -40.125443 -179.585052
v -168.102997 -41.460091 -177.354874
v -168.149200 -39.747807 -176.028854
v -182.013382 -38.390186 -178.241226
v -181.356781 -38.350544 -181.855682
v -167.636719 -40.102905 -179.091141
v -168.102997 -41.460091 -177.354874
v -181.966568 -40.125443 -179.585052
v -181.403595 -36.615288 -180.511871
v -167.682922 -38.390625 -177.765091
v -167.636719 -40.102905 -179.091141
v -181.356781 -38.350544 -181.855682
v -187.117004 -36.756672 -182.321442
v -187.779358 -38.684544 -179.855103
v -185.924179 -37.618450 -178.523544
v -185.261841 -35.690578 -180.989883
v -185.855148 -40.177078 -180.505020
v -185.924179 -37.618450 -178.523544
v -187.779358 -38.684544 -179.855103
v -187.779358 -38.684544 -179.855103
v -187.117004 -36.756672 -182.321442
v -185.192810 -38.249203 -182.971359
v -185.855148 -40.177078 -180.505020
v -185.261841 -35.690578 -180.989883
v -185.192810 -38.249203 -182.971359
v -187.117004 -36.756672 -182.321442
v -170.856018 -48.288555 -179.758102
v -169.217316 -43.518841 -185.860031
v -167.975388 -42.941528 -185.074677
v -169.613998 -47.710987 -178.973083
v -169.613998 -47.710987 -178.973083
v -167.975388 -42.941528 -185.074677
v -168.244156 -41.681400 -184.162384
v -169.882858 -46.451111 -178.060486
v -169.882858 -46.451111 -178.060486
v -170.856018 -48.288555 -179.758102
v -169.613998 -47.710987 -178.973083
v -169.217316 -43.518841 -185.860031
v -168.244156 -41.681400 -184.162384
v -167.975388 -42.941528 -185.074677
v -186.789597 -40.809521 -178.646225
v -185.296265 -36.462925 -184.206833
v -185.849899 -39.035275 -177.006989
v -186.789597 -40.809521 -178.646225
v -184.356583 -34.688683 -182.567612
v -185.849899 -39.035275 -177.006989
v -185.296265 -36.462925 -184.206833
v -184.356583 -34.688683 -182.567612
v -187.608444 -39.340416 -177.717773
v -186.115112 -34.993824 -183.278381
v -187.608444 -39.340416 -177.717773
v -186.115112 -34.993824 -183.278381
v -187.608444 -39.340416 -177.717773
v -186.115112 -34.993824 -183.278381
v -62.777054 -62.983742 -164.166855
v -61.695515 -63.107876 -170.777313
v -100.851349 -55.432957 -177.327698
v -101.932892 -55.308823 -170.717239
v -62.258785 -68.865784 -174.156647
v -101.414627 -61.190868 -180.707031
v -62.258785 -68.865784 -174.156647
v -63.903736 -74.499542 -170.924683
v -103.059570 -66.824623 -177.475067
v -101.414627 -61.190868 -180.707031
v -64.985275 -74.375412 -164.314224
v -104.141113 -66.700493 -170.864624
v -64.422005 -68.617500 -160.934891
v -103.577835 -60.942581 -167.485291
v -64.422005 -68.617500 -160.934891
v -103.577835 -60.942581 -167.485291
v -48.330833 -63.446362 -161.436813
v -63.273022 -60.563530 -160.382233
v -66.367790 -76.528648 -160.588760
v -51.425606 -79.411476 -161.643356
v -46.972801 -63.602226 -169.737198
v -50.067574 -79.567345 -169.943741
v -64.001923 -76.800194 -175.049179
v -60.907150 -60.835072 -174.842636
v -51.425606 -79.411476 -161.643356
v -66.367790 -76.528648 -160.588760
v -64.001923 -76.800194 -175.049179
v -64.001923 -76.800194 -175.049179
v -50.067574 -79.567345 -169.943741
v -51.425606 -79.411476 -161.643356
v -66.367790 -76.528648 -160.588760
v -63.273022 -60.563530 -160.382233
v -60.907150 -60.835072 -174.842636
v -64.001923 -76.800194 -175.049179
v -63.273022 -60.563530 -160.382233
v -48.330833 -63.446362 -161.436813
v -46.972801 -63.602226 -169.737198
v -46.972801 -63.602226 -169.737198
v -60.907150 -60.835072 -174.842636
v -63.273022 -60.563530 -160.382233
v -39.311043 -81.685753 -167.369553
v -36.216274 -65.720627 -167.163025
v -51.425606 -79.411476 -161.643356
v -50.067574 -79.567345 -169.943741
v -39.311043 -81.685753 -167.369553
v -36.216274 -65.720627 -167.163025
v -39.311043 -81.685753 -167.369553
v -46.972801 -63.602226 -169.737198
v -48.330833 -63.446362 -161.436813
v -36.216274 -65.720627 -167.163025
v -47.327877 -53.584904 -201.758102
v -56.046398 -59.477104 -201.634949
v -54.125423 -60.793819 -128.638458
v -45.406975 -54.902042 -128.761612
v -56.046398 -59.477104 -201.634949
v -50.159855 -68.194359 -201.947098
v -48.238956 -69.511497 -128.950607
v -54.125423 -60.793819 -128.638458
v -41.440987 -62.302662 -202.070267
v -39.520012 -63.619377 -129.073792
v -41.440987 -62.302662 -202.070267
v -39.520012 -63.619377 -129.073792
v -56.046398 -59.477104 -201.634949
v -47.327877 -53.584904 -201.758102
v -50.159855 -68.194359 -201.947098
v -41.440987 -62.302662 -202.070267
v -50.159855 -68.194359 -201.947098
v -47.327877 -53.584904 -201.758102
v -48.238956 -69.511497 -128.950607
v -39.520012 -63.619377 -129.073792
v -45.406975 -54.902042 -128.761612
v -54.125423 -60.793819 -128.638458
v -48.238956 -69.511497 -128.950607
v -45.406975 -54.902042 -128.761612
v -46.660988 -65.140984 -193.571884
v -45.263664 -57.932552 -193.478638
v -37.211288 -59.854748 -165.552002
v -38.608612 -67.063179 -165.645248
v -43.791126 -58.941891 -137.522705
v -45.188454 -66.150322 -137.615952
v -45.263664 -57.932552 -193.478638
v -43.791126 -58.941891 -137.522705
v -37.211288 -59.854748 -165.552002
v -46.660988 -65.140984 -193.571884
v -38.608612 -67.063179 -165.645248
v -45.188454 -66.150322 -137.615952
v -39.513363 -70.454117 -189.859924
v -37.962128 -71.517403 -130.913513
v -38.685898 -69.418457 -130.856613
v -40.237133 -68.355171 -189.803024
v -40.237133 -68.355171 -189.803024
v -38.685898 -69.418457 -130.856613
v -36.506351 -69.840111 -130.921585
v -38.057587 -68.776833 -189.867996
v -38.057587 -68.776833 -189.867996
v -36.506351 -69.840111 -130.921585
v -44.412617 -71.622421 -135.965485
v -48.677460 -67.484314 -130.649429
v -37.174644 -71.460144 -130.714264
v -48.677460 -67.484314 -130.649429
v -49.308857 -70.741531 -130.691574
v -37.174644 -71.460144 -130.714264
v -45.931374 -53.317944 -130.466171
v -46.562771 -56.575165 -130.508301
v -34.407326 -57.184265 -130.529572
v -46.562771 -56.575165 -130.508301
v -41.035130 -54.198830 -135.740082
v -34.407326 -57.184265 -130.529572
v -45.972412 -70.553276 -195.237000
v -45.341011 -67.296059 -195.194870
v -38.734436 -70.390999 -189.985779
v -45.341011 -67.296059 -195.194870
v -50.868652 -69.672386 -189.963089
v -38.734436 -70.390999 -189.985779
v -47.491161 -52.248798 -189.737701
v -43.226318 -56.386909 -195.053726
v -35.967117 -56.115120 -189.801102
v -43.226318 -56.386909 -195.053726
v -42.594921 -53.129684 -195.011612
v -35.967117 -56.115120 -189.801102
v -54.298206 -85.553017 -201.950317
v -60.663239 -84.407883 -195.094315
v -51.046597 -34.798096 -194.452530
v -44.681561 -35.943233 -201.308517
v -60.663239 -84.407883 -195.094315
v -53.947609 -85.793327 -188.627762
v -44.330967 -36.183544 -187.985977
v -51.046597 -34.798096 -194.452530
v -47.582592 -86.938454 -195.484207
v -37.965946 -37.328674 -194.842422
v -47.582592 -86.938454 -195.484207
v -37.965946 -37.328674 -194.842422
v -52.738392 -86.622177 -142.677948
v -59.103428 -85.477036 -135.821945
v -49.486782 -35.867256 -135.180145
v -43.121746 -37.012394 -142.036148
v -59.103428 -85.477036 -135.821945
v -52.387798 -86.862488 -129.355408
v -42.771152 -37.252705 -128.713623
v -49.486782 -35.867256 -135.180145
v -46.022778 -88.007622 -136.211838
v -36.406128 -38.397835 -135.570038
v -46.022778 -88.007622 -136.211838
v -36.406128 -38.397835 -135.570038
v -36.544662 -55.139351 -189.661819
v -38.000443 -56.816647 -189.653748
v -36.449207 -57.879925 -130.707336
v -34.993423 -56.202637 -130.715393
v -38.000443 -56.816647 -189.653748
v -35.820889 -57.238300 -189.718719
v -34.269657 -58.301586 -130.772308
v -36.449207 -57.879925 -130.707336
v -35.820889 -57.238300 -189.718719
v -34.269657 -58.301586 -130.772308
v -51.876537 -80.974609 -149.615128
v -63.321335 -78.848991 -142.433273
v -61.308723 -68.466415 -142.298950
v -49.863918 -70.592033 -149.480804
v -62.961582 -79.095589 -128.762558
v -60.948959 -68.713013 -128.628235
v -62.961582 -79.095589 -128.762558
v -51.157017 -81.467796 -122.273689
v -49.144402 -71.085220 -122.139381
v -60.948959 -68.713013 -128.628235
v -39.712215 -83.593399 -129.455536
v -37.699596 -73.210823 -129.321228
v -40.071976 -83.346809 -143.126251
v -38.059357 -72.964241 -142.991928
v -40.071976 -83.346809 -143.126251
v -38.059357 -72.964241 -142.991928
v -61.308723 -68.466415 -142.298950
v -60.948959 -68.713013 -128.628235
v -49.144402 -71.085220 -122.139381
v -49.144402 -71.085220 -122.139381
v -37.699596 -73.210823 -129.321228
v -38.059357 -72.964241 -142.991928
v -61.308723 -68.466415 -142.298950
v -49.144402 -71.085220 -122.139381
v -38.059357 -72.964241 -142.991928
v -49.863918 -70.592033 -149.480804
v -61.308723 -68.466415 -142.298950
v -38.059357 -72.964241 -142.991928
v -44.398655 -42.398170 -149.116058
v -46.411278 -52.780743 -149.250381
v -57.856075 -50.655132 -142.068527
v -55.843460 -40.272556 -141.934219
v -57.496319 -50.901726 -128.397827
v -55.483700 -40.519150 -128.263504
v -55.483700 -40.519150 -128.263504
v -57.496319 -50.901726 -128.397827
v -45.691761 -53.273933 -121.908958
v -43.679138 -42.891357 -121.774635
v -34.246956 -55.399544 -129.090805
v -32.234337 -45.016972 -128.956482
v -34.606712 -55.152950 -142.761520
v -32.594097 -44.770378 -142.627197
v -32.594097 -44.770378 -142.627197
v -34.606712 -55.152950 -142.761520
v -34.606712 -55.152950 -142.761520
v -34.246956 -55.399544 -129.090805
v -45.691761 -53.273933 -121.908958
v -45.691761 -53.273933 -121.908958
v -57.496319 -50.901726 -128.397827
v -57.856075 -50.655132 -142.068527
v -34.606712 -55.152950 -142.761520
v -45.691761 -53.273933 -121.908958
v -57.856075 -50.655132 -142.068527
v -46.411278 -52.780743 -149.250381
v -34.606712 -55.152950 -142.761520
v -57.856075 -50.655132 -142.068527
v -53.437225 -79.904839 -208.920822
v -64.882027 -77.779236 -201.738968
v -62.869411 -67.396660 -201.604660
v -51.424606 -69.522270 -208.786499
v -64.522270 -78.025826 -188.068237
v -62.509651 -67.643250 -187.933929
v -64.522270 -78.025826 -188.068237
v -52.717705 -80.398026 -181.579376
v -50.705090 -70.015457 -181.445068
v -62.509651 -67.643250 -187.933929
v -41.272907 -82.523643 -188.761230
v -39.260288 -72.141068 -188.626907
v -41.632664 -82.277046 -202.431961
v -39.620049 -71.894470 -202.297623
v -41.632664 -82.277046 -202.431961
v -39.620049 -71.894470 -202.297623
v -62.869411 -67.396660 -201.604660
v -62.509651 -67.643250 -187.933929
v -50.705090 -70.015457 -181.445068
v -50.705090 -70.015457 -181.445068
v -39.260288 -72.141068 -188.626907
v -39.620049 -71.894470 -202.297623
v -62.869411 -67.396660 -201.604660
v -50.705090 -70.015457 -181.445068
v -39.620049 -71.894470 -202.297623
v -51.424606 -69.522270 -208.786499
v -62.869411 -67.396660 -201.604660
v -39.620049 -71.894470 -202.297623
v -45.959347 -41.328411 -208.421753
v -47.971966 -51.710983 -208.556076
v -59.416771 -49.585373 -201.374222
v -57.404148 -39.202797 -201.239914
v -59.057011 -49.831966 -187.703522
v -57.044388 -39.449390 -187.569199
v -57.044388 -39.449390 -187.569199
v -59.057011 -49.831966 -187.703522
v -47.252449 -52.204174 -181.214661
v -45.239830 -41.821598 -181.080322
v -35.807644 -54.329781 -188.396500
v -33.795029 -43.947205 -188.262192
v -36.167404 -54.083187 -202.067215
v -34.154785 -43.700615 -201.932892
v -34.154785 -43.700615 -201.932892
v -36.167404 -54.083187 -202.067215
v -36.167404 -54.083187 -202.067215
v -35.807644 -54.329781 -188.396500
v -47.252449 -52.204174 -181.214661
v -47.252449 -52.204174 -181.214661
v -59.057011 -49.831966 -187.703522
v -59.416771 -49.585373 -201.374222
v -36.167404 -54.083187 -202.067215
v -47.252449 -52.204174 -181.214661
v -59.416771 -49.585373 -201.374222
v -47.971966 -51.710983 -208.556076
v -36.167404 -54.083187 -202.067215
v -59.416771 -49.585373 -201.374222
v -56.108616 -79.331223 -175.627579
v -52.685829 -61.673920 -175.399170
v -54.554596 -61.348701 -172.536652
v -57.977386 -79.005997 -172.765091
v -79.296021 -65.339783 -191.425812
v -80.321823 -65.161263 -189.854538
v -79.266022 -59.714664 -189.784088
v -78.240219 -59.893185 -191.355362
v -60.556736 -78.402008 -180.803986
v -57.211956 -61.103710 -180.567749
v -54.007164 -61.430080 -178.453827
v -57.420166 -79.037437 -178.684113
v -57.839607 -60.763123 -172.583450
v -61.030434 -60.439182 -174.718735
v -64.391502 -77.734642 -174.930038
v -61.254929 -78.370079 -172.810150
v -60.556736 -78.402008 -180.803986
v -57.420166 -79.037437 -178.684113
v -56.108616 -79.331223 -175.627579
v -64.391502 -77.734642 -174.930038
v -60.556736 -78.402008 -180.803986
v -56.108616 -79.331223 -175.627579
v -61.254929 -78.370079 -172.810150
v -64.391502 -77.734642 -174.930038
v -56.108616 -79.331223 -175.627579
v -57.977386 -79.005997 -172.765091
v -61.254929 -78.370079 -172.810150
v -56.108616 -79.331223 -175.627579
v -76.433273 -65.964348 -186.043823
v -79.696983 -65.302872 -188.271194
v -80.321823 -65.161263 -189.854538
v -80.321823 -65.161263 -189.854538
v -79.296021 -65.339783 -191.425812
v -77.619331 -65.664444 -191.453659
v -76.433273 -65.964348 -186.043823
v -80.321823 -65.161263 -189.854538
v -77.619331 -65.664444 -191.453659
v -74.336082 -66.329315 -189.256226
v -76.433273 -65.964348 -186.043823
v -77.619331 -65.664444 -191.453659
v -54.554596 -61.348701 -172.536652
v -52.685829 -61.673920 -175.399170
v -54.007164 -61.430080 -178.453827
v -57.211956 -61.103710 -180.567749
v -61.030434 -60.439182 -174.718735
v -57.839607 -60.763123 -172.583450
v -76.433273 -65.964348 -186.043823
v -75.319115 -60.265049 -185.983963
v -74.336082 -66.329315 -189.256226
v -60.556736 -78.402008 -180.803986
v -64.391502 -77.734642 -174.930038
v -64.391502 -77.734642 -174.930038
v -76.433273 -65.964348 -186.043823
v -74.336082 -66.329315 -189.256226
v -74.336082 -66.329315 -189.256226
v -73.240067 -60.626865 -189.168564
v -73.240067 -60.626865 -189.168564
v -75.319115 -60.265049 -185.983963
v -61.030434 -60.439182 -174.718735
v -61.030434 -60.439182 -174.718735
v -57.211956 -61.103710 -180.567749
v -73.240067 -60.626865 -189.168564
v -78.630257 -59.806103 -188.203415
v -79.696983 -65.302872 -188.271194
v -77.619331 -65.664444 -191.453659
v -76.556328 -60.167027 -191.380157
v -73.240067 -60.626865 -189.168564
v -76.556328 -60.167027 -191.380157
v -78.240219 -59.893185 -191.355362
v -79.266022 -59.714664 -189.784088
v -78.630257 -59.806103 -188.203415
v -75.319115 -60.265049 -185.983963
v -56.108616 -79.331223 -175.627579
v -52.685829 -61.673920 -175.399170
v -78.240219 -59.893185 -191.355362
v -79.296021 -65.339783 -191.425812
v -97.115479 -52.718102 -181.750046
v -98.007050 -52.502468 -185.059204
v -101.429924 -70.160179 -185.287643
v -100.538353 -70.375816 -181.978470
v -75.645012 -66.075844 -189.208862
v -76.700890 -71.522865 -189.279312
v -77.190292 -71.404503 -191.095779
v -76.134407 -65.957474 -191.025330
v -90.352966 -54.028561 -181.783005
v -93.987366 -53.337296 -180.758759
v -97.402336 -70.944717 -180.988266
v -93.709862 -71.324913 -182.021179
v -99.230759 -70.502487 -187.774643
v -95.816895 -52.894810 -187.549271
v -92.182495 -53.586067 -188.573532
v -95.531616 -70.884300 -188.782867
v -97.115479 -52.718102 -181.750046
v -93.987366 -53.337296 -180.758759
v -90.352966 -54.028561 -181.783005
v -97.115479 -52.718102 -181.750046
v -90.352966 -54.028561 -181.783005
v -92.182495 -53.586067 -188.573532
v -97.115479 -52.718102 -181.750046
v -92.182495 -53.586067 -188.573532
v -95.816895 -52.894810 -187.549271
v -98.007050 -52.502468 -185.059204
v -97.115479 -52.718102 -181.750046
v -95.816895 -52.894810 -187.549271
v -76.727509 -65.882919 -187.901779
v -75.645012 -66.075844 -189.208862
v -76.134407 -65.957474 -191.025330
v -76.134407 -65.957474 -191.025330
v -77.718735 -65.643173 -191.580841
v -81.516426 -64.920616 -190.529190
v -76.727509 -65.882919 -187.901779
v -76.134407 -65.957474 -191.025330
v -81.516426 -64.920616 -190.529190
v -80.515884 -65.162613 -186.815536
v -76.727509 -65.882919 -187.901779
v -81.516426 -64.920616 -190.529190
v -95.531616 -70.884300 -188.782867
v -93.709862 -71.324913 -182.021179
v -97.402336 -70.944717 -180.988266
v -100.538353 -70.375816 -181.978470
v -101.429924 -70.160179 -185.287643
v -99.230759 -70.502487 -187.774643
v -81.516426 -64.920616 -190.529190
v -82.617271 -70.622948 -190.586884
v -80.515884 -65.162613 -186.815536
v -81.516426 -64.920616 -190.529190
v -92.182495 -53.586067 -188.573532
v -92.182495 -53.586067 -188.573532
v -90.352966 -54.028561 -181.783005
v -80.515884 -65.162613 -186.815536
v -81.625381 -70.862854 -186.905350
v -80.515884 -65.162613 -186.815536
v -81.625381 -70.862854 -186.905350
v -93.709862 -71.324913 -182.021179
v -95.531616 -70.884300 -188.782867
v -95.531616 -70.884300 -188.782867
v -82.617271 -70.622948 -190.586884
v -81.625381 -70.862854 -186.905350
v -78.782684 -71.140915 -191.648895
v -77.718735 -65.643173 -191.580841
v -77.793228 -71.380226 -187.976425
v -76.727509 -65.882919 -187.901779
v -78.782684 -71.140915 -191.648895
v -77.190292 -71.404503 -191.095779
v -76.700890 -71.522865 -189.279312
v -82.617271 -70.622948 -190.586884
v -81.625381 -70.862854 -186.905350
v -77.793228 -71.380226 -187.976425
v -97.115479 -52.718102 -181.750046
v -100.538353 -70.375816 -181.978470
v -76.700890 -71.522865 -189.279312
v -75.645012 -66.075844 -189.208862
v -2.348299 -43.674999 948.459717
v 3.186981 -44.132957 948.617371
v 3.186981 -46.697060 941.170715
v -2.348299 -46.239094 941.013000
v 5.535280 -48.894543 950.256958
v 5.535280 -51.458637 942.810242
v 2.348299 -53.198166 951.738770
v 2.348299 -55.762268 944.292053
v 2.348299 -53.198166 951.738770
v -3.186981 -52.740208 951.581055
v -3.186981 -55.304302 944.134399
v 2.348299 -55.762268 944.292053
v -5.535280 -47.978619 949.941528
v -5.535280 -50.542721 942.494812
v -2.348299 -43.674999 948.459717
v -2.348299 -46.239094 941.013000
v 1.848898 -38.376404 940.582153
v -1.552631 -47.126797 943.595154
v -1.552631 -45.964420 946.971008
v 1.848898 -37.214027 943.957947
v 1.848898 -37.214027 943.957947
v 10.848663 -55.462616 950.241455
v 10.848663 -56.624989 946.865723
v 10.848663 -56.624989 946.865723
v 1.848898 -38.376404 940.582153
v 1.848898 -37.214027 943.957947
v 1.572775 -52.301723 949.153076
v 1.572775 -53.464100 945.777283
v 10.848663 -56.624989 946.865723
v 10.848663 -55.462616 950.241455
v -5.592423 -55.636936 949.731018
v -8.718190 -49.298901 947.548645
v -8.718190 -50.110046 945.192932
v -5.592423 -56.448082 947.375244
v 10.848663 -56.624989 946.865723
v 1.572775 -53.464100 945.777283
v -1.552631 -47.126797 943.595154
v -1.552631 -47.126797 943.595154
v 1.848898 -38.376404 940.582153
v 10.848663 -56.624989 946.865723
v -8.718190 -50.110046 945.192932
v -8.718190 -49.298901 947.548645
v -5.592423 -55.636936 949.731018
v -5.592423 -56.448082 947.375244
v -1.552631 -47.126797 943.595154
v 1.572775 -53.464100 945.777283
v -1.552631 -45.964420 946.971008
v -8.718190 -49.298901 947.548645
v -5.592423 -55.636936 949.731018
v 1.572775 -52.301723 949.153076
v 1.848898 -37.214027 943.957947
v 10.848663 -55.462616 950.241455
v -1.625745 -32.914429 984.470154
v 2.206372 -33.231476 984.579346
v 2.206372 -44.325459 952.360046
v -1.625745 -44.008404 952.250854
v 3.832117 -36.527958 985.714417
v 3.832117 -47.621937 953.495056
v 1.625745 -39.507389 986.740234
v 1.625745 -50.601372 954.520935
v 1.625745 -39.507389 986.740234
v -2.206372 -39.190342 986.631042
v -2.206372 -50.284317 954.411804
v 1.625745 -50.601372 954.520935
v -3.832117 -35.893860 985.495972
v -3.832117 -46.987839 953.276733
v -1.625745 -32.914429 984.470154
v -1.625745 -44.008404 952.250854
v -8.669146 -40.791824 972.438232
v -8.669146 -41.684376 969.846130
v -5.606603 -47.894215 971.984314
v -5.606603 -47.001663 974.576477
v -1.557226 -38.548573 968.766846
v 1.505317 -44.758411 970.905090
v -1.557226 -36.921417 973.492432
v 1.505317 -43.131256 975.630676
v -1.557226 -36.921417 973.492432
v -1.557226 -38.548573 968.766846
v -8.669146 -41.684376 969.846130
v -8.669146 -41.684376 969.846130
v -8.669146 -40.791824 972.438232
v -1.557226 -36.921417 973.492432
v 1.505317 -44.758411 970.905090
v 1.505317 -43.131256 975.630676
v -5.606603 -47.001663 974.576477
v -5.606603 -47.001663 974.576477
v -5.606603 -47.894215 971.984314
v 1.505317 -44.758411 970.905090
v -3.589171 -31.457874 990.436157
v -11.807061 -36.104103 988.712891
v -8.287323 -43.240982 991.170288
v -0.069251 -38.595123 992.893677
v -4.820654 -34.004414 984.804321
v -1.300915 -41.141296 987.261780
v -4.820654 -34.004414 984.804321
v 1.248438 -31.328537 983.882935
v 4.768177 -38.465420 986.340332
v -1.300915 -41.141296 987.261780
v 4.288213 -29.007658 986.269409
v 7.807952 -36.144539 988.726868
v -3.589171 -31.457874 990.436157
v -0.069251 -38.595123 992.893677
v 4.288213 -29.007658 986.269409
v 1.248438 -31.328537 983.882935
v -4.820654 -34.004414 984.804321
v 4.288213 -29.007658 986.269409
v -4.820654 -34.004414 984.804321
v -11.807061 -36.104103 988.712891
v -3.589171 -31.457874 990.436157
v 4.288213 -29.007658 986.269409
v -11.807061 -36.104103 988.712891
v 4.768177 -38.465420 986.340332
v 7.807952 -36.144539 988.726868
v -0.069251 -38.595123 992.893677
v -1.300915 -41.141296 987.261780
v 4.768177 -38.465420 986.340332
v -0.069251 -38.595123 992.893677
v -8.287323 -43.240982 991.170288
v -1.300915 -41.141296 987.261780
v -0.069251 -38.595123 992.893677
v -7.865224 -31.669733 988.330200
v -6.671705 -32.462990 984.316956
v -1.252553 -43.451263 988.100464
v -2.446073 -42.658001 992.113708
v -6.671705 -32.462990 984.316956
v -2.809520 -30.760143 983.730652
v 2.609632 -41.748413 987.514160
v -1.252553 -43.451263 988.100464
v -1.615613 -28.914263 987.381409
v 3.803539 -39.902534 991.165039
v -4.740612 -29.476486 990.224548
v 0.678539 -40.464756 994.008057
v -4.740612 -29.476486 990.224548
v 0.678539 -40.464756 994.008057
v 4.052211 -32.482967 979.039246
v 6.942425 -38.343376 981.057190
v 6.942425 -40.569881 974.590942
v 6.942425 -40.569881 974.590942
v 4.052211 -34.709473 972.572998
v 4.052211 -32.482967 979.039246
v 1.727927 -33.507748 979.392090
v 4.618142 -39.368160 981.410034
v 6.942425 -38.343376 981.057190
v 6.942425 -38.343376 981.057190
v 4.052211 -32.482967 979.039246
v 1.727927 -33.507748 979.392090
v 4.618142 -39.368160 981.410034
v 4.618142 -41.594666 974.943787
v 6.942425 -40.569881 974.590942
v 6.942425 -40.569881 974.590942
v 6.942425 -38.343376 981.057190
v 4.618142 -39.368160 981.410034
v 4.618142 -41.594666 974.943787
v 1.727927 -35.734253 972.925964
v 4.052211 -34.709473 972.572998
v 4.052211 -34.709473 972.572998
v 6.942425 -40.569881 974.590942
v 4.618142 -41.594666 974.943787
v 1.727927 -35.734253 972.925964
v 1.727927 -33.507748 979.392090
v 4.052211 -32.482967 979.039246
v 4.052211 -32.482967 979.039246
v 4.052211 -34.709473 972.572998
v 1.727927 -35.734253 972.925964
v -9.501654 -40.200657 971.692810
v -5.527607 -48.258724 974.467346
v -3.755572 -47.030006 975.497742
v -7.729617 -38.971943 972.723206
v -3.755572 -47.030006 975.497742
v -5.527607 -48.258724 974.467346
v -2.515962 -47.121620 973.456177
v -2.515962 -47.121620 973.456177
v -6.490007 -39.063553 970.681641
v -7.729617 -38.971943 972.723206
v -3.755572 -47.030006 975.497742
v -7.729617 -38.971943 972.723206
v -6.490007 -39.063553 970.681641
v -9.501654 -40.200657 971.692810
v -9.915124 -41.225159 969.309631
v -5.941079 -49.283222 972.084167
v -5.941079 -49.283222 972.084167
v -2.929433 -48.146126 971.073059
v -2.515962 -47.121620 973.456177
v -2.515962 -47.121620 973.456177
v -5.527607 -48.258724 974.467346
v -5.941079 -49.283222 972.084167
v -2.929433 -48.146126 971.073059
v -6.903479 -40.088055 968.298462
v -6.903479 -40.088055 968.298462
v -9.915124 -41.225159 969.309631
v -9.501654 -40.200657 971.692810
v -9.501654 -40.200657 971.692810
v -6.490007 -39.063553 970.681641
v -6.903479 -40.088055 968.298462
v -10.040443 -48.430840 959.396240
v -8.768388 -51.010155 960.284363
v -8.768388 -51.010155 960.284363
v -6.525882 -50.163563 959.531189
v -2.929433 -48.146126 971.073059
v -2.929433 -48.146126 971.073059
v -5.941079 -49.283222 972.084167
v -8.768388 -51.010155 960.284363
v -6.525882 -50.163563 959.531189
v -7.797938 -47.584248 958.643005
v -7.797938 -47.584248 958.643005
v -10.040443 -48.430840 959.396240
v -9.915124 -41.225159 969.309631
v -9.915124 -41.225159 969.309631
v -6.903479 -40.088055 968.298462
v -7.797938 -47.584248 958.643005
v -10.242676 -49.008640 958.007874
v -8.970619 -51.587959 958.895935
v -8.970619 -51.587959 958.895935
v -6.801068 -50.768818 958.167480
v -6.525882 -50.163563 959.531189
v -6.525882 -50.163563 959.531189
v -8.768388 -51.010155 960.284363
v -8.970619 -51.587959 958.895935
v -6.801068 -50.768818 958.167480
v -8.073124 -48.189507 957.279358
v -8.073124 -48.189507 957.279358
v -10.242676 -49.008640 958.007874
v -10.040443 -48.430840 959.396240
v -10.040443 -48.430840 959.396240
v -7.797938 -47.584248 958.643005
v -8.073124 -48.189507 957.279358
v -9.898519 -49.473072 956.166138
v -8.626463 -52.052387 957.054260
v -8.970619 -51.587959 958.895935
v -8.626463 -52.052387 957.054260
v -7.711083 -51.706745 956.747009
v -7.711083 -51.706745 956.747009
v -6.801068 -50.768818 958.167480
v -8.970619 -51.587959 958.895935
v -7.711083 -51.706745 956.747009
v -8.983139 -49.127430 955.858887
v -8.073124 -48.189507 957.279358
v -8.983139 -49.127430 955.858887
v -9.898519 -49.473072 956.166138
v -9.898519 -49.473072 956.166138
v -10.242676 -49.008640 958.007874
v -8.073124 -48.189507 957.279358
v -8.626463 -52.052387 957.054260
v -9.898519 -49.473072 956.166138
v -7.272134 -47.717308 946.669495
v -3.298089 -55.775372 949.444153
v -3.451598 -56.418922 947.794983
v -7.425643 -48.360855 945.020325
v -5.373827 -56.862679 949.259399
v -4.533361 -56.985554 947.698730
v -3.451598 -56.418922 947.794983
v -3.451598 -56.418922 947.794983
v -3.298089 -55.775372 949.444153
v -5.373827 -56.862679 949.259399
v -5.373827 -56.862679 949.259399
v -9.347873 -48.804607 946.484741
v -8.507405 -48.927486 944.924133
v -4.533361 -56.985554 947.698730
v -7.272134 -47.717308 946.669495
v -7.425643 -48.360855 945.020325
v -8.507405 -48.927486 944.924133
v -8.507405 -48.927486 944.924133
v -9.347873 -48.804607 946.484741
v -7.272134 -47.717308 946.669495
v -7.684138 -47.257744 948.594299
v -3.710094 -55.315807 951.368835
v -3.710094 -55.315807 951.368835
v -5.786145 -56.403336 951.183960
v -5.373827 -56.862679 949.259399
v -5.373827 -56.862679 949.259399
v -3.298089 -55.775372 949.444153
v -3.710094 -55.315807 951.368835
v -5.786145 -56.403336 951.183960
v -9.760190 -48.345268 948.409424
v -9.760190 -48.345268 948.409424
v -7.684138 -47.257744 948.594299
v -7.272134 -47.717308 946.669495
v -7.272134 -47.717308 946.669495
v -9.347873 -48.804607 946.484741
v -9.760190 -48.345268 948.409424
v -7.178654 -48.488041 950.155334
v -4.665612 -53.583668 951.909851
v -3.710094 -55.315807 951.368835
v -3.710094 -55.315807 951.368835
v -7.684138 -47.257744 948.594299
v -7.178654 -48.488041 950.155334
v -4.665612 -53.583668 951.909851
v -6.741663 -54.671192 951.724976
v -5.786145 -56.403336 951.183960
v -5.786145 -56.403336 951.183960
v -3.710094 -55.315807 951.368835
v -4.665612 -53.583668 951.909851
v -6.741663 -54.671192 951.724976
v -9.254705 -49.575562 949.970459
v -9.760190 -48.345268 948.409424
v -9.760190 -48.345268 948.409424
v -5.786145 -56.403336 951.183960
v -6.741663 -54.671192 951.724976
v -9.254705 -49.575562 949.970459
v -7.178654 -48.488041 950.155334
v -7.684138 -47.257744 948.594299
v -7.684138 -47.257744 948.594299
v -9.760190 -48.345268 948.409424
v -9.254705 -49.575562 949.970459
v -8.587927 -46.916363 956.738281
v -6.074885 -52.011986 958.492859
v -4.665612 -53.583668 951.909851
v -7.178654 -48.488041 950.155334
v -6.074885 -52.011986 958.492859
v -8.150937 -53.099514 958.307983
v -6.741663 -54.671192 951.724976
v -6.741663 -54.671192 951.724976
v -4.665612 -53.583668 951.909851
v -6.074885 -52.011986 958.492859
v -8.150937 -53.099514 958.307983
v -10.663979 -48.003887 956.553406
v -9.254705 -49.575562 949.970459
v -6.741663 -54.671192 951.724976
v -10.663979 -48.003887 956.553406
v -8.587927 -46.916363 956.738281
v -7.178654 -48.488041 950.155334
v -7.178654 -48.488041 950.155334
v -9.254705 -49.575562 949.970459
v -10.663979 -48.003887 956.553406
v -9.512148 -46.888908 958.141846
v -6.999106 -51.984531 959.896301
v -6.074885 -52.011986 958.492859
v -6.999106 -51.984531 959.896301
v -7.851175 -52.430885 959.820435
v -7.851175 -52.430885 959.820435
v -8.150937 -53.099514 958.307983
v -6.074885 -52.011986 958.492859
v -7.851175 -52.430885 959.820435
v -10.364217 -47.335258 958.065918
v -10.663979 -48.003887 956.553406
v -10.364217 -47.335258 958.065918
v -9.512148 -46.888908 958.141846
v -9.512148 -46.888908 958.141846
v -8.587927 -46.916363 956.738281
v -10.663979 -48.003887 956.553406
v -7.425643 -48.360855 945.020325
v -3.451598 -56.418922 947.794983
v -6.999106 -51.984531 959.896301
v -9.512148 -46.888908 958.141846
v 7.054359 -41.103840 939.383850
v 11.411561 -40.743458 939.259644
v 13.590088 -39.329666 942.779053
v 13.590088 -39.329666 942.779053
v 11.411561 -38.277187 946.422302
v 7.054359 -38.637566 946.546387
v 7.054359 -41.103840 939.383850
v 13.590088 -39.329666 942.779053
v 7.054359 -38.637566 946.546387
v 4.876178 -40.050755 943.027283
v 7.054359 -41.103840 939.383850
v 7.054359 -38.637566 946.546387
v 5.990781 -22.949318 940.398193
v 9.535889 -22.656208 940.297241
v 11.308443 -23.512974 937.332886
v 9.535889 -24.662846 934.469482
v 5.990781 -24.955956 934.570435
v 4.218227 -24.099192 937.534729
v 7.054359 -41.103840 939.383850
v 4.876178 -40.050755 943.027283
v 4.218227 -24.099192 937.534729
v 5.990781 -24.955956 934.570435
v 7.054359 -38.637566 946.546387
v 5.990781 -22.949318 940.398193
v 11.411561 -38.277187 946.422302
v 9.535889 -22.656208 940.297241
v 11.411561 -38.277187 946.422302
v 13.590088 -39.329666 942.779053
v 11.308443 -23.512974 937.332886
v 9.535889 -22.656208 940.297241
v 11.411561 -40.743458 939.259644
v 9.535889 -24.662846 934.469482
v 11.411561 -40.743458 939.259644
v 9.535889 -24.662846 934.469482
v 9.024090 -38.107094 940.801147
v 9.024090 -37.122425 943.660889
v 9.892150 -44.725990 946.278992
v 9.892150 -44.725990 946.278992
v 9.892150 -45.710663 943.419250
v 9.024090 -38.107094 940.801147
v 9.024090 -37.122425 943.660889
v 9.024090 -38.107094 940.801147
v 9.892150 -45.710663 943.419250
v 9.892150 -45.710663 943.419250
v 9.892150 -44.725990 946.278992
v 9.024090 -37.122425 943.660889
v -5.334178 -34.769615 945.214539
v -6.830062 -38.655781 946.552673
v -7.577824 -41.831566 943.640503
v -7.577824 -41.831566 943.640503
v -6.830062 -41.122055 939.390137
v -5.334178 -37.235889 938.051941
v -5.334178 -34.769615 945.214539
v -7.577824 -41.831566 943.640503
v -5.334178 -37.235889 938.051941
v -4.586236 -34.059601 940.964355
v -5.334178 -34.769615 945.214539
v -5.334178 -37.235889 938.051941
v -21.320272 -31.914530 936.966064
v -22.537432 -35.076786 938.054871
v -23.145918 -35.654270 941.513489
v -22.537432 -33.070007 943.882996
v -21.320272 -29.907753 942.794128
v -20.711784 -29.330128 939.335876
v -5.334178 -37.235889 938.051941
v -21.320272 -31.914530 936.966064
v -20.711784 -29.330128 939.335876
v -4.586236 -34.059601 940.964355
v -21.320272 -29.907753 942.794128
v -5.334178 -34.769615 945.214539
v -22.537432 -33.070007 943.882996
v -6.830062 -38.655781 946.552673
v -6.830062 -38.655781 946.552673
v -22.537432 -33.070007 943.882996
v -23.145918 -35.654270 941.513489
v -7.577824 -41.831566 943.640503
v -22.537432 -35.076786 938.054871
v -6.830062 -41.122055 939.390137
v -6.830062 -41.122055 939.390137
v -22.537432 -35.076786 938.054871
v -8.135180 -37.700420 940.661194
v -0.592179 -40.461166 941.611755
v -0.592179 -39.476494 944.471436
v -0.592179 -39.476494 944.471436
v -8.135180 -36.715748 943.520813
v -8.135180 -37.700420 940.661194
v -8.135180 -36.715748 943.520813
v -0.592179 -39.476494 944.471436
v -0.592179 -40.461166 941.611755
v -0.592179 -40.461166 941.611755
v -8.135180 -37.700420 940.661194
v -8.135180 -36.715748 943.520813
v -0.000008 -86.415337 939.823914
v -24.363354 -82.871178 939.824097
v -24.363354 -91.577774 890.994751
v -0.000008 -95.036339 890.994934
v -0.000008 -86.415337 939.823914
v -0.000008 -95.036339 890.994934
v -24.363354 -91.577774 890.994751
v -24.363354 -82.871178 939.824097
v 24.363354 -82.871109 939.824585
v 0.000008 -86.415260 939.824341
v 0.000008 -95.036674 890.995422
v 24.363354 -91.577705 890.995178
v 24.363354 -82.871109 939.824585
v 24.363354 -91.577705 890.995178
v 0.000008 -95.036674 890.995422
v 0.000008 -86.415260 939.824341
v -5.556595 -47.381252 953.164551
v -2.778319 -42.831032 951.597778
v -2.778319 -43.886677 948.531921
v -5.556595 -48.436893 950.098694
v 2.778234 -42.831032 951.597778
v 2.778234 -43.886677 948.531921
v 5.556509 -47.381252 953.164551
v 5.556509 -48.436893 950.098694
v 5.556509 -47.381252 953.164551
v 2.778234 -51.931061 954.731140
v 2.778234 -52.986710 951.665344
v 5.556509 -48.436893 950.098694
v -2.778319 -51.931061 954.731140
v -2.778319 -52.986710 951.665344
v -5.556595 -47.381252 953.164551
v -5.556595 -48.436893 950.098694
v -2.778319 -42.831032 951.597778
v -5.556595 -47.381252 953.164551
v -0.000043 -45.795704 957.769348
v -5.556595 -47.381252 953.164551
v -2.778319 -51.931061 954.731140
v -0.000043 -45.795704 957.769348
v 2.778234 -51.931061 954.731140
v 5.556509 -47.381252 953.164551
v 5.556509 -47.381252 953.164551
v 2.778234 -42.831032 951.597778
v -5.556595 -51.000992 942.652039
v -2.778319 -46.450775 941.085266
v -2.778319 -53.985126 919.203857
v -5.556595 -58.535351 920.770630
v 2.778234 -46.450775 941.085266
v 2.778234 -53.985126 919.203857
v 5.556509 -51.000992 942.652039
v 5.556509 -58.535351 920.770630
v 5.556509 -51.000992 942.652039
v 2.778234 -55.550804 944.218689
v 2.778234 -63.085163 922.337280
v 5.556509 -58.535351 920.770630
v -2.778319 -55.550804 944.218689
v -2.778319 -63.085163 922.337280
v -5.556595 -51.000992 942.652039
v -5.556595 -58.535351 920.770630
v -2.687277 -58.535225 906.473877
v -5.374511 -62.936314 907.989319
v 2.687192 -58.535225 906.473877
v 5.374426 -62.936314 907.989319
v 2.687192 -67.336998 909.504578
v 5.374426 -62.936314 907.989319
v -2.687277 -67.336998 909.504578
v -5.374511 -62.936314 907.989319
v -6.838877 -41.612930 938.379272
v -6.838877 -42.661755 935.333313
v 6.838791 -42.661755 935.333313
v 6.838791 -41.612930 938.379272
v -6.838877 -37.191227 936.856812
v 6.838791 -37.191227 936.856812
v 6.838791 -38.240051 933.810791
v -6.838877 -38.240051 933.810791
v -6.838877 -40.797882 933.564941
v 6.838791 -40.797882 933.564941
v 11.113062 -39.402142 937.618469
v 11.113062 -39.402142 937.618469
v 11.113062 -39.402142 937.618469
v -11.113148 -39.402142 937.618469
v -11.113148 -39.402142 937.618469
v -11.113148 -39.402142 937.618469
v -6.838877 -35.254772 938.528931
v -6.838877 -37.797859 931.143250
v 6.838791 -37.797859 931.143250
v 6.838791 -35.254772 938.528931
v -6.838877 -26.363684 935.467529
v 6.838791 -26.363684 935.467529
v 6.838791 -27.999886 930.715637
v 6.838791 -27.999886 930.715637
v -6.838877 -27.999886 930.715637
v -6.838877 -26.363684 935.467529
v -6.838877 -35.254772 938.528931
v 6.838791 -35.254772 938.528931
v 6.838791 -26.363684 935.467529
v -6.838877 -26.363684 935.467529
v 6.838791 -35.254772 938.528931
v 6.838791 -37.797859 931.143250
v 6.838791 -27.999886 930.715637
v 6.838791 -26.363684 935.467529
v 6.838791 -37.797859 931.143250
v -6.838877 -37.797859 931.143250
v -6.838877 -27.999886 930.715637
v -6.838877 -27.999886 930.715637
v 6.838791 -27.999886 930.715637
v 6.838791 -37.797859 931.143250
v -6.838877 -37.797859 931.143250
v -6.838877 -35.254772 938.528931
v -6.838877 -26.363684 935.467529
v -6.838877 -27.999886 930.715637
v -1.496038 -45.029610 934.271240
v -0.000043 -46.444099 934.758240
v -0.000043 -41.318016 938.732910
v -1.496038 -35.700199 936.798157
v 1.495952 -45.029610 934.271240
v 1.495952 -35.700199 936.798157
v -0.000043 -41.318016 938.732910
v -0.000043 -46.444099 934.758240
v -1.496038 -39.233124 932.278992
v 1.495952 -39.233124 932.278992
v -0.000043 -39.685936 930.963928
v -0.000043 -45.482422 932.956116
v 1.495952 -39.233124 932.278992
v -0.000043 -39.685936 930.963928
v -1.496038 -39.233124 932.278992
v -0.000043 -45.482422 932.956116
v -0.000043 -39.685936 930.963928
v -1.496038 -37.465816 931.670410
v 1.495952 -37.465816 931.670410
v 1.495952 -37.465816 931.670410
v 1.495952 -39.233124 932.278992
v -1.496038 -39.233124 932.278992
v -1.496038 -39.233124 932.278992
v -1.496038 -37.465816 931.670410
v 1.495952 -37.465816 931.670410
v -4.295685 -42.465012 928.953003
v -4.295685 -40.078167 930.117493
v 4.295600 -40.078167 930.117493
v 4.295600 -42.465012 928.953003
v -4.295685 -41.242241 932.504211
v 4.295600 -41.242241 932.504211
v -4.295685 -41.242241 932.504211
v -4.295685 -43.628944 931.340149
v 4.295600 -43.628944 931.340149
v 4.295600 -41.242241 932.504211
v -4.295685 -41.242241 932.504211
v -4.295685 -40.078167 930.117493
v -4.295685 -42.465012 928.953003
v -4.295685 -43.628944 931.340149
v 4.295600 -40.078167 930.117493
v 4.295600 -41.242241 932.504211
v 4.295600 -43.628944 931.340149
v 4.295600 -43.628944 931.340149
v 4.295600 -42.465012 928.953003
v 4.295600 -40.078167 930.117493
v -1.496038 -45.029610 934.271240
v -0.000043 -43.615116 933.784180
v -0.000043 -45.752426 927.577026
v -1.496038 -47.166912 928.064026
v -0.000043 -43.615116 933.784180
v 1.495952 -45.029610 934.271240
v 1.495952 -47.166912 928.064026
v -0.000043 -45.752426 927.577026
v -0.000043 -46.444099 934.758240
v -0.000043 -48.581409 928.551086
v -0.000043 -46.444099 934.758240
v -0.000043 -48.581409 928.551086
v -0.000043 -45.752426 927.577026
v 1.495952 -47.166912 928.064026
v -0.000043 -48.581409 928.551086
v -0.000043 -48.581409 928.551086
v -1.496038 -47.166912 928.064026
v -0.000043 -45.752426 927.577026
v -0.000043 -51.292786 928.675964
v -0.000043 -59.375595 931.459106
v 24.362020 -71.153870 904.524414
v 24.362020 -71.153870 904.524414
v 24.362020 -65.868118 902.704407
v -0.000043 -51.292786 928.675964
v -0.000043 -59.375595 931.459106
v -0.000043 -66.518501 910.714539
v 24.362020 -72.570763 900.409424
v 24.362020 -71.153870 904.524414
v -0.000043 -66.518501 910.714539
v -0.000043 -58.435696 907.931396
v 24.362020 -67.285011 898.589417
v 24.362020 -72.570763 900.409424
v -0.000043 -58.435696 907.931396
v -0.000043 -51.292786 928.675964
v 24.362020 -65.868118 902.704407
v 24.362020 -67.285011 898.589417
v -0.000043 -51.292786 928.675964
v -24.362108 -65.868118 902.704407
v -24.362108 -71.153870 904.524414
v -24.362108 -71.153870 904.524414
v -0.000043 -59.375595 931.459106
v -0.000043 -51.292786 928.675964
v -24.362108 -71.153870 904.524414
v -24.362108 -72.570763 900.409424
v -24.362108 -72.570763 900.409424
v -24.362108 -67.285011 898.589417
v -24.362108 -67.285011 898.589417
v -24.362108 -65.868118 902.704407
v -5.040691 -70.616951 898.714600
v 5.040606 -70.616951 898.714600
v 6.600287 -64.913338 915.279114
v 6.600287 -64.913338 915.279114
v -6.600373 -64.913338 915.279114
v -5.040691 -70.616951 898.714600
v -6.600373 -62.084358 914.305054
v -5.040691 -67.787971 897.740540
v -5.040691 -70.616951 898.714600
v -5.040691 -70.616951 898.714600
v -6.600373 -64.913338 915.279114
v -6.600373 -62.084358 914.305054
v 6.600287 -64.913338 915.279114
v 5.040606 -70.616951 898.714600
v 5.040606 -67.787971 897.740540
v 5.040606 -67.787971 897.740540
v 6.600287 -62.084358 914.305054
v 6.600287 -64.913338 915.279114
v -5.040691 -67.787971 897.740540
v -6.600373 -62.084358 914.305054
v 6.600287 -62.084358 914.305054
v 6.600287 -62.084358 914.305054
v 5.040606 -67.787971 897.740540
v -5.040691 -67.787971 897.740540
v -3.458355 -62.817112 942.143127
v -3.458355 -68.383377 925.977478
v 3.798502 -68.383377 925.977478
v 3.798502 -62.817112 942.143127
v -3.458355 -57.037903 940.153198
v 3.798502 -57.037903 940.153198
v 3.798502 -62.604168 923.987610
v 3.798502 -62.604168 923.987610
v -3.458355 -62.604168 923.987610
v -3.458355 -57.037903 940.153198
v -3.458355 -62.817112 942.143127
v 3.798502 -62.817112 942.143127
v 3.798502 -57.037903 940.153198
v 3.798502 -57.037903 940.153198
v -3.458355 -57.037903 940.153198
v -3.458355 -62.817112 942.143127
v 3.798502 -62.817112 942.143127
v 3.798502 -68.383377 925.977478
v 3.798502 -62.604168 923.987610
v 3.798502 -57.037903 940.153198
v 3.798502 -68.383377 925.977478
v -3.458355 -68.383377 925.977478
v -3.458355 -62.604168 923.987610
v 3.798502 -62.604168 923.987610
v -3.458355 -68.383377 925.977478
v -3.458355 -62.817112 942.143127
v -3.458355 -57.037903 940.153198
v -3.458355 -57.037903 940.153198
v -3.458355 -62.604168 923.987610
v -3.458355 -68.383377 925.977478
v -12.346702 -32.293644 945.663574
v 12.347044 -32.293644 945.663574
v 12.347044 -32.641533 944.653198
v 12.347044 -32.641533 944.653198
v -12.346702 -32.641533 944.653198
v -12.346702 -32.293644 945.663574
v 12.347044 -36.267963 947.031982
v 5.505646 -53.807655 953.071350
v 5.505646 -54.155544 952.061035
v 5.505646 -54.155544 952.061035
v 12.347044 -36.615852 946.021606
v 12.347044 -36.267963 947.031982
v -5.505732 -53.807655 953.071350
v -12.346702 -36.267963 947.031982
v -12.346702 -36.615852 946.021606
v -12.346702 -36.615852 946.021606
v -5.505732 -54.155544 952.061035
v -5.505732 -53.807655 953.071350
v 5.505646 -53.807655 953.071350
v 12.347044 -36.267963 947.031982
v -12.346702 -36.267963 947.031982
v -12.346702 -36.267963 947.031982
v -5.505732 -53.807655 953.071350
v 5.505646 -53.807655 953.071350
v 12.347044 -36.615852 946.021606
v 5.505646 -54.155544 952.061035
v -5.505732 -54.155544 952.061035
v -5.505732 -54.155544 952.061035
v -12.346702 -36.615852 946.021606
v 12.347044 -36.615852 946.021606
v -12.346702 -36.267963 947.031982
v 12.347044 -36.267963 947.031982
v 12.347044 -32.293644 945.663574
v 12.347044 -32.293644 945.663574
v -12.346702 -32.293644 945.663574
v -12.346702 -36.267963 947.031982
v 12.347044 -36.267963 947.031982
v 12.347044 -36.615852 946.021606
v 12.347044 -32.641533 944.653198
v 12.347044 -32.293644 945.663574
v 12.347044 -36.615852 946.021606
v -12.346702 -36.615852 946.021606
v -12.346702 -32.641533 944.653198
v 12.347044 -32.641533 944.653198
v -12.346702 -36.615852 946.021606
v -12.346702 -36.267963 947.031982
v -12.346702 -32.293644 945.663574
v -12.346702 -32.641533 944.653198
v -5.505732 -53.807655 953.071350
v -5.505732 -54.155544 952.061035
v 5.505646 -54.155544 952.061035
v 5.505646 -54.155544 952.061035
v 5.505646 -53.807655 953.071350
v -5.505732 -53.807655 953.071350
v -12.346702 -35.203545 937.212585
v 12.347044 -35.203545 937.212585
v 12.347044 -35.551437 936.202209
v 12.347044 -35.551437 936.202209
v -12.346702 -35.551437 936.202209
v -12.346702 -35.203545 937.212585
v 12.347044 -39.177864 938.581055
v 5.505646 -56.717560 944.620422
v 5.505646 -57.065453 943.610046
v 5.505646 -57.065453 943.610046
v 12.347044 -39.525757 937.570618
v 12.347044 -39.177864 938.581055
v -5.505732 -56.717560 944.620422
v -12.346702 -39.177864 938.581055
v -12.346702 -39.525757 937.570618
v -12.346702 -39.525757 937.570618
v -5.505732 -57.065453 943.610046
v -5.505732 -56.717560 944.620422
v 5.505646 -56.717560 944.620422
v 12.347044 -39.177864 938.581055
v -12.346702 -39.177864 938.581055
v -12.346702 -39.177864 938.581055
v -5.505732 -56.717560 944.620422
v 5.505646 -56.717560 944.620422
v 12.347044 -39.525757 937.570618
v 5.505646 -57.065453 943.610046
v -5.505732 -57.065453 943.610046
v -5.505732 -57.065453 943.610046
v -12.346702 -39.525757 937.570618
v 12.347044 -39.525757 937.570618
v -12.346702 -39.177864 938.581055
v 12.347044 -39.177864 938.581055
v 12.347044 -35.203545 937.212585
v -12.346702 -35.203545 937.212585
v 12.347044 -39.177864 938.581055
v 12.347044 -39.525757 937.570618
v 12.347044 -35.551437 936.202209
v 12.347044 -35.203545 937.212585
v 12.347044 -39.525757 937.570618
v -12.346702 -39.525757 937.570618
v -12.346702 -35.551437 936.202209
v -12.346702 -35.551437 936.202209
v 12.347044 -35.551437 936.202209
v 12.347044 -39.525757 937.570618
v -12.346702 -39.525757 937.570618
v -12.346702 -39.177864 938.581055
v -12.346702 -35.203545 937.212585
v -12.346702 -35.551437 936.202209
v -5.505732 -56.717560 944.620422
v -5.505732 -57.065453 943.610046
v 5.505646 -57.065453 943.610046
v 5.505646 -56.717560 944.620422
v -3.846887 -54.290199 923.138794
v 3.846802 -54.290199 923.138794
v 3.846802 -48.007767 917.638489
v -3.846887 -48.007767 917.638489
v 3.846802 -57.042439 915.145691
v 3.846802 -48.705494 915.612122
v 3.846802 -48.007767 917.638489
v 3.846802 -48.007767 917.638489
v 3.846802 -54.290199 923.138794
v 3.846802 -57.042439 915.145691
v 3.846802 -57.042439 915.145691
v -3.846887 -57.042439 915.145691
v -3.846887 -48.705494 915.612122
v 3.846802 -48.705494 915.612122
v -3.846887 -54.290199 923.138794
v -3.846887 -48.007767 917.638489
v -3.846887 -48.705494 915.612122
v -3.846887 -48.705494 915.612122
v -3.846887 -57.042439 915.145691
v -3.846887 -54.290199 923.138794
v -1.816608 -48.134781 917.656860
v 1.816522 -48.134781 917.656860
v 1.816522 -46.153091 896.708435
v -1.816608 -46.153091 896.708435
v 1.816522 -42.216534 880.066711
v -1.816608 -42.216534 880.066711
v 1.816522 -48.134781 917.656860
v 1.816522 -54.537384 916.783447
v 1.816522 -45.992607 879.332642
v 1.816522 -45.992607 879.332642
v 1.816522 -46.153091 896.708435
v 1.816522 -48.134781 917.656860
v 1.816522 -46.153091 896.708435
v 1.816522 -45.992607 879.332642
v 1.816522 -42.216534 880.066711
v 1.816522 -54.537384 916.783447
v -1.816608 -54.537384 916.783447
v -1.816608 -45.992607 879.332642
v -1.816608 -45.992607 879.332642
v 1.816522 -45.992607 879.332642
v 1.816522 -54.537384 916.783447
v -1.816608 -54.537384 916.783447
v -1.816608 -48.134781 917.656860
v -1.816608 -46.153091 896.708435
v -1.816608 -46.153091 896.708435
v -1.816608 -45.992607 879.332642
v -1.816608 -54.537384 916.783447
v -1.816608 -42.216534 880.066711
v -10.169389 -61.451462 911.662292
v -14.400490 -55.627602 914.131836
v -16.153368 -57.005108 910.131226
v -10.169389 -55.056919 915.789246
v -5.937860 -55.627602 914.131836
v -4.185409 -57.005108 910.131226
v -5.937860 -58.382759 906.130310
v -10.169389 -58.953304 904.473328
v -14.400490 -58.382759 906.130310
v -14.400490 -55.627602 914.131836
v -10.169389 -55.056919 915.789246
v -5.937860 -55.627602 914.131836
v -5.937860 -55.627602 914.131836
v -4.185409 -57.005108 910.131226
v -5.937860 -58.382759 906.130310
v -5.937860 -58.382759 906.130310
v -10.169389 -58.953304 904.473328
v -14.400490 -58.382759 906.130310
v -5.937860 -55.627602 914.131836
v -5.937860 -58.382759 906.130310
v -14.400490 -58.382759 906.130310
v -14.400490 -55.627602 914.131836
v -5.937860 -55.627602 914.131836
v -14.400490 -58.382759 906.130310
v -16.153368 -57.005108 910.131226
v -14.400490 -55.627602 914.131836
v -14.400490 -58.382759 906.130310
v 10.172723 -61.451462 911.662292
v 5.941622 -55.627602 914.131836
v 4.188743 -57.005108 910.131226
v 10.172723 -55.056919 915.789246
v 14.404252 -55.627602 914.131836
v 16.156702 -57.005108 910.131226
v 14.404252 -58.382759 906.130310
v 10.172723 -58.953304 904.473328
v 5.941622 -58.382759 906.130310
v 5.941622 -55.627602 914.131836
v 10.172723 -55.056919 915.789246
v 14.404252 -55.627602 914.131836
v 14.404252 -55.627602 914.131836
v 16.156702 -57.005108 910.131226
v 14.404252 -58.382759 906.130310
v 14.404252 -58.382759 906.130310
v 10.172723 -58.953304 904.473328
v 5.941622 -58.382759 906.130310
v 14.404252 -55.627602 914.131836
v 14.404252 -58.382759 906.130310
v 5.941622 -58.382759 906.130310
v 5.941622 -55.627602 914.131836
v 14.404252 -55.627602 914.131836
v 5.941622 -58.382759 906.130310
v 4.188743 -57.005108 910.131226
v 5.941622 -55.627602 914.131836
v 5.941622 -58.382759 906.130310
v -2.960788 -51.200508 923.050720
v 23.338381 -51.200539 923.050720
v 23.338381 -59.762566 898.184814
v 23.338381 -59.762566 898.184814
v -2.960788 -59.762539 898.184814
v -2.960788 -51.200508 923.050720
v -23.338381 -51.200489 923.050720
v 2.960788 -51.200520 923.050720
v 2.960788 -59.762543 898.184814
v 2.960788 -59.762543 898.184814
v -23.338381 -59.762520 898.184814
v -23.338381 -51.200489 923.050720
v 355.393188 -86.999832 123.727791
v 353.917694 -81.492004 123.720100
v 348.832153 -83.723167 137.753387
v 349.863983 -87.573433 137.758957
v 350.812012 -76.709946 123.703857
v 346.661682 -80.380684 137.742279
v 346.380859 -73.121254 123.680351
v 343.564117 -77.872536 137.726028
v 341.057251 -71.078148 123.652573
v 339.843353 -76.444077 137.706375
v 335.363495 -70.779373 123.622650
v 335.863159 -76.235489 137.685440
v 329.855682 -72.255287 123.594017
v 332.013336 -77.266869 137.665344
v 325.073639 -75.360970 123.568802
v 328.670410 -79.437767 137.647827
v 321.484955 -79.792107 123.549988
v 326.162292 -82.535339 137.634567
v 319.441833 -85.115715 123.539314
v 324.734253 -86.256088 137.627304
v 319.143066 -90.809906 123.538025
v 324.525665 -90.236298 137.626022
v 320.618988 -96.317734 123.545723
v 325.557037 -94.086136 137.631577
v 323.724670 -101.099792 123.561951
v 327.727966 -97.429047 137.643112
v 328.155823 -104.688057 123.585037
v 330.825104 -99.937195 137.659363
v 333.479004 -106.731590 123.612816
v 334.546265 -101.365662 137.678589
v 339.173187 -107.029930 123.642738
v 338.526489 -101.574242 137.699524
v 344.681000 -105.554459 123.671371
v 342.376282 -100.542862 137.719620
v 349.463074 -102.448769 123.696587
v 345.718781 -98.371956 137.737137
v 353.051300 -98.017204 123.715393
v 348.226959 -95.274391 137.750397
v 355.094849 -92.694016 123.726074
v 349.655396 -91.553642 137.757660
v 337.129211 -88.904869 150.211182
v 278.077576 -104.764969 123.323036
v 334.061157 -150.100525 123.615791
v 394.477142 -110.865273 123.932510
v 303.893311 -37.511398 123.458115
v 278.077576 -104.764969 123.323036
v 394.477142 -110.865273 123.932510
v 375.832306 -41.281769 123.834656
v 303.893311 -37.511398 123.458115
v 394.477142 -110.865273 123.932510
v -355.393585 -86.999817 123.727745
v -349.863983 -87.573425 137.758896
v -348.832611 -83.723152 137.753342
v -353.917694 -81.491989 123.720055
v -346.661713 -80.380676 137.742233
v -350.812042 -76.709930 123.703819
v -343.564117 -77.872528 137.725998
v -346.380890 -73.121246 123.680305
v -339.843384 -76.444069 137.706329
v -341.057709 -71.078148 123.652527
v -335.863190 -76.235489 137.685394
v -335.363525 -70.779373 123.622612
v -332.013336 -77.266869 137.665314
v -329.855713 -72.255287 123.593971
v -328.670868 -79.437775 137.647781
v -325.073639 -75.360977 123.568764
v -326.162292 -82.535347 137.634537
v -321.485382 -79.792122 123.549950
v -324.734253 -86.256096 137.627274
v -319.441833 -85.115730 123.539261
v -324.525665 -90.236305 137.625977
v -319.143494 -90.809929 123.537987
v -325.557037 -94.086143 137.631531
v -320.618988 -96.317757 123.545670
v -327.727966 -97.429054 137.643066
v -323.724640 -101.099815 123.561913
v -330.825073 -99.937202 137.659317
v -328.155792 -104.688065 123.584999
v -334.546265 -101.365662 137.678543
v -333.479401 -106.731590 123.612778
v -338.526459 -101.574242 137.699493
v -339.173584 -107.029930 123.642685
v -342.376282 -100.542862 137.719574
v -344.680969 -105.554443 123.671745
v -345.718781 -98.371948 137.737106
v -349.463043 -102.448761 123.696541
v -348.226898 -95.274384 137.750351
v -353.051727 -98.017189 123.715355
v -349.655396 -91.553619 137.757614
v -355.094849 -92.694008 123.726036
v -337.129211 -88.904869 150.211136
v -394.477112 -110.865204 123.932465
v -334.061523 -150.100525 123.615753
v -278.077576 -104.765030 123.322990
v -394.477112 -110.865204 123.932465
v -278.077576 -104.765030 123.322990
v -303.893768 -37.511425 123.458069
v -375.832336 -41.281727 123.834602
v -394.477112 -110.865204 123.932465
v -303.893768 -37.511425 123.458069
v 116.220032 -38.206440 160.847290
v 134.192062 -34.947308 135.558548
v 128.076431 -19.633871 133.186325
v 110.104401 -22.892576 158.474640
v 112.822418 -53.900284 156.410156
v 130.794449 -50.641582 131.121429
v 112.468079 -38.871517 165.895630
v 127.406235 -36.162483 144.876038
v 121.520134 -23.466183 142.329437
v 106.582413 -26.175217 163.348587
v 108.841362 -51.947800 161.632462
v 123.779083 -49.239193 140.613312
v -116.220032 -38.206440 160.847290
v -110.104401 -22.892576 158.474640
v -128.076431 -19.633871 133.186325
v -134.192062 -34.947308 135.558548
v -112.822418 -53.900284 156.410156
v -130.794449 -50.641582 131.121429
v -112.468079 -38.871517 165.895630
v -106.582413 -26.175217 163.348587
v -121.520134 -23.466183 142.329437
v -127.406235 -36.162483 144.876038
v -108.841362 -51.947800 161.632462
v -123.779083 -49.239193 140.613312
v 2.931289 -25.975851 982.731873
v 10.014123 -40.337517 987.677063
v 10.014123 -45.793850 971.830627
v 10.014123 -45.793850 971.830627
v 2.931289 -31.432184 966.885559
v 2.931289 -25.975851 982.731873
v 108.016846 -40.147816 175.241318
v 112.883537 -38.561634 162.097092
v 112.883537 -24.445847 150.852753
v 318.326874 -16.195646 7.994599
v 318.326874 -8.469898 1.253644
v 305.567749 -9.545733 10.013338
v 308.749084 -17.168470 14.591512
v 301.919647 -26.261986 4.841468
v 318.326874 -24.358225 -7.198303
v 318.326874 -16.195646 7.994599
v 308.749084 -17.168470 14.591512
v 318.326874 -3.086025 -115.160011
v 318.326874 -12.029085 -195.574905
v 112.883537 -31.536865 -108.286552
v 112.883537 -15.133489 -2.735535
v 318.326874 0.146608 -52.964222
v 112.883537 -10.474959 78.522659
v 114.200867 -75.299431 77.154037
v 318.326874 -27.190357 -15.881914
v 126.284233 -60.603203 114.804398
v 113.637085 -65.789604 123.762840
v 112.883537 -53.432255 150.805313
v 112.883537 -38.561634 162.097092
v 108.016846 -40.147816 175.241318
v 114.200867 -72.669472 -159.746658
v 124.298843 -70.216469 -159.747086
v 124.298843 -72.302742 -123.178551
v 114.200867 -75.042549 -106.202850
v 774.352844 22.370687 -366.553497
v 780.816040 25.207094 -437.277313
v 1009.654541 51.882832 -569.121948
v 1017.641907 49.085320 -512.285645
v 767.281128 26.992031 -468.865448
v 774.352844 37.071194 -337.232422
v 339.329803 -1.492576 -39.967014
v 318.326874 -34.640842 -104.403809
v 318.418762 -30.790150 -245.602264
v 409.528748 -20.051468 -272.596863
v 405.184387 -19.749704 -282.525574
v 318.326874 -17.562559 -238.637756
v 406.809021 -8.169845 -278.452179
v 433.684357 -4.188360 -280.507660
v 774.352844 34.992188 -388.709595
v 675.638550 21.860338 -380.853943
v 105.592903 -39.148491 -154.550430
v 167.408722 -42.533287 -228.593231
v 164.249619 -50.162434 -268.855591
v 105.592903 -60.668594 -265.098083
v 1009.654541 51.882832 -569.121948
v 767.281128 26.992031 -468.865448
v 773.055237 29.167635 -454.587677
v 663.840698 17.150091 -409.506927
v 421.388550 -9.529490 -309.428680
v 397.604370 -12.167571 -299.629913
v 1028.007446 51.793926 -493.022827
v 1031.620483 54.904743 -487.142273
v 1019.277649 53.856262 -473.751373
v 1013.447510 50.031212 -482.793610
v 1018.771179 58.309628 -504.250885
v 1106.440796 62.607410 -624.644775
v 1106.440796 62.372322 -615.595703
v 1106.440796 61.178516 -606.478638
v 1029.661987 56.869625 -490.170166
v 1031.620483 54.904743 -487.142273
v 1106.440796 60.010361 -604.135498
v 1106.440796 59.280312 -606.809937
v 1106.440796 60.010361 -604.135498
v 1106.440796 59.461971 -615.474304
v 1106.440796 60.521137 -624.644775
v 1109.569946 61.929504 -636.435303
v 1016.750244 56.074181 -477.722198
v 1019.277649 53.856262 -473.751373
v 1109.569946 61.929504 -636.435303
v 1108.463745 62.192802 -622.258423
v 1108.463745 61.220406 -610.422119
v 1108.463379 60.274078 -607.953308
v 1108.463745 59.785534 -610.499512
v 1108.463379 60.274078 -607.953308
v 1108.463745 60.330929 -622.197754
v 1109.569946 61.128510 -622.258423
v 1109.544678 60.591232 -613.088867
v 1109.544678 60.591232 -613.088867
v 1109.569946 61.128510 -622.258423
v 318.326874 -3.312989 -22.887020
v 295.567230 -5.285993 -4.378138
v 1005.173035 57.127789 -494.958649
v 112.883537 -15.152724 121.404297
v 117.806648 -15.496375 117.862206
v 127.793053 -23.949604 132.862762
v 131.193237 -35.229408 138.055573
v 131.193237 -35.229408 138.055573
v 774.353271 25.872601 -320.144287
v 346.175903 -21.353838 -27.999050
v 334.304535 -26.551783 -55.029549
v 352.967285 -12.677065 -15.866099
v 350.252686 -5.778389 -20.663544
v 352.967285 -12.677065 -15.866099
v 114.200867 -78.323051 -3.886169
v 127.793053 -23.949604 132.862762
v 128.424362 -34.596817 133.734299
v 117.806648 -15.496375 117.862206
v 131.193237 -35.229408 138.055573
v 128.424362 -34.596817 133.734299
v 131.193237 -35.229408 138.055573
v 125.764053 -51.896076 130.920959
v 305.567749 -9.545733 10.013338
v 306.427734 -17.230875 11.463599
v 308.749084 -17.168470 14.591512
v 308.749084 -17.168470 14.591512
v 306.427734 -17.230875 11.463599
v 301.919647 -26.261986 4.841468
v 295.567230 -5.285993 -4.378138
v 306.427734 -17.230875 11.463599
v 295.567230 -5.285993 -4.378138
v 117.806648 -15.496375 117.862206
v 128.424362 -34.596817 133.734299
v 135.704742 -50.125675 119.511230
v 301.919647 -26.261986 4.841468
v 306.427734 -17.230875 11.463599
v 128.424362 -34.596817 133.734299
v 123.550835 -55.167606 128.091827
v 352.967285 -12.677065 -15.866099
v 350.228760 -12.117990 -21.844524
v 350.252686 -5.778389 -20.663544
v 350.228760 -12.117990 -21.844524
v 352.967285 -12.677065 -15.866099
v 346.175903 -21.353838 -27.999050
v 339.329803 -1.492576 -39.967014
v 1019.277649 53.856262 -473.751373
v 1014.592590 53.631863 -480.441467
v 1013.447510 50.031212 -482.793610
v 1016.750244 56.074181 -477.722198
v 1014.592590 53.631863 -480.441467
v 1019.277649 53.856262 -473.751373
v 1005.173035 57.127789 -494.958649
v 346.175903 -21.353838 -27.999050
v 774.353271 25.872601 -320.144287
v 774.352844 30.107121 -314.491577
v 350.228760 -12.117990 -21.844524
v 774.352844 30.107121 -314.491577
v 774.352844 37.071194 -337.232422
v 339.329803 -1.492576 -39.967014
v 350.228760 -12.117990 -21.844524
v 1013.447510 50.031212 -482.793610
v 1014.592590 53.631863 -480.441467
v 1014.592590 53.631863 -480.441467
v 1005.173035 57.127789 -494.958649
v 105.592903 -69.287239 -232.572128
v 167.408722 -42.533287 -228.593231
v 318.326874 -17.562559 -238.637756
v 318.418762 -30.790150 -245.602264
v 211.434586 -50.141918 -239.052383
v 105.386467 -54.237095 -224.977173
v 164.249619 -50.162434 -268.855591
v 167.408722 -42.533287 -228.593231
v 105.386467 -54.237095 -224.977173
v 105.592903 -60.668594 -265.098083
v 409.528748 -20.051468 -272.596863
v 433.684357 -4.188360 -280.507660
v 675.638550 21.860338 -380.853943
v 783.659241 31.801870 -430.126038
v 780.816040 25.207094 -437.277313
v 410.362213 -8.101884 -270.697784
v 410.362213 -8.101884 -270.697784
v 406.809021 -8.169845 -278.452179
v 421.388550 -9.529490 -309.428680
v 433.684357 -4.188360 -280.507660
v 405.184387 -19.749704 -282.525574
v 406.809021 -8.169845 -278.452179
v 410.362213 -8.101884 -270.697784
v 409.528748 -20.051468 -272.596863
v 397.604370 -12.167571 -299.629913
v 773.055237 29.167635 -454.587677
v 783.659241 31.801870 -430.126038
v 675.638550 21.860338 -380.853943
v 663.840698 17.150091 -409.506927
v 783.659241 31.801870 -430.126038
v 773.055237 29.167635 -454.587677
v 767.281128 26.992031 -468.865448
v 780.816040 25.207094 -437.277313
v 267.728882 -48.207386 -185.752182
v 262.255280 -49.171661 -185.838089
v 260.175385 -52.866341 -205.234329
v 270.498199 -51.047638 -205.072342
v 260.310455 -55.119308 -226.978836
v 270.631531 -53.338646 -227.519958
v 257.571075 -47.393135 -185.911209
v 256.831635 -44.469959 -185.922745
v 256.002411 -43.989532 -205.299728
v 257.201782 -50.786049 -205.280914
v 255.602356 -43.187675 -226.730072
v 257.337280 -53.027908 -226.823242
v 271.148743 -41.554478 -185.698334
v 271.521881 -44.935001 -185.692780
v 272.580200 -48.076588 -205.039841
v 271.351349 -41.114227 -205.059082
v 272.713135 -50.375294 -227.628952
v 270.929474 -40.258091 -227.535339
v 269.495453 -42.129368 -176.915558
v 258.767456 -44.287018 -177.083969
v 264.694153 -46.396801 -176.990784
v 257.571075 -47.393135 -185.911209
v 257.201782 -50.786049 -205.280914
v 272.580200 -48.076588 -205.039841
v 271.521881 -44.935001 -185.692780
v 257.337280 -53.027908 -226.823242
v 269.495453 -42.129368 -176.915558
v 258.767456 -44.287018 -177.083969
v 264.244507 -43.297523 -168.910278
v 272.713135 -50.375294 -227.628952
v 489.032349 -15.927221 -266.908661
v 486.240814 -20.604986 -283.614655
v 502.294983 -18.525978 -281.747223
v 497.768524 -14.854806 -266.693665
v 502.851044 -19.125233 -290.870239
v 485.998474 -13.931136 -266.976624
v 485.764221 -11.774338 -266.976624
v 483.064575 -11.670047 -282.194305
v 483.846375 -18.449471 -282.561066
v 500.033478 -10.340747 -266.626129
v 500.229248 -12.183814 -266.626129
v 504.098724 -15.936197 -281.695496
v 503.362274 -9.525216 -281.695496
v 504.764648 -16.586313 -291.698151
v 503.873474 -9.205928 -291.284821
v 485.998474 -13.931136 -266.976624
v 483.846375 -18.449471 -282.561066
v 504.098724 -15.936197 -281.695496
v 500.229248 -12.183814 -266.626129
v 492.713348 -11.385808 -257.629639
v 487.542786 -11.788871 -262.722412
v 498.097656 -10.648067 -262.477966
v 498.097656 -10.648067 -262.477966
v 487.542786 -11.788871 -262.722412
v 504.764648 -16.586313 -291.698151
v 668.151733 6.890982 -359.320984
v 666.140259 3.081750 -371.321442
v 678.808350 4.699135 -370.240906
v 675.385071 7.779176 -359.142731
v 679.460999 4.218280 -377.158386
v 665.639709 8.543843 -359.377014
v 665.426025 10.440765 -359.377014
v 663.609009 10.515566 -370.619629
v 664.265137 4.873953 -370.603821
v 677.237549 11.648248 -359.086761
v 677.422607 9.990257 -359.086761
v 680.217102 6.833280 -370.200287
v 679.591797 12.217581 -370.200287
v 681.052307 6.306262 -377.959839
v 680.315430 12.535159 -377.971771
v 665.639709 8.543843 -359.377014
v 664.265137 4.873953 -370.603821
v 680.217102 6.833280 -370.200287
v 677.422607 9.990257 -359.086761
v 671.186462 10.725004 -351.637573
v 666.904480 10.396313 -355.854553
v 675.644470 11.338363 -355.652405
v 675.644470 11.338363 -355.652405
v 666.904480 10.396313 -355.854553
v 681.052307 6.306262 -377.959839
v 664.265137 4.873953 -370.603821
v 663.609009 10.515566 -370.619629
v 680.315430 12.535159 -377.971771
v 680.315430 12.535159 -377.971771
v 681.052307 6.306262 -377.959839
v 679.460999 4.218280 -377.158386
v 680.315430 12.535159 -377.971771
v 679.460999 4.218280 -377.158386
v 666.140259 3.081750 -371.321442
v 664.265137 4.873953 -370.603821
v 680.315430 12.535159 -377.971771
v 666.140259 3.081750 -371.321442
v 483.846375 -18.449471 -282.561066
v 483.064575 -11.670047 -282.194305
v 503.873474 -9.205928 -291.284821
v 503.873474 -9.205928 -291.284821
v 504.764648 -16.586313 -291.698151
v 502.851044 -19.125233 -290.870239
v 503.873474 -9.205928 -291.284821
v 502.851044 -19.125233 -290.870239
v 486.240814 -20.604986 -283.614655
v 483.846375 -18.449471 -282.561066
v 503.873474 -9.205928 -291.284821
v 486.240814 -20.604986 -283.614655
v 257.337280 -53.027908 -226.823242
v 255.602356 -43.187675 -226.730072
v 270.929474 -40.258091 -227.535339
v 260.310455 -55.119308 -226.978836
v 257.337280 -53.027908 -226.823242
v 270.929474 -40.258091 -227.535339
v 270.929474 -40.258091 -227.535339
v 272.713135 -50.375294 -227.628952
v 270.631531 -53.338646 -227.519958
v 260.310455 -55.119308 -226.978836
v 270.929474 -40.258091 -227.535339
v 270.631531 -53.338646 -227.519958
v 128.450439 -71.794525 -119.137650
v 111.174263 -68.535820 -228.843704
v 110.014214 -69.195343 -221.929642
v 105.592903 -69.904877 -222.901611
v 105.592903 -69.287239 -232.572128
v 118.115677 -67.373650 -227.764023
v 211.434586 -50.141918 -239.052383
v 123.917137 -66.907753 -218.872665
v 211.434586 -52.435493 -199.629883
v 188.073975 -56.298153 -204.766281
v 211.434586 -53.334801 -180.242645
v 181.112885 -59.903931 -163.326797
v 198.267258 -56.187450 -172.896896
v 105.592903 -23.970121 164.491531
v 104.827385 -30.957273 175.241318
v 104.827385 -50.221848 175.241318
v 105.592903 -57.500080 164.491531
v -108.016846 -40.147816 175.241318
v -112.883965 -24.445847 150.852753
v -112.883537 -38.561634 162.097092
v -318.326874 -16.195646 7.994599
v -308.749084 -17.168470 14.591512
v -305.567749 -9.545733 10.013338
v -318.326874 -8.469898 1.253644
v -112.883965 -31.536865 -108.286552
v -318.326874 -12.029085 -195.574905
v -318.326874 -3.086025 -115.160011
v -112.883965 -15.133489 -2.735535
v -318.326874 0.146608 -52.964222
v -112.883965 -10.474959 78.522659
v -114.200867 -75.299431 77.154037
v -126.284233 -60.603203 114.804398
v -318.326874 -27.190357 -15.881914
v -113.637085 -65.789604 123.762840
v -112.883537 -53.432255 150.805313
v -108.016846 -40.147816 175.241318
v -112.883537 -38.561634 162.097092
v -114.200867 -72.669472 -159.746658
v -114.200867 -75.042549 -106.202850
v -124.298843 -72.302742 -123.178551
v -124.298843 -70.216469 -159.747086
v -774.353271 22.370687 -366.553070
v -1017.642334 49.085320 -512.285645
v -1009.654541 51.882832 -569.121948
v -780.816406 25.207094 -437.276886
v -767.281128 26.992031 -468.865448
v -774.353271 37.071194 -337.231995
v -339.329803 -1.492576 -39.967014
v -318.326874 -34.640842 -104.403809
v -409.528748 -20.051468 -272.596863
v -318.418762 -30.790150 -245.602264
v -405.184387 -19.749704 -282.525574
v -318.326874 -17.562559 -238.637756
v -406.809021 -8.169845 -278.452179
v -433.684357 -4.188360 -280.507660
v -675.638977 21.860338 -380.853943
v -774.353271 34.992188 -388.709595
v -105.592903 -39.148491 -154.550430
v -167.408722 -42.533287 -228.593231
v -164.249619 -50.162434 -268.855591
v -105.592903 -60.668594 -265.098083
v -1009.654541 51.882832 -569.121948
v -773.055237 29.168064 -454.587280
v -767.281128 26.992031 -468.865448
v -663.841125 17.150091 -409.506531
v -421.388550 -9.529490 -309.428680
v -397.604828 -12.167571 -299.629913
v -1106.440308 62.607410 -624.644348
v -1018.771606 58.309628 -504.250885
v -1106.440308 62.372322 -615.595276
v -1106.440308 61.178516 -606.478271
v -1106.440308 60.010361 -604.135071
v -1031.620483 54.904743 -487.142273
v -1029.661621 56.869625 -490.170166
v -1031.620483 54.904743 -487.142273
v -1106.440308 60.010361 -604.135071
v -1106.440308 59.280312 -606.809937
v -1028.007446 51.794353 -493.022827
v -1106.440308 59.461971 -615.473877
v -1106.440308 60.521137 -624.644348
v -1109.569580 61.929504 -636.434937
v -1019.277649 53.856262 -473.751373
v -1016.750671 56.074181 -477.722198
v -1109.569580 61.929504 -636.434937
v -1108.463379 62.193230 -622.257996
v -1108.463379 61.220406 -610.421692
v -1108.462891 60.274078 -607.952881
v -1108.462891 60.274078 -607.952881
v -1108.463379 59.785534 -610.499023
v -1108.463379 60.330929 -622.197327
v -1109.569580 61.128510 -622.257996
v -1109.544312 60.591232 -613.088867
v -1109.544312 60.591232 -613.088867
v -1109.569580 61.128510 -622.257996
v -295.567230 -5.285993 -4.378138
v -318.326874 -3.312989 -22.887020
v -1005.173035 57.128216 -494.958649
v -117.806648 -15.496375 117.862206
v -112.883537 -15.152724 121.404297
v -127.793053 -23.949604 132.862762
v -131.193237 -35.229408 138.055573
v -352.967285 -12.677065 -15.866099
v -350.252686 -5.778389 -20.663544
v -114.200867 -78.323051 -3.886169
v -127.793053 -23.949604 132.862762
v -117.806648 -15.496375 117.862206
v -128.424362 -34.596817 133.734299
v -131.193237 -35.229408 138.055573
v -305.567749 -9.545733 10.013338
v -308.749084 -17.168470 14.591512
v -306.427734 -17.230875 11.463599
v -295.567230 -5.285993 -4.378138
v -295.567230 -5.285993 -4.378138
v -306.427734 -17.230875 11.463599
v -128.424362 -34.596817 133.734299
v -117.806648 -15.496375 117.862206
v -352.967285 -12.677065 -15.866099
v -350.252686 -5.778389 -20.663544
v -350.229187 -12.117990 -21.844524
v -339.329803 -1.492576 -39.967014
v -1016.750671 56.074181 -477.722198
v -1019.277649 53.856262 -473.751373
v -1014.593018 53.631863 -480.441467
v -1005.173035 57.128216 -494.958649
v -774.352844 30.107121 -314.491150
v -350.229187 -12.117990 -21.844524
v -339.329803 -1.492576 -39.967014
v -774.353271 37.071194 -337.231995
v -1014.593018 53.631863 -480.441467
v -1005.173035 57.128216 -494.958649
v -211.434586 -50.141918 -239.052383
v -318.418762 -30.790150 -245.602264
v -318.326874 -17.562559 -238.637756
v -105.592903 -69.287239 -232.572128
v -167.408722 -42.533287 -228.593231
v -105.386467 -54.237095 -224.977173
v -164.249619 -50.162434 -268.855591
v -105.592903 -60.668594 -265.098083
v -105.386467 -54.237095 -224.977173
v -167.408722 -42.533287 -228.593231
v -409.528748 -20.051468 -272.596863
v -780.816406 25.207094 -437.276886
v -783.659241 31.801870 -430.125610
v -675.638977 21.860338 -380.853943
v -433.684357 -4.188360 -280.507660
v -410.362213 -8.101884 -270.697784
v -410.362213 -8.101884 -270.697784
v -433.684357 -4.188360 -280.507660
v -421.388550 -9.529490 -309.428680
v -406.809021 -8.169845 -278.452179
v -405.184387 -19.749704 -282.525574
v -409.528748 -20.051468 -272.596863
v -410.362213 -8.101884 -270.697784
v -406.809021 -8.169845 -278.452179
v -397.604828 -12.167571 -299.629913
v -773.055237 29.168064 -454.587280
v -663.841125 17.150091 -409.506531
v -675.638977 21.860338 -380.853943
v -783.659241 31.801870 -430.125610
v -783.659241 31.801870 -430.125610
v -780.816406 25.207094 -437.276886
v -767.281128 26.992031 -468.865448
v -773.055237 29.168064 -454.587280
v -128.450439 -71.794525 -119.137650
v -188.073975 -56.298153 -204.766281
v -211.434586 -52.435493 -199.629883
v -211.434586 -50.141918 -239.052383
v -123.917137 -66.907753 -218.872665
v -105.592903 -69.904877 -222.901611
v -110.014214 -69.195343 -221.929642
v -111.174263 -68.535820 -228.843704
v -105.592903 -69.287239 -232.572128
v -118.115677 -67.373650 -227.764023
v -211.434586 -53.334801 -180.242645
v -198.267258 -56.187450 -172.896896
v -181.112885 -59.903931 -163.326797
v -104.827385 -30.957273 175.241318
v -105.592903 -23.970121 164.491531
v -105.592903 -57.500080 164.491531
v -104.827385 -50.221848 175.241318
v -267.728882 -48.207386 -185.752182
v -270.498199 -51.047638 -205.072342
v -260.175385 -52.866341 -205.234329
v -262.255280 -49.171661 -185.837662
v -270.631531 -53.338646 -227.519958
v -260.310455 -55.119308 -226.978836
v -257.571075 -47.393135 -185.911209
v -257.201782 -50.786049 -205.280914
v -256.002411 -43.989532 -205.299301
v -256.831635 -44.469959 -185.922745
v -257.337280 -53.027908 -226.823242
v -255.602356 -43.187675 -226.730072
v -271.148743 -41.554478 -185.698334
v -271.351349 -41.114227 -205.059082
v -272.580200 -48.076588 -205.039841
v -271.521881 -44.935001 -185.692780
v -270.929047 -40.258091 -227.535339
v -272.713135 -50.375294 -227.628952
v -269.495026 -42.129368 -176.915558
v -258.767456 -44.287018 -177.083542
v -264.693726 -46.396801 -176.990784
v -257.571075 -47.393135 -185.911209
v -257.201782 -50.786049 -205.280914
v -271.521881 -44.935001 -185.692780
v -272.580200 -48.076588 -205.039841
v -257.337280 -53.027908 -226.823242
v -269.495026 -42.129368 -176.915558
v -258.767456 -44.287018 -177.083542
v -264.244507 -43.297523 -168.910278
v -272.713135 -50.375294 -227.628952
v -489.032349 -15.927221 -266.908661
v -497.768524 -14.854806 -266.693665
v -502.294983 -18.525978 -281.747223
v -486.240814 -20.604986 -283.614655
v -502.851044 -19.125233 -290.870239
v -485.998474 -13.931136 -266.976624
v -483.846375 -18.449471 -282.561066
v -483.064575 -11.670047 -282.194305
v -485.764221 -11.774338 -266.976624
v -500.033478 -10.340747 -266.626129
v -503.362274 -9.525216 -281.695496
v -504.098724 -15.936197 -281.695496
v -500.229248 -12.183814 -266.626129
v -503.873474 -9.205928 -291.284821
v -504.764648 -16.586313 -291.698151
v -483.846375 -18.449471 -282.561066
v -485.998474 -13.931136 -266.976624
v -500.229248 -12.183814 -266.626129
v -504.098724 -15.936197 -281.695496
v -487.542786 -11.788871 -262.722412
v -492.713348 -11.385808 -257.629639
v -498.097656 -10.648067 -262.477966
v -498.097656 -10.648067 -262.477966
v -487.542786 -11.788871 -262.722412
v -504.764648 -16.586313 -291.698151
v -668.151733 6.890982 -359.320984
v -675.385071 7.779176 -359.142731
v -678.808350 4.699135 -370.240479
v -666.140259 3.081750 -371.321442
v -679.461426 4.218280 -377.158386
v -665.639709 8.543843 -359.377014
v -664.265564 4.873953 -370.603821
v -663.609436 10.515566 -370.619629
v -665.426025 10.440765 -359.377014
v -677.237549 11.648248 -359.086761
v -679.592224 12.217581 -370.200287
v -680.217590 6.833280 -370.199890
v -677.423035 9.990257 -359.086761
v -680.315857 12.535159 -377.971771
v -681.052734 6.306262 -377.959381
v -664.265564 4.873953 -370.603821
v -665.639709 8.543843 -359.377014
v -677.423035 9.990257 -359.086761
v -680.217590 6.833280 -370.199890
v -666.904480 10.396313 -355.854553
v -671.186462 10.725004 -351.637573
v -675.644470 11.338363 -355.651947
v -675.644470 11.338363 -355.651947
v -666.904480 10.396313 -355.854553
v -681.052734 6.306262 -377.959381
v -679.461426 4.218280 -377.158386
v -681.052734 6.306262 -377.959381
v -680.315857 12.535159 -377.971771
v -666.140259 3.081750 -371.321442
v -679.461426 4.218280 -377.158386
v -680.315857 12.535159 -377.971771
v -664.265564 4.873953 -370.603821
v -666.140259 3.081750 -371.321442
v -680.315857 12.535159 -377.971771
v -664.265564 4.873953 -370.603821
v -680.315857 12.535159 -377.971771
v -663.609436 10.515566 -370.619629
v -502.851044 -19.125233 -290.870239
v -504.764648 -16.586313 -291.698151
v -503.873474 -9.205928 -291.284821
v -486.240814 -20.604986 -283.614655
v -502.851044 -19.125233 -290.870239
v -503.873474 -9.205928 -291.284821
v -483.846375 -18.449471 -282.561066
v -486.240814 -20.604986 -283.614655
v -503.873474 -9.205928 -291.284821
v -483.846375 -18.449471 -282.561066
v -503.873474 -9.205928 -291.284821
v -483.064575 -11.670047 -282.194305
v -270.631531 -53.338646 -227.519958
v -272.713135 -50.375294 -227.628952
v -270.929047 -40.258091 -227.535339
v -260.310455 -55.119308 -226.978836
v -270.631531 -53.338646 -227.519958
v -270.929047 -40.258091 -227.535339
v -270.929047 -40.258091 -227.535339
v -255.602356 -43.187675 -226.730072
v -257.337280 -53.027908 -226.823242
v -260.310455 -55.119308 -226.978836
v -270.929047 -40.258091 -227.535339
v -257.337280 -53.027908 -226.823242
v 105.592903 -63.906784 146.329727
v 113.178467 -58.271584 140.214523
v -113.178467 -58.271584 140.214523
v -105.592903 -63.906784 146.329727
v 125.764053 -51.896076 130.920959
v -131.193237 -35.229408 138.055573
v -1013.447998 50.031212 -482.793610
v -1019.277649 53.856262 -473.751373
v -346.175903 -21.353838 -27.999050
v -774.353271 25.872601 -320.144287
v -334.304535 -26.551783 -55.029549
v -346.175903 -21.353838 -27.999050
v -1019.277649 53.856262 -473.751373
v -1013.447998 50.031212 -482.793610
v -1014.593018 53.631863 -480.441467
v -346.175903 -21.353838 -27.999050
v -350.229187 -12.117990 -21.844524
v -774.352844 30.107121 -314.491150
v -774.353271 25.872601 -320.144287
v -1014.593018 53.631863 -480.441467
v -1013.447998 50.031212 -482.793610
v 123.550835 -55.167606 128.091827
v 135.704742 -50.125675 119.511230
v 125.764053 -51.896076 130.920959
v 123.550835 -55.167606 128.091827
v 128.424362 -34.596817 133.734299
v -301.919647 -26.261986 4.841468
v -308.749084 -17.168470 14.591512
v -318.326874 -16.195646 7.994599
v -318.326874 -24.358225 -7.198303
v -352.967285 -12.677065 -15.866099
v -128.424362 -34.596817 133.734299
v -125.764053 -51.896076 130.920959
v -131.193237 -35.229408 138.055573
v -308.749084 -17.168470 14.591512
v -301.919647 -26.261986 4.841468
v -306.427734 -17.230875 11.463599
v -135.704742 -50.125675 119.511230
v -128.424362 -34.596817 133.734299
v -306.427734 -17.230875 11.463599
v -301.919647 -26.261986 4.841468
v -123.550835 -55.167606 128.091827
v -125.764053 -51.896076 130.920959
v -123.550835 -55.167606 128.091827
v -135.704742 -50.125675 119.511230
v -125.764053 -51.896076 130.920959
v -128.424362 -34.596817 133.734299
v -123.550835 -55.167606 128.091827
v -774.359314 29.942560 -305.433533
v -352.973694 -12.677065 -15.865673
v -350.259094 -5.778389 -20.663544
v -774.359314 33.683834 -310.821259
v -339.336212 -1.492576 -39.967014
v -774.359314 37.071194 -337.232422
v -1005.179810 57.127789 -494.959045
v -1016.757080 56.074181 -477.722198
v -1019.284485 53.856262 -473.751373
v -1019.284485 53.856262 -473.751373
v -1013.454346 50.031212 -482.793610
v -774.359314 25.872601 -320.144287
v -774.359314 29.942560 -305.433533
v -346.182312 -21.353838 -27.999050
v -352.973694 -12.677065 -15.865673
v -350.259094 -5.778389 -20.663544
v -352.973694 -12.677065 -15.865673
v -350.756653 -9.737220 -19.848440
v -352.973694 -12.677065 -15.865673
v -346.182312 -21.353838 -27.999050
v -350.756653 -9.737220 -19.848440
v -339.336212 -1.492576 -39.967014
v -1016.757080 56.074181 -477.722198
v -1005.179810 57.127789 -494.959045
v -1017.665771 54.149048 -476.243744
v -1019.284485 53.856262 -473.751373
v -1013.454346 50.031212 -482.793610
v -1019.284485 53.856262 -473.751373
v -1017.665771 54.149048 -476.243744
v -1005.179810 57.127789 -494.959045
v -774.359314 37.071194 -337.232422
v -774.353271 30.841013 -309.734314
v -1017.665771 54.149048 -476.243744
v -774.359314 25.872601 -320.144287
v -1013.454346 50.031212 -482.793610
v -346.182312 -21.353838 -27.999050
v -350.756653 -9.737220 -19.848440
v -339.336212 -1.492576 -39.967014
v 774.353271 29.942560 -305.433533
v 774.353271 33.683834 -310.821259
v 350.252686 -5.778389 -20.663116
v 352.967285 -12.677065 -15.865673
v 774.353271 37.070766 -337.232422
v 339.329803 -1.492576 -39.967014
v 1016.750671 56.074181 -477.722198
v 1005.173401 57.127789 -494.959045
v 1019.278137 53.856262 -473.751373
v 1019.278137 53.856262 -473.751373
v 774.353271 29.942560 -305.433533
v 774.353271 25.872601 -320.144287
v 1013.447998 50.031212 -482.793610
v 352.967285 -12.677065 -15.865673
v 346.175903 -21.353838 -27.999050
v 350.252686 -5.778389 -20.663116
v 350.750244 -9.737220 -19.848440
v 352.967285 -12.677065 -15.865673
v 352.967285 -12.677065 -15.865673
v 350.750244 -9.737220 -19.848440
v 346.175903 -21.353838 -27.999050
v 339.329803 -1.492576 -39.967014
v 1016.750671 56.074181 -477.722198
v 1017.659424 54.149048 -476.243744
v 1005.173401 57.127789 -494.959045
v 1019.278137 53.856262 -473.751373
v 1013.447998 50.031212 -482.793610
v 1017.659424 54.149048 -476.243744
v 1019.278137 53.856262 -473.751373
v 1005.173401 57.127789 -494.959045
v 1017.659424 54.149048 -476.243744
v 774.347290 30.840586 -309.734314
v 774.353271 37.070766 -337.232422
v 1013.447998 50.031212 -482.793610
v 774.353271 25.872601 -320.144287
v 346.175903 -21.353838 -27.999050
v 350.750244 -9.737220 -19.848440
v 339.329803 -1.492576 -39.967014
v 406.809021 -8.169845 -278.452179
v 383.600159 -18.249861 -331.851959
v 312.779724 -27.906300 -314.735626
v 318.327301 -17.562559 -238.637756
v 318.418762 -30.790150 -245.602264
v 312.779724 -27.906300 -314.735626
v 383.600159 -18.249861 -331.851959
v 405.184387 -19.749704 -282.525574
v 406.809021 -8.169845 -278.452179
v 405.184387 -19.749704 -282.525574
v 383.600159 -18.249861 -331.851959
v 312.779724 -27.906300 -314.735626
v 318.418762 -30.790150 -245.602264
v 318.327301 -17.562559 -238.637756
v 406.809021 -8.169845 -278.452179
v 318.327301 -17.562559 -238.637756
v 318.418762 -30.790150 -245.602264
v 405.184387 -19.749704 -282.525574
v -406.809021 -8.169845 -278.452179
v -318.326874 -17.562559 -238.637756
v -312.779297 -27.906300 -314.735626
v -383.600159 -18.249861 -331.851959
v -318.418335 -30.790150 -245.602264
v -405.184387 -19.749704 -282.525574
v -383.600159 -18.249861 -331.851959
v -312.779297 -27.906300 -314.735626
v -406.809021 -8.169845 -278.452179
v -383.600159 -18.249861 -331.851959
v -405.184387 -19.749704 -282.525574
v -312.779297 -27.906300 -314.735626
v -318.326874 -17.562559 -238.637756
v -318.418335 -30.790150 -245.602264
v -318.326874 -17.562559 -238.637756
v -406.809021 -8.169845 -278.452179
v -405.184387 -19.749704 -282.525574
v -318.418335 -30.790150 -245.602264
v -24.363354 -82.871307 939.824463
v -24.363354 -89.440437 890.995178
v -24.363354 -74.518524 971.608826
v -24.363354 -91.577568 890.995178
v -24.363354 -56.177616 1019.368713
v -24.363354 -65.113411 1000.640930
v -24.363354 -65.113411 1000.640930
v -24.363354 -56.177616 1019.368713
v -24.363354 -58.314758 1019.368713
v 24.363354 -74.518524 971.608826
v 24.363354 -89.440437 890.995178
v 24.363354 -82.871307 939.824463
v 24.363354 -82.871307 939.824463
v 24.363354 -89.440437 890.995178
v 24.363354 -91.577568 890.995178
v 24.363354 -56.177616 1019.368713
v 24.363354 -89.440437 890.995178
v 24.363354 -74.518524 971.608826
v 24.363354 -65.113411 1000.640930
v 24.363354 -56.177616 1019.368713
v 24.363354 -65.113411 1000.640930
v 24.363354 -58.314758 1019.368713
v 24.363354 -56.177616 1019.368713
v -0.000000 -95.036308 890.995178
v -24.363354 -89.440437 890.995178
v -24.363354 -91.577568 890.995178
v 24.363354 -91.577568 890.995178
v 24.363354 -89.440437 890.995178
v -24.363354 -56.177616 1019.368713
v 24.363354 -56.177616 1019.368713
v -0.000000 -62.546715 1019.368713
v -24.363354 -58.314758 1019.368713
v 24.363354 -58.314758 1019.368713
v -24.363354 -89.440437 890.995178
v 24.363354 -89.440437 890.995178
v 24.363354 -56.177616 1019.368713
v -24.363354 -56.177616 1019.368713
v 104.729500 -68.727737 -232.430237
v 104.729500 -68.825615 -222.901611
v 104.729500 -72.859245 -159.747086
v 83.459015 -88.048729 -234.401108
v 83.459015 -88.048729 -100.307350
v 28.576078 -101.298553 -232.430237
v 28.576078 -101.298553 -106.202850
v 110.014214 -68.116089 -221.929642
v 114.200867 -71.590218 -159.747086
v 123.917137 -65.828499 -218.872665
v 124.298843 -69.137215 -159.747086
v 111.174263 -67.456566 -228.843704
v 118.115677 -66.294395 -227.764023
v 181.112885 -58.824677 -163.326797
v 211.434586 -51.356239 -199.629883
v 211.434586 -52.255547 -180.242645
v 128.450439 -70.715279 -119.137650
v 124.298843 -71.223488 -123.178551
v 100.974136 -84.935356 -233.960007
v 105.592903 -77.107452 -233.184662
v 105.592903 -69.375290 -232.430237
v 105.592903 -69.904877 -222.901611
v 110.014214 -69.195343 -221.929642
v 111.174263 -68.535820 -228.843704
v 118.115677 -67.373650 -227.764023
v 123.917137 -66.907753 -218.872665
v 124.298843 -70.216469 -159.747086
v 114.200867 -72.669472 -159.747086
v 105.592903 -73.938507 -159.747086
v 105.592903 -77.037781 -106.202850
v 104.729500 -76.390228 -106.202850
v 100.974136 -84.935356 -104.067429
v 83.459015 -95.079063 -100.307350
v 48.161221 -101.188271 -100.307350
v 20.471201 -102.323944 -106.202850
v 20.471201 -102.323944 -232.430237
v 48.161221 -101.188271 -234.401108
v 83.459015 -95.079063 -234.401108
v 211.434586 -52.435493 -199.629883
v 211.434586 -53.334801 -180.242645
v 181.112885 -59.903931 -163.326797
v 128.450439 -71.794525 -119.137650
v 124.298843 -72.302742 -123.178551
v -104.729500 -72.859245 -159.747086
v -104.729500 -68.825615 -222.901611
v -104.729500 -68.727737 -232.430237
v -83.459015 -88.048729 -234.401108
v -83.459015 -88.048729 -100.307350
v -28.576078 -101.298553 -232.430237
v -28.576078 -101.298553 -106.202850
v -114.200867 -71.590218 -159.747086
v -110.014214 -68.116089 -221.929642
v -124.298843 -69.137215 -159.747086
v -123.917137 -65.828499 -218.872665
v -118.115677 -66.294395 -227.764023
v -111.174263 -67.456566 -228.843704
v -181.112885 -58.824677 -163.326797
v -211.434586 -52.255547 -180.242645
v -211.434586 -51.356239 -199.629883
v -124.298843 -71.223488 -123.178551
v -128.450439 -70.715279 -119.137650
v -100.974136 -84.935356 -233.960007
v -105.592903 -77.107452 -233.184662
v -105.592903 -69.375290 -232.430237
v -105.592903 -69.904877 -222.901611
v -110.014214 -69.195343 -221.929642
v -111.174263 -68.535820 -228.843704
v -118.115677 -67.373650 -227.764023
v -123.917137 -66.907753 -218.872665
v -124.298843 -70.216469 -159.747086
v -114.200867 -72.669472 -159.747086
v -105.592903 -73.938507 -159.747086
v -104.729500 -76.390228 -106.202850
v -105.592903 -77.037781 -106.202850
v -100.974136 -84.935356 -104.067429
v -83.459015 -95.079063 -100.307350
v -48.161221 -101.188271 -100.307350
v -20.471201 -102.323944 -106.202850
v -20.471201 -102.323944 -232.430237
v -48.161221 -101.188271 -234.401108
v -83.459015 -95.079063 -234.401108
v -211.434586 -52.435493 -199.629883
v -211.434586 -53.334801 -180.242645
v -181.112885 -59.903931 -163.326797
v -128.450439 -71.794525 -119.137650
v -124.298843 -72.302742 -123.178551
v 29.653988 -82.297249 -208.704956
v 30.338505 -89.470276 -209.223434
v 26.295469 -90.433319 -195.362381
v 25.728621 -83.232262 -195.247391
v 29.603163 -89.974297 -181.281784
v 28.940147 -82.787010 -181.577133
v 51.650921 -78.568977 -167.325638
v 51.223850 -75.533707 -172.712784
v 40.645996 -77.542892 -175.937973
v 38.428493 -81.079941 -171.356888
v 39.664959 -80.231964 -218.343552
v 40.649693 -87.343056 -219.151520
v 67.851158 -90.301788 -170.748901
v 54.437447 -92.943863 -167.511612
v 55.149139 -95.783165 -172.974747
v 65.880112 -93.669495 -175.564774
v 39.376041 -88.216042 -170.755066
v 38.428493 -81.079941 -171.356888
v 52.995354 -85.629700 -166.602966
v 51.650921 -78.568977 -167.325638
v 51.650921 -78.568977 -167.325638
v 52.995354 -85.629700 -166.602966
v 66.811264 -82.908409 -169.937302
v 65.064552 -75.926476 -170.562943
v 77.122452 -80.781181 -179.865387
v 75.075119 -73.861267 -180.201996
v 81.165924 -79.818047 -193.726868
v 79.000900 -72.926178 -193.659531
v 77.857796 -80.277161 -207.807037
v 75.789040 -73.371933 -207.329803
v 68.084915 -82.035416 -218.333771
v 66.301102 -75.078918 -217.549622
v 54.466034 -84.621666 -222.486282
v 53.078682 -77.589882 -221.581284
v 53.078682 -77.589882 -221.581284
v 54.466034 -84.621666 -222.486282
v 61.954826 -73.420044 -175.302811
v 69.963440 -71.767845 -183.013870
v 73.103912 -71.019791 -193.780334
v 70.534592 -71.376366 -204.716553
v 62.944073 -72.741982 -212.892563
v 52.366138 -74.750755 -216.117752
v 41.635162 -76.864426 -213.527725
v 33.626549 -78.516617 -205.816666
v 30.486074 -79.264671 -195.050201
v 33.055481 -78.908516 -184.113983
v 55.394939 -93.713371 -194.655304
v 66.869362 -92.991440 -213.154526
v 74.459862 -91.625832 -204.978088
v 78.575645 -87.747238 -207.515793
v 81.787506 -87.301491 -193.845490
v 77.029190 -91.269264 -194.041855
v 69.087700 -89.454231 -217.735596
v 56.291412 -95.000229 -216.379272
v 55.865288 -91.965195 -221.767258
v 45.560448 -97.113884 -213.789688
v 42.451565 -94.607277 -218.529526
v 37.551823 -98.766083 -206.078186
v 32.440590 -96.672554 -208.890915
v 34.411362 -99.514130 -195.312164
v 28.515224 -97.607574 -195.433380
v 36.980686 -99.157555 -184.375946
v 31.726667 -97.161896 -181.763092
v 44.571201 -97.791939 -176.199905
v 41.215015 -95.454834 -171.542847
v 73.888733 -92.017303 -183.275833
v 77.861725 -88.236580 -180.387955
v 66.301102 -75.078918 -217.549622
v 53.078682 -77.589882 -221.581284
v 75.789040 -73.371933 -207.329803
v 79.000900 -72.926178 -193.659531
v 75.075119 -73.861267 -180.201996
v 65.064552 -75.926476 -170.562943
v 28.940147 -82.787010 -181.577133
v 25.728621 -83.232262 -195.247391
v 29.653988 -82.297249 -208.704956
v 39.664959 -80.231964 -218.343552
v 32.440590 -96.672554 -208.890915
v 28.515224 -97.607574 -195.433380
v 31.726667 -97.161896 -181.763092
v 42.451565 -94.607277 -218.529526
v 41.215015 -95.454834 -171.542847
v 54.437447 -92.943863 -167.511612
v 54.437447 -92.943863 -167.511612
v 67.851158 -90.301788 -170.748901
v 77.861725 -88.236580 -180.387955
v 81.787506 -87.301491 -193.845490
v 78.575645 -87.747238 -207.515793
v 69.087700 -89.454231 -217.735596
v 55.865288 -91.965195 -221.767258
v 55.865288 -91.965195 -221.767258
v 23.005621 -48.000172 -208.261261
v 19.080256 -48.935188 -194.803711
v 16.915319 -42.043736 -194.736374
v 20.958351 -41.080688 -208.597443
v 22.291698 -48.489513 -181.133438
v 20.223013 -41.584705 -180.655777
v 45.002472 -44.271481 -166.881943
v 31.780046 -46.782452 -170.913193
v 35.136311 -49.119968 -175.570267
v 45.714249 -47.111202 -172.345093
v 33.016674 -45.935310 -217.899872
v 31.269541 -38.953468 -218.525513
v 55.629665 -27.254517 -169.933289
v 52.519939 -24.748074 -174.673141
v 41.788963 -26.861738 -172.083130
v 42.215954 -29.896593 -166.695984
v 31.780046 -46.782452 -170.913193
v 29.995892 -39.826454 -170.129044
v 45.002472 -44.271481 -166.881943
v 43.615204 -37.240120 -165.976959
v 45.002472 -44.271481 -166.881943
v 58.416183 -41.629406 -170.119247
v 57.431114 -34.518818 -169.311295
v 43.615204 -37.240120 -165.976959
v 68.426834 -39.564613 -179.758301
v 67.742302 -32.391594 -179.239380
v 72.352615 -38.629520 -193.215851
v 71.785767 -31.428463 -193.100861
v 69.140755 -39.075279 -206.886124
v 68.477646 -31.887579 -207.181046
v 59.652817 -40.782269 -217.105942
v 58.704765 -33.645832 -217.707779
v 46.430401 -43.293224 -221.137604
v 45.085884 -36.232082 -221.860291
v 46.430401 -43.293224 -221.137604
v 45.085884 -36.232082 -221.860291
v 27.545797 -50.485588 -183.746277
v 24.976475 -50.842167 -194.682510
v 28.116945 -50.094116 -205.448959
v 36.125561 -48.441917 -213.160034
v 46.856537 -46.328255 -215.750046
v 57.434471 -44.319481 -212.524887
v 65.024994 -42.953861 -204.348862
v 67.594307 -42.597286 -193.412628
v 64.453842 -43.345341 -182.646179
v 56.445225 -44.997536 -174.935104
v 42.685440 -28.148598 -193.807114
v 61.099689 -22.704409 -204.086472
v 53.509190 -24.070021 -212.262924
v 63.669010 -22.347834 -193.150238
v 69.566017 -24.254211 -193.029861
v 66.354156 -24.699968 -206.700150
v 56.866211 -26.406960 -216.919952
v 43.643795 -28.917919 -220.951630
v 42.931236 -26.078798 -215.487656
v 32.200275 -28.192455 -212.898071
v 30.230070 -31.560001 -217.713913
v 20.219099 -33.625286 -208.075302
v 24.191648 -29.844660 -205.186600
v 21.051188 -30.592705 -194.420547
v 16.293734 -34.560299 -194.617737
v 19.505177 -34.114624 -180.947479
v 23.620510 -30.236132 -183.484314
v 31.211025 -28.870508 -175.308304
v 28.993525 -32.407558 -170.727219
v 60.528557 -23.095877 -182.384216
v 65.640228 -25.189308 -179.572327
v 46.430401 -43.293224 -221.137604
v 59.652817 -40.782269 -217.105942
v 69.140755 -39.075279 -206.886124
v 72.352615 -38.629520 -193.215851
v 68.426834 -39.564613 -179.758301
v 58.416183 -41.629406 -170.119247
v 22.291698 -48.489513 -181.133438
v 19.080256 -48.935188 -194.803711
v 23.005621 -48.000172 -208.261261
v 33.016674 -45.935310 -217.899872
v 20.219099 -33.625286 -208.075302
v 16.293734 -34.560299 -194.617737
v 19.505177 -34.114624 -180.947479
v 30.230070 -31.560001 -217.713913
v 28.993525 -32.407558 -170.727219
v 42.215954 -29.896593 -166.695984
v 42.215954 -29.896593 -166.695984
v 55.629665 -27.254517 -169.933289
v 65.640228 -25.189308 -179.572327
v 69.566017 -24.254211 -193.029861
v 66.354156 -24.699968 -206.700150
v 56.866211 -26.406960 -216.919952
v 43.643795 -28.917919 -220.951630
v 43.643795 -28.917919 -220.951630
v 64.761253 -76.134621 -159.021851
v 66.545067 -83.091118 -159.806000
v 52.926174 -85.677368 -163.958084
v 51.538830 -78.645584 -163.053101
v 39.109848 -88.398758 -160.623764
v 38.125114 -81.287666 -159.815781
v 24.188766 -84.287971 -136.719208
v 28.946243 -80.320358 -136.522858
v 32.086704 -79.572319 -147.288895
v 28.114130 -83.352951 -150.176758
v 74.249184 -74.427643 -148.801620
v 76.317947 -81.332863 -149.279282
v 30.186729 -98.217186 -123.234894
v 26.975288 -98.662857 -136.905182
v 32.871449 -100.569397 -136.784821
v 35.440773 -100.212830 -125.848595
v 28.798656 -90.525978 -150.695679
v 28.114130 -83.352951 -150.176758
v 24.755615 -91.489021 -136.834183
v 24.188766 -84.287971 -136.719208
v 24.188766 -84.287971 -136.719208
v 24.755615 -91.489021 -136.834183
v 28.063316 -91.029999 -122.754021
v 27.400208 -83.842293 -123.048935
v 37.836197 -89.271736 -112.227295
v 36.888557 -82.135231 -112.828690
v 51.455502 -86.685410 -108.074768
v 50.110985 -79.624260 -108.797455
v 65.271423 -83.964104 -111.409538
v 63.524712 -76.982178 -112.035179
v 75.582611 -81.836884 -121.337616
v 73.535263 -74.916977 -121.673798
v 79.626060 -80.873756 -135.198669
v 77.461044 -73.981880 -135.131332
v 77.461044 -73.981880 -135.131332
v 79.626060 -80.873756 -135.198669
v 31.515566 -79.963783 -125.586647
v 39.106068 -78.598167 -117.410187
v 49.684441 -76.589317 -114.185448
v 60.415401 -74.475655 -116.775024
v 68.424026 -72.823456 -124.486511
v 71.564491 -72.075409 -135.252548
v 68.995163 -72.431976 -146.188782
v 61.404652 -73.797607 -154.364792
v 50.826710 -75.806374 -157.589966
v 40.095318 -77.920120 -154.999954
v 53.855442 -94.768547 -136.127945
v 72.349228 -93.072502 -124.748474
v 64.340187 -94.724785 -117.036995
v 66.311218 -91.357071 -112.220718
v 52.897503 -93.999153 -108.983414
v 53.609642 -96.838356 -114.447395
v 76.321777 -89.291862 -121.859756
v 75.489273 -92.324532 -135.514511
v 80.247566 -88.356773 -135.317291
v 72.920372 -92.681023 -146.450745
v 77.035706 -88.802528 -148.987579
v 65.329437 -94.046722 -154.626770
v 67.547859 -90.509933 -159.207825
v 54.751499 -96.055496 -157.851929
v 54.325428 -93.020897 -163.239059
v 44.020523 -98.169167 -155.261917
v 40.911716 -95.662971 -160.001755
v 36.011909 -99.821358 -147.550858
v 30.900652 -97.727844 -150.362732
v 43.031273 -98.847206 -117.672150
v 39.675076 -96.510117 -113.014648
v 73.535263 -74.916977 -121.673798
v 77.461044 -73.981880 -135.131332
v 63.524712 -76.982178 -112.035179
v 50.110985 -79.624260 -108.797455
v 36.888557 -82.135231 -112.828690
v 27.400208 -83.842293 -123.048935
v 38.125114 -81.287666 -159.815781
v 51.538830 -78.645584 -163.053101
v 64.761253 -76.134621 -159.021851
v 74.249184 -74.427643 -148.801620
v 67.547859 -90.509933 -159.207825
v 54.325428 -93.020897 -163.239059
v 40.911716 -95.662971 -160.001755
v 77.035706 -88.802528 -148.987579
v 30.900652 -97.727844 -150.362732
v 26.975288 -98.662857 -136.905182
v 26.975288 -98.662857 -136.905182
v 30.186729 -98.217186 -123.234894
v 39.675076 -96.510117 -113.014648
v 52.897503 -93.999153 -108.983414
v 66.311218 -91.357071 -112.220718
v 76.321777 -89.291862 -121.859756
v 80.247566 -88.356773 -135.317291
v 80.247566 -88.356773 -135.317291
v 58.112888 -41.837543 -158.578156
v 44.890465 -44.348515 -162.609406
v 43.545948 -37.287369 -163.332077
v 57.164837 -34.701111 -159.179993
v 31.476748 -46.990589 -159.372101
v 29.729614 -40.008747 -159.997757
v 17.540400 -49.990894 -136.275513
v 21.465761 -49.055882 -149.733063
v 26.577019 -51.149391 -146.921204
v 23.436558 -51.897434 -136.155167
v 67.600815 -40.130562 -148.357925
v 66.937714 -32.942856 -148.653275
v 17.965319 -35.170330 -122.419273
v 22.080675 -31.291822 -124.956985
v 19.511354 -31.648396 -135.893219
v 14.753878 -35.616009 -136.089554
v 21.465761 -49.055882 -149.733063
v 19.418425 -42.135967 -150.069672
v 17.540400 -49.990894 -136.275513
v 15.375382 -43.099022 -136.208176
v 17.540400 -49.990894 -136.275513
v 20.751841 -49.545219 -122.605247
v 18.683084 -42.639988 -122.128006
v 15.375382 -43.099022 -136.208176
v 30.240200 -47.838146 -112.385422
v 28.455965 -40.881733 -111.601288
v 43.462620 -45.327190 -108.353752
v 42.075268 -38.295403 -107.448761
v 56.876339 -42.685101 -111.591484
v 55.891190 -35.574097 -110.783531
v 66.886894 -40.619904 -121.230110
v 66.202377 -33.446873 -120.711617
v 70.812675 -39.684807 -134.687637
v 70.245834 -32.483749 -134.572662
v 70.812675 -39.684807 -134.687637
v 70.245834 -32.483749 -134.572662
v 34.585636 -49.497196 -154.632263
v 45.316612 -47.383530 -157.222275
v 55.894547 -45.374760 -153.997101
v 63.485481 -44.009056 -145.821075
v 66.054382 -43.652561 -134.884872
v 62.914341 -44.400528 -124.118813
v 54.905308 -46.052803 -116.407776
v 44.174335 -48.166470 -113.817757
v 33.596397 -50.175243 -117.042915
v 26.005880 -51.540863 -125.218948
v 41.145603 -29.204288 -135.279770
v 50.980106 -25.803764 -116.145813
v 58.989140 -24.151487 -123.856865
v 40.249130 -27.917429 -113.555794
v 40.676094 -30.952299 -108.167793
v 54.089821 -28.310213 -111.405518
v 64.100372 -26.245016 -121.044136
v 68.026161 -25.309917 -134.501678
v 62.129181 -23.403526 -134.622910
v 59.560276 -23.760017 -145.559113
v 64.814293 -25.755674 -148.171967
v 55.326366 -27.462660 -158.392197
v 51.969345 -25.125719 -153.735153
v 41.391407 -27.134489 -156.960327
v 42.103939 -29.973625 -162.423431
v 28.690226 -32.615700 -159.186142
v 30.660429 -29.248154 -154.370300
v 22.651814 -30.900351 -146.659241
v 18.679241 -34.680992 -149.547104
v 29.671192 -29.926201 -116.780968
v 27.453678 -33.463257 -112.199463
v 70.812675 -39.684807 -134.687637
v 66.886894 -40.619904 -121.230110
v 56.876339 -42.685101 -111.591484
v 43.462620 -45.327190 -108.353752
v 30.240200 -47.838146 -112.385422
v 20.751841 -49.545219 -122.605247
v 31.476748 -46.990589 -159.372101
v 44.890465 -44.348515 -162.609406
v 58.112888 -41.837543 -158.578156
v 67.600815 -40.130562 -148.357925
v 55.326366 -27.462660 -158.392197
v 42.103939 -29.973625 -162.423431
v 28.690226 -32.615700 -159.186142
v 64.814293 -25.755674 -148.171967
v 18.679241 -34.680992 -149.547104
v 14.753878 -35.616009 -136.089554
v 14.753878 -35.616009 -136.089554
v 17.965319 -35.170330 -122.419273
v 27.453678 -33.463257 -112.199463
v 40.676094 -30.952299 -108.167793
v 54.089821 -28.310213 -111.405518
v 64.100372 -26.245016 -121.044136
v 68.026161 -25.309917 -134.501678
v 68.026161 -25.309917 -134.501678
v -19.803146 -48.886669 -187.755020
v -17.659855 -41.993313 -187.476257
v -24.430960 -40.845547 -174.738815
v -26.377052 -47.772331 -175.388580
v -36.539410 -38.596680 -167.140427
v -38.132824 -45.588966 -168.011490
v -64.046425 -40.484821 -174.265793
v -60.949490 -44.081509 -178.252411
v -51.249161 -46.030853 -172.920197
v -51.920692 -42.921566 -167.600510
v -20.172686 -48.633369 -201.797409
v -18.040480 -41.732414 -201.939865
v -68.473869 -24.556858 -186.035278
v -61.259907 -26.109917 -174.079834
v -57.024292 -23.832445 -177.990448
v -62.795467 -22.589994 -187.554916
v -50.740875 -35.849266 -166.717133
v -51.920692 -42.921566 -167.600510
v -63.230373 -33.339420 -173.582336
v -64.046425 -40.484821 -174.265793
v -64.046425 -40.484821 -174.265793
v -63.230373 -33.339420 -173.582336
v -70.660736 -31.739773 -185.896484
v -71.260384 -38.931763 -186.221268
v -71.041359 -31.478876 -200.360092
v -71.629921 -38.678463 -200.263641
v -64.270264 -32.626633 -213.097961
v -65.056030 -39.792793 -212.630508
v -52.161396 -34.875584 -220.696365
v -53.299843 -41.976242 -220.007629
v -37.959930 -37.622997 -221.119675
v -39.511971 -44.643639 -220.418594
v -25.470854 -40.132759 -214.254440
v -27.386660 -47.080303 -213.753311
v -27.386660 -47.080303 -213.753311
v -25.470854 -40.132759 -214.254440
v -66.720665 -42.839058 -187.816879
v -67.016296 -42.636417 -199.050797
v -61.757172 -43.527889 -208.944031
v -52.352470 -45.274601 -214.845703
v -41.322174 -47.408520 -215.174484
v -31.621843 -49.357864 -209.842255
v -25.850670 -50.600315 -200.277786
v -25.555038 -50.802952 -189.043900
v -30.814163 -49.911484 -179.150635
v -40.218861 -48.164772 -173.248962
v -42.685810 -28.148954 -193.807083
v -37.396980 -27.159454 -214.912521
v -48.427273 -25.025534 -214.583740
v -50.513329 -27.601339 -219.821671
v -62.269516 -25.417892 -212.444550
v -57.831974 -23.278828 -208.682068
v -36.725456 -30.268736 -220.232635
v -27.696650 -29.108799 -209.580292
v -24.600145 -32.705399 -213.567352
v -21.925474 -30.351250 -200.015839
v -17.386173 -34.258469 -201.611450
v -21.629843 -30.553888 -188.781937
v -17.016632 -34.511765 -187.569061
v -26.888968 -29.662416 -178.888702
v -23.590540 -33.397427 -175.202606
v -36.293667 -27.915710 -172.987000
v -35.346310 -31.214060 -167.825531
v -47.323963 -25.781792 -172.658234
v -49.134178 -28.546663 -167.414551
v -63.091099 -22.387356 -198.788834
v -68.843407 -24.303562 -200.077682
v -39.511971 -44.643639 -220.418594
v -27.386660 -47.080303 -213.753311
v -53.299843 -41.976242 -220.007629
v -65.056030 -39.792793 -212.630508
v -71.629921 -38.678463 -200.263641
v -71.260384 -38.931763 -186.221268
v -38.132824 -45.588966 -168.011490
v -26.377052 -47.772331 -175.388580
v -19.803146 -48.886669 -187.755020
v -20.172686 -48.633369 -201.797409
v -17.016632 -34.511765 -187.569061
v -23.590540 -33.397427 -175.202606
v -35.346310 -31.214060 -167.825531
v -17.386173 -34.258469 -201.611450
v -49.134178 -28.546663 -167.414551
v -61.259907 -26.109917 -174.079834
v -61.259907 -26.109917 -174.079834
v -68.473869 -24.556858 -186.035278
v -68.843407 -24.303562 -200.077682
v -62.269516 -25.417892 -212.444550
v -50.513329 -27.601339 -219.821671
v -36.725456 -30.268736 -220.232635
v -24.600145 -32.705399 -213.567352
v -24.600145 -32.705399 -213.567352
v -26.451414 -83.183357 -188.198700
v -33.025318 -82.069023 -175.832275
v -33.811085 -89.235184 -175.364822
v -27.039982 -90.382950 -188.102249
v -44.781094 -79.885651 -168.455170
v -45.919537 -86.986313 -167.766434
v -70.694695 -74.781509 -174.709473
v -58.568962 -77.218254 -168.044205
v -56.758743 -74.453392 -173.287888
v -66.459076 -72.504044 -178.620117
v -26.820953 -82.930061 -202.241104
v -27.420605 -90.122047 -202.565887
v -80.695168 -87.603355 -186.850906
v -76.155441 -91.510658 -188.446533
v -70.384270 -92.753105 -178.882080
v -73.481209 -89.156410 -174.895447
v -58.568962 -77.218254 -168.044205
v -60.120998 -84.238907 -167.343124
v -70.694695 -74.781509 -174.709473
v -72.610497 -81.729057 -174.208359
v -70.694695 -74.781509 -174.709473
v -77.908653 -73.228455 -186.664948
v -80.040855 -80.129410 -186.522476
v -72.610497 -81.729057 -174.208359
v -78.278191 -72.975159 -200.707321
v -80.421486 -79.868515 -200.986099
v -71.704292 -74.089485 -213.074203
v -73.650391 -81.016273 -213.723953
v -59.948105 -76.272934 -220.451309
v -61.541515 -83.265221 -221.322388
v -46.160236 -78.940331 -220.862274
v -47.340054 -86.012634 -221.745682
v -34.034927 -81.376991 -214.196991
v -34.850979 -88.522400 -214.880432
v -34.034927 -81.376991 -214.196991
v -34.850979 -88.522400 -214.880432
v -45.728447 -76.587311 -173.616669
v -36.323750 -78.334015 -179.518341
v -31.064625 -79.225487 -189.411575
v -31.360258 -79.022842 -200.645493
v -37.131428 -77.780396 -210.209961
v -46.831764 -75.831047 -215.542175
v -57.862057 -73.697128 -215.213409
v -67.266754 -71.950424 -209.311737
v -72.525879 -71.058952 -199.418472
v -72.230247 -71.261589 -188.184570
v -55.395111 -93.712952 -194.655273
v -61.787254 -93.946198 -215.475372
v -50.756954 -96.080109 -215.804138
v -71.191948 -92.199486 -209.573669
v -74.490807 -88.464386 -213.260162
v -62.734619 -90.647835 -220.637283
v -48.946747 -93.315231 -221.048248
v -36.821442 -95.751900 -214.382950
v -41.056625 -98.029457 -210.471924
v -35.285530 -99.272324 -200.907455
v -29.607548 -97.305382 -202.427063
v -29.238007 -97.558685 -188.384674
v -34.989902 -99.474968 -189.673538
v -40.249023 -98.583496 -179.780304
v -35.811916 -96.444344 -176.018234
v -47.567604 -94.260559 -168.641129
v -49.653645 -96.836365 -173.878616
v -60.683937 -94.702454 -173.549850
v -61.355476 -91.593163 -168.230164
v -76.451073 -91.308014 -199.680435
v -81.064705 -87.350060 -200.893311
v -34.034927 -81.376991 -214.196991
v -46.160236 -78.940331 -220.862274
v -59.948105 -76.272934 -220.451309
v -71.704292 -74.089485 -213.074203
v -78.278191 -72.975159 -200.707321
v -77.908653 -73.228455 -186.664948
v -44.781094 -79.885651 -168.455170
v -33.025318 -82.069023 -175.832275
v -26.451414 -83.183357 -188.198700
v -26.820953 -82.930061 -202.241104
v -29.238007 -97.558685 -188.384674
v -35.811916 -96.444344 -176.018234
v -47.567604 -94.260559 -168.641129
v -29.607548 -97.305382 -202.427063
v -61.355476 -91.593163 -168.230164
v -73.481209 -89.156410 -174.895447
v -73.481209 -89.156410 -174.895447
v -80.695168 -87.603355 -186.850906
v -81.064705 -87.350060 -200.893311
v -74.490807 -88.464386 -213.260162
v -62.734619 -90.647835 -220.637283
v -48.946747 -93.315231 -221.048248
v -36.821442 -95.751900 -214.382950
v -36.821442 -95.751900 -214.382950
v -50.380901 -43.977303 -109.072311
v -49.201080 -36.905003 -108.188927
v -61.690159 -34.395241 -115.054153
v -62.506210 -41.540642 -115.737595
v -69.120522 -32.795593 -127.368286
v -69.720184 -39.987572 -127.693489
v -63.515816 -40.848614 -154.102325
v -60.217377 -44.583626 -150.415817
v -65.476501 -43.692158 -140.522583
v -70.089714 -39.734283 -141.735458
v -36.593029 -46.644703 -109.483284
v -34.999619 -39.652416 -108.612213
v -48.973454 -28.656658 -161.293457
v -60.729221 -26.473291 -153.916351
v -56.292103 -24.334146 -150.153854
v -46.887405 -26.080856 -156.055542
v -69.501144 -32.534695 -141.831909
v -70.089714 -39.734283 -141.735458
v -62.730053 -33.682453 -154.569763
v -63.515816 -40.848614 -154.102325
v -63.515816 -40.848614 -154.102325
v -62.730053 -33.682453 -154.569763
v -50.621605 -35.931320 -162.168167
v -51.760048 -43.031982 -161.479416
v -36.420135 -38.678734 -162.591461
v -37.972176 -45.699383 -161.890396
v -23.930639 -41.188580 -155.726242
v -25.846449 -48.136124 -155.225113
v -16.500267 -42.788239 -143.411682
v -18.632473 -49.689194 -143.269211
v -16.119642 -43.049133 -128.948059
v -18.262932 -49.942486 -129.226837
v -22.890747 -41.901367 -116.210625
v -24.836840 -48.828148 -116.860390
v -24.836840 -48.828148 -116.860390
v -22.890747 -41.901367 -116.210625
v -50.812679 -46.330338 -156.317505
v -39.782383 -48.464256 -156.646271
v -30.082048 -50.413601 -151.314056
v -24.310877 -51.656052 -141.749588
v -24.015245 -51.858688 -130.515686
v -29.274366 -50.967220 -120.622452
v -38.679066 -49.220509 -114.720764
v -49.709366 -47.086597 -114.391991
v -59.409698 -45.137245 -119.724213
v -65.180870 -43.894798 -129.288681
v -41.145931 -29.204273 -135.278885
v -20.090050 -31.609629 -130.253723
v -20.385683 -31.406990 -141.487625
v -15.845959 -35.314285 -143.083252
v -23.059935 -33.761219 -155.039154
v -26.156853 -30.164539 -151.052094
v -15.476418 -35.567585 -129.040863
v -25.349173 -30.718157 -120.360489
v -22.050325 -34.453247 -116.674423
v -34.753876 -28.971449 -114.458801
v -33.806515 -32.269798 -109.297310
v -45.784168 -26.837530 -114.130028
v -47.594303 -29.601982 -108.886345
v -55.484425 -24.887764 -119.462250
v -59.719616 -27.165318 -115.551628
v -61.255592 -23.645317 -129.026718
v -66.933586 -25.612251 -127.507523
v -61.551224 -23.442678 -140.260620
v -67.303116 -25.358961 -141.549484
v -35.857105 -28.214775 -156.384323
v -35.185581 -31.324055 -161.704422
v -18.262932 -49.942486 -129.226837
v -24.836840 -48.828148 -116.860390
v -18.632473 -49.689194 -143.269211
v -25.846449 -48.136124 -155.225113
v -37.972176 -45.699383 -161.890396
v -51.760048 -43.031982 -161.479416
v -69.720184 -39.987572 -127.693489
v -62.506210 -41.540642 -115.737595
v -50.380901 -43.977303 -109.072311
v -36.593029 -46.644703 -109.483284
v -47.594303 -29.601982 -108.886345
v -59.719616 -27.165318 -115.551628
v -66.933586 -25.612251 -127.507523
v -33.806515 -32.269798 -109.297310
v -67.303116 -25.358961 -141.549484
v -60.729221 -26.473291 -153.916351
v -60.729221 -26.473291 -153.916351
v -48.973454 -28.656658 -161.293457
v -35.185581 -31.324055 -161.704422
v -23.059935 -33.761219 -155.039154
v -15.845959 -35.314285 -143.083252
v -15.476418 -35.567585 -129.040863
v -22.050325 -34.453247 -116.674423
v -22.050325 -34.453247 -116.674423
v -57.029171 -78.273994 -109.515991
v -69.154472 -75.837334 -116.181290
v -71.070282 -82.784874 -115.680153
v -58.581207 -85.294640 -108.814926
v -76.368446 -74.284264 -128.137177
v -78.500656 -81.185219 -127.994720
v -70.164085 -75.145302 -154.546021
v -76.737976 -74.030975 -142.179138
v -70.986092 -72.114693 -140.890289
v -65.726967 -73.006165 -150.783524
v -43.241299 -80.941391 -109.926964
v -44.379742 -88.042053 -109.238228
v -61.194824 -91.703575 -162.109070
v -60.247456 -95.001938 -156.947159
v -69.652153 -93.255226 -151.045471
v -72.950600 -89.520210 -154.731979
v -76.737976 -74.030975 -142.179138
v -78.881279 -80.924324 -142.458344
v -70.164085 -75.145302 -154.546021
v -72.110176 -82.072090 -155.195786
v -70.164085 -75.145302 -154.546021
v -58.408314 -77.328674 -161.923111
v -60.001724 -84.320961 -162.794174
v -72.110176 -82.072090 -155.195786
v -44.620441 -79.996071 -162.334076
v -45.800259 -87.068375 -163.217468
v -32.495132 -82.432732 -155.668793
v -33.310764 -89.578217 -156.352264
v -25.281160 -83.985802 -143.712891
v -25.880390 -91.177872 -144.037674
v -24.911200 -84.239182 -129.670517
v -25.499767 -91.438766 -129.574066
v -31.485109 -83.124840 -117.304085
v -32.270870 -90.291000 -116.836632
v -31.485109 -83.124840 -117.304085
v -32.270870 -90.291000 -116.836632
v -70.690460 -72.317329 -129.656372
v -64.919281 -73.559776 -120.091911
v -55.218952 -75.509125 -114.759682
v -44.188652 -77.643044 -115.088463
v -34.783955 -79.389755 -120.990135
v -29.524830 -80.281227 -130.883377
v -29.820465 -80.078590 -142.117279
v -35.591637 -78.836136 -151.681747
v -45.291969 -76.886787 -157.013977
v -56.322262 -74.752869 -156.685196
v -53.855312 -94.768692 -136.127075
v -33.745655 -100.327644 -142.379242
v -33.450027 -100.530289 -131.145340
v -39.516830 -99.085205 -151.943710
v -35.281647 -96.807640 -155.854767
v -28.067673 -98.360710 -143.898849
v -27.698135 -98.614006 -129.856476
v -34.271622 -97.499741 -117.490044
v -38.709148 -99.638817 -121.252098
v -48.113850 -97.892113 -115.350410
v -46.027813 -95.316299 -110.112930
v -59.815681 -92.648903 -109.701965
v -59.144142 -95.758186 -115.021645
v -68.844475 -93.808846 -120.353867
v -71.940987 -90.212234 -116.367249
v -79.154961 -88.659172 -128.323135
v -74.615646 -92.566391 -129.918335
v -74.911278 -92.363762 -141.152237
v -79.524490 -88.405876 -142.365112
v -49.217163 -97.135849 -157.275925
v -47.406956 -94.370972 -162.520035
v -31.485109 -83.124840 -117.304085
v -24.911200 -84.239182 -129.670517
v -25.281160 -83.985802 -143.712891
v -32.495132 -82.432732 -155.668793
v -44.620441 -79.996071 -162.334076
v -58.408314 -77.328674 -161.923111
v -76.368446 -74.284264 -128.137177
v -69.154472 -75.837334 -116.181290
v -57.029171 -78.273994 -109.515991
v -43.241299 -80.941391 -109.926964
v -59.815681 -92.648903 -109.701965
v -71.940987 -90.212234 -116.367249
v -79.154961 -88.659172 -128.323135
v -46.027813 -95.316299 -110.112930
v -79.524490 -88.405876 -142.365112
v -72.950600 -89.520210 -154.731979
v -72.950600 -89.520210 -154.731979
v -61.194824 -91.703575 -162.109070
v -47.406956 -94.370972 -162.520035
v -35.281647 -96.807640 -155.854767
v -28.067673 -98.360710 -143.898849
v -27.698135 -98.614006 -129.856476
v -34.271622 -97.499741 -117.490044
v -34.271622 -97.499741 -117.490044
v -14.188065 -53.685604 984.104675
v -12.533135 -58.306839 985.377625
v -15.044912 -56.046837 995.538757
v -16.626625 -51.491283 993.970154
v -12.533135 -51.571800 1004.937683
v -14.188065 -47.146496 1003.095581
v 0.492558 -36.205364 1005.152527
v 1.576389 -36.926430 1010.197693
v 10.677896 -33.789684 1006.271423
v 7.538623 -33.776985 1002.113159
v -7.525118 -53.141251 976.142334
v -5.670301 -57.746296 977.176025
v 5.832229 -58.633961 975.187439
v 6.915671 -59.355194 980.232544
v -0.130393 -61.783569 983.272095
v -3.269278 -61.770706 979.113708
v -5.670301 -46.080662 1011.055481
v -7.525118 -41.815434 1009.034851
v 3.704309 -41.045082 1012.252747
v 1.576389 -36.926430 1010.197693
v 1.576389 -36.926430 1010.197693
v 3.704309 -41.045082 1012.252747
v 13.078918 -37.814087 1008.209106
v 10.677896 -33.789684 1006.271423
v 19.941366 -37.253719 1000.007507
v 17.340454 -33.245499 998.309143
v 22.453529 -39.513687 989.845947
v 19.779404 -35.439781 988.443237
v 19.941366 -43.988758 980.447571
v 17.340454 -39.784603 979.318176
v 13.078918 -49.479725 974.329529
v 10.677896 -45.115498 973.378784
v 3.704309 -54.515301 973.132385
v 1.576389 -50.004501 972.216125
v 1.576389 -50.004501 972.216125
v 3.704309 -54.515301 973.132385
v 12.696984 -33.355522 995.948853
v 14.585076 -35.054317 988.310913
v 12.696984 -38.418037 981.246216
v 7.538623 -42.545380 976.647827
v 0.492171 -46.330429 975.747803
v -6.553894 -48.758808 978.787292
v -11.712254 -49.180130 984.951904
v -13.600347 -47.481335 992.589844
v -11.712254 -44.117615 999.654602
v -6.553894 -39.990410 1004.252625
v 6.012480 -52.461296 994.304626
v 21.596296 -41.874954 1001.280518
v 19.120483 -46.380287 1000.433655
v 21.008577 -48.079079 992.795715
v 24.035242 -44.069237 991.414551
v -0.130393 -53.015175 1008.737305
v -5.288753 -57.142376 1004.139343
v -3.269278 -50.444889 1012.006287
v -9.932224 -55.775951 1006.067017
v 14.933736 -53.744953 976.350159
v 13.962125 -55.570148 981.132629
v 21.596296 -48.414062 982.289551
v 19.120483 -51.442802 985.731018
v 6.915671 -49.230297 1009.637451
v 5.832229 -45.555882 1013.169006
v -12.370785 -60.120739 996.941467
v -7.176846 -60.506100 997.074646
v 14.933736 -42.419136 1009.242737
v 13.962125 -46.801750 1006.597900
v -5.288753 -62.204895 989.436707
v -9.932224 -62.315060 987.076050
v -14.188065 -47.146496 1003.095581
v -16.626625 -51.491283 993.970154
v -14.188065 -53.685604 984.104675
v -7.525118 -53.141251 976.142334
v 1.576389 -50.004501 972.216125
v 10.677896 -45.115498 973.378784
v 17.340454 -39.784603 979.318176
v 19.779404 -35.439781 988.443237
v 17.340454 -33.245499 998.309143
v -7.525118 -41.815434 1009.034851
v -9.932224 -62.315060 987.076050
v -12.370785 -60.120739 996.941467
v -9.932224 -55.775951 1006.067017
v -3.269278 -61.770706 979.113708
v -3.269278 -50.444889 1012.006287
v 5.832229 -45.555882 1013.169006
v 5.832229 -45.555882 1013.169006
v 14.933736 -42.419136 1009.242737
v 21.596296 -41.874954 1001.280518
v 24.035242 -44.069237 991.414551
v 21.596296 -48.414062 982.289551
v 14.933736 -53.744953 976.350159
v 5.832229 -58.633961 975.187439
v 5.832229 -58.633961 975.187439
v -21.402760 -39.056553 979.067505
v -23.841322 -36.862236 988.932922
v -26.515448 -32.788330 987.530212
v -24.003674 -35.048332 977.369080
v -21.402760 -32.517445 998.058472
v -24.003674 -28.313295 996.929077
v -4.554478 -25.971622 1001.628845
v 2.491587 -23.543245 998.589355
v 3.463199 -19.160631 1001.234192
v -5.638308 -22.297379 1005.160461
v -14.739815 -38.512199 971.105164
v -17.140837 -34.487793 969.167480
v -9.894148 -26.745996 964.207520
v -18.995655 -29.882742 968.133789
v -18.024431 -25.500299 970.778748
v -10.978366 -23.071922 967.739197
v -14.739815 -27.186382 1003.997742
v -17.140837 -22.822157 1003.046997
v -5.638308 -22.297379 1005.160461
v -7.766228 -17.786577 1004.244202
v -5.638308 -22.297379 1005.160461
v 3.463199 -19.160631 1001.234192
v 1.608382 -14.555582 1000.200562
v -7.766228 -17.786577 1004.244202
v 10.125758 -18.616446 993.271973
v 8.470829 -13.995211 991.999023
v 12.564707 -20.810732 983.406006
v 10.982991 -16.255182 981.837402
v 10.125758 -25.155554 974.280945
v 8.470829 -20.730249 972.438965
v 3.463199 -30.486446 968.341675
v 1.608382 -26.221218 966.321106
v -5.638308 -35.375450 967.178894
v -7.766228 -31.256794 965.123779
v -5.638308 -35.375450 967.178894
v -7.766228 -31.256794 965.123779
v -11.600930 -29.756668 1000.728821
v -16.759291 -33.883873 996.130798
v -18.647383 -37.247597 989.066162
v -16.759291 -38.946388 981.428101
v -11.600930 -38.525063 975.263489
v -4.554865 -36.096684 972.223999
v 2.491587 -32.311642 973.124023
v 7.649948 -28.184298 977.722473
v 9.538040 -24.820576 984.787109
v 7.649948 -23.121782 992.425049
v -10.075174 -19.840784 983.072510
v 5.869917 -9.986992 990.300598
v 8.308866 -12.181276 980.434631
v 3.114540 -11.795811 980.302368
v 1.226447 -10.097017 987.940308
v -18.024431 -16.731905 996.244019
v -23.182791 -20.859108 991.645996
v -25.658602 -23.887989 995.087097
v -18.995655 -18.556929 1001.026367
v -0.792641 -21.856991 965.370361
v -3.931913 -19.286877 968.639282
v 5.869917 -16.526098 971.309631
v 1.226447 -15.159534 973.237671
v -10.978366 -12.947029 997.144104
v -9.894148 -13.667922 1002.189087
v -28.097162 -28.232780 985.961609
v -25.070883 -24.222832 984.581360
v -0.792641 -10.531176 998.262878
v -3.931913 -10.518480 994.104553
v -23.182791 -25.921625 976.943359
v -25.658602 -30.427097 976.096130
v -21.402760 -32.517445 998.058472
v -23.841322 -36.862236 988.932922
v -21.402760 -39.056553 979.067505
v -14.739815 -38.512199 971.105164
v -5.638308 -35.375450 967.178894
v 3.463199 -30.486446 968.341675
v 10.125758 -25.155554 974.280945
v 12.564707 -20.810732 983.406006
v 10.125758 -18.616446 993.271973
v -14.739815 -27.186382 1003.997742
v -25.658602 -30.427097 976.096130
v -28.097162 -28.232780 985.961609
v -25.658602 -23.887989 995.087097
v -18.995655 -29.882742 968.133789
v -18.995655 -18.556929 1001.026367
v -9.894148 -13.667922 1002.189087
v -9.894148 -13.667922 1002.189087
v -0.792641 -10.531176 998.262878
v 5.869917 -9.986992 990.300598
v 8.308866 -12.181276 980.434631
v 5.869917 -16.526098 971.309631
v -0.792641 -21.856991 965.370361
v -9.894148 -26.745996 964.207520
v -9.894148 -26.745996 964.207520
vn 0.9996 -0.0281 -0.0026
vn 0.9710 -0.2388 -0.0091
vn 0.9687 -0.2477 -0.0143
vn 0.9978 -0.0646 -0.0155
vn -0.9992 -0.0407 -0.0038
vn -0.9995 -0.0303 0.0008
vn -0.9810 0.1938 0.0083
vn -0.9896 0.1441 -0.0052
vn -0.8257 0.5638 0.0186
vn -0.8874 0.4610 0.0008
vn -0.8256 0.5639 0.0186
vn -0.4937 0.8690 0.0345
vn -0.4962 0.8680 0.0204
vn -0.0692 0.9965 0.0469
vn -0.0711 0.9972 0.0219
vn 0.2754 0.9603 0.0451
vn 0.2771 0.9606 0.0201
vn 0.6638 0.7473 0.0285
vn 0.6660 0.7458 0.0143
vn 0.9296 0.3684 0.0088
vn 0.9639 0.2663 -0.0086
vn 0.9639 0.2662 -0.0086
vn 0.9297 0.3683 0.0088
vn 1.0000 -0.0028 -0.0010
vn 0.9779 -0.2084 -0.0158
vn -1.0000 -0.0005 -0.0054
vn -0.9787 0.2051 0.0093
vn -0.7569 0.6519 0.0467
vn -0.7568 0.6519 0.0467
vn -0.3686 0.9256 0.0856
vn -0.0501 0.9938 0.0993
vn 0.2566 0.9616 0.0977
vn 0.5539 0.8287 0.0808
vn 0.8763 0.4803 0.0381
vn 0.8763 0.4802 0.0381
vn 0.9144 0.4021 0.0464
vn -0.8104 0.5833 0.0554
vn -0.2445 0.9616 0.1250
vn -0.2445 0.9615 0.1250
vn -0.1084 0.9844 0.1387
vn 0.1042 0.9845 0.1414
vn 0.3121 0.9402 0.1365
vn 0.4404 0.8896 0.1214
vn -0.0037 0.0147 -0.9999
vn -0.0037 0.0146 -0.9999
vn 0.9658 -0.2548 -0.0486
vn 0.9577 -0.2845 -0.0441
vn -0.9981 -0.0484 -0.0383
vn -0.9963 -0.0790 -0.0339
vn -0.9914 -0.1305 0.0032
vn -0.9931 -0.0720 -0.0930
vn -0.1045 -0.9945 0.0052
vn -0.1042 -0.9936 0.0446
vn 0.9554 -0.2768 -0.1033
vn 0.9515 -0.2918 -0.0973
vn -0.9923 -0.0879 -0.0877
vn -0.9884 -0.0992 -0.1146
vn -0.1046 -0.9937 -0.0405
vn 0.9449 -0.3028 -0.1245
vn 0.9426 -0.3339 -0.0069
vn -0.9854 -0.0990 -0.1388
vn -0.9869 -0.1070 -0.1206
vn 0.9406 -0.3115 -0.1350
vn 0.9421 -0.2993 -0.1512
vn -0.9774 -0.0621 -0.2022
vn -0.9793 -0.0831 -0.1845
vn 0.9387 -0.2847 -0.1946
vn 0.9410 -0.2637 -0.2122
vn 0.9687 -0.2481 -0.0000
vn 0.9632 -0.2645 -0.0487
vn 0.9994 -0.0074 -0.0345
vn 1.0000 -0.0000 -0.0000
vn 0.8577 -0.3814 -0.3448
vn 0.9089 -0.2634 -0.3234
vn 0.9383 -0.2526 -0.2363
vn 0.8840 -0.3862 -0.2635
vn 0.8781 -0.2829 -0.3859
vn 0.9911 -0.0931 -0.0953
vn 0.9357 -0.3327 -0.1177
vn 0.9274 -0.3193 -0.1948
vn 0.9770 -0.1441 -0.1574
vn 0.7076 -0.7053 -0.0431
vn 0.7104 -0.7038 -0.0000
vn 0.3464 -0.9378 -0.0245
vn 0.7075 -0.7054 -0.0431
vn 0.3423 -0.9396 -0.0000
vn 0.1078 -0.9941 -0.0084
vn 0.1046 -0.9945 -0.0000
vn 0.0409 -0.9992 -0.0000
vn 0.0410 -0.9992 -0.0033
vn 0.0410 -0.9992 -0.0000
vn 0.7043 -0.7002 -0.1173
vn 0.3760 -0.9225 -0.0870
vn 0.7042 -0.7003 -0.1173
vn 0.1263 -0.9915 -0.0324
vn 0.0527 -0.9984 -0.0216
vn 0.7088 -0.6772 -0.1978
vn 0.3930 -0.9031 -0.1732
vn 0.7087 -0.6772 -0.1978
vn 0.1665 -0.9756 -0.1433
vn 0.0676 -0.9923 -0.1033
vn 0.4173 -0.8637 -0.2826
vn 0.6958 -0.6506 -0.3043
vn 0.2334 -0.9530 -0.1934
vn 0.3155 -0.9200 -0.2323
vn 0.5158 -0.7606 -0.3942
vn 0.6796 -0.6308 -0.3745
vn 0.7237 -0.5408 -0.4288
vn 0.4161 -0.8212 -0.3905
vn 0.9284 -0.2373 -0.2859
vn 0.9735 -0.1630 -0.1604
vn 0.9958 -0.0518 -0.0755
vn 0.9989 -0.0091 -0.0455
vn 0.9999 -0.0000 -0.0162
vn 0.6953 -0.7186 0.0088
vn 0.5972 -0.8020 0.0141
vn 0.7243 -0.6894 -0.0094
vn 0.8611 -0.5081 -0.0167
vn 0.5971 -0.8021 0.0141
vn 0.3399 -0.9402 0.0221
vn 0.3504 -0.9366 -0.0000
vn 0.7242 -0.6895 -0.0094
vn 0.1114 -0.9936 0.0167
vn 0.1019 -0.9948 -0.0000
vn 0.0410 -0.9992 0.0037
vn 0.4984 -0.8605 0.1056
vn 0.5234 -0.8479 0.0848
vn 0.0530 -0.9984 0.0202
vn 0.6470 -0.7342 0.2059
vn 0.5796 -0.8011 0.1497
vn 0.1718 -0.9809 0.0912
vn 0.1432 -0.9869 0.0745
vn 0.1724 -0.9823 0.0732
vn 0.1220 -0.9909 0.0564
vn 0.8052 -0.5548 0.2094
vn 0.5750 -0.7937 0.1988
vn 0.2856 -0.9465 0.1504
vn 0.3475 -0.9292 0.1258
vn 0.4179 -0.8893 0.1856
vn 0.3515 -0.9135 0.2049
vn 0.9986 0.0017 0.0529
vn 0.9971 -0.0353 0.0668
vn 0.9822 0.1550 0.1061
vn 0.9482 0.2418 0.2061
vn 0.9486 -0.2445 0.2011
vn 0.9631 0.0359 0.2667
vn 0.9141 0.3450 0.2129
vn 0.6287 -0.7409 0.2363
vn 0.8412 -0.4768 0.2550
vn 0.9962 -0.0423 0.0757
vn 0.9930 -0.0628 0.1000
vn 0.9212 -0.3134 0.2305
vn 0.9545 -0.2360 0.1822
vn 0.7833 -0.5598 0.2703
vn 0.6737 -0.6984 0.2416
vn 0.4613 -0.8609 0.2145
vn 0.6286 -0.7410 0.2363
vn 0.5749 -0.7937 0.1987
vn 0.5795 -0.8011 0.1497
vn 0.3202 -0.9442 0.0777
vn 0.5234 -0.8479 0.0847
vn 0.6738 -0.6983 0.2416
vn 0.8503 -0.4513 0.2707
vn 0.8634 -0.4758 0.1679
vn 0.8911 -0.3798 0.2484
vn 0.9988 0.0420 0.0258
vn 0.9991 0.0294 0.0312
vn 1.0000 0.0051 0.0013
vn 0.6796 -0.6307 -0.3745
vn 0.6959 -0.6505 -0.3043
vn 0.7237 -0.5407 -0.4288
vn 0.8880 -0.3902 0.2434
vn 0.3186 -0.9467 0.0473
vn 0.4785 -0.8773 0.0384
vn 0.1852 -0.9817 0.0455
vn 0.1815 -0.9825 0.0417
vn 0.1729 -0.9839 0.0457
vn 0.1715 -0.9850 -0.0174
vn 0.1808 -0.9835 -0.0110
vn 0.1790 -0.9838 -0.0118
vn 0.1697 -0.9853 -0.0181
vn 0.1698 -0.9853 -0.0211
vn 0.1698 -0.9852 -0.0211
vn 0.1674 -0.9848 0.0463
vn 0.4436 -0.8951 0.0457
vn 0.9799 0.1739 -0.0975
vn 0.9775 0.1730 -0.1205
vn 0.9776 0.1712 -0.1228
vn 0.9677 0.2087 -0.1417
vn 0.9680 0.2070 -0.1418
vn -0.0085 0.0466 0.9989
vn -0.0117 0.0480 0.9988
vn -0.0223 0.0565 0.9982
vn -0.0086 0.0469 0.9989
vn -0.0338 0.0654 0.9973
vn -0.9623 -0.2256 -0.1518
vn -0.9731 -0.1926 -0.1266
vn -0.9725 -0.1936 -0.1293
vn -0.9620 -0.2270 -0.1517
vn -0.9764 -0.1909 -0.1010
vn -0.9687 -0.2481 -0.0000
vn -1.0000 -0.0000 -0.0000
vn -0.9994 -0.0074 -0.0345
vn -0.9632 -0.2645 -0.0487
vn -0.8577 -0.3814 -0.3448
vn -0.8840 -0.3862 -0.2635
vn -0.9383 -0.2526 -0.2363
vn -0.9089 -0.2634 -0.3234
vn -0.8781 -0.2829 -0.3859
vn -0.9911 -0.0931 -0.0953
vn -0.9770 -0.1441 -0.1574
vn -0.9274 -0.3193 -0.1948
vn -0.9357 -0.3327 -0.1177
vn -0.7076 -0.7053 -0.0431
vn -0.7104 -0.7038 -0.0000
vn -0.3464 -0.9378 -0.0245
vn -0.3423 -0.9396 -0.0000
vn -0.7075 -0.7054 -0.0431
vn -0.1078 -0.9941 -0.0084
vn -0.1046 -0.9945 -0.0000
vn -0.0409 -0.9992 -0.0000
vn -0.0410 -0.9992 -0.0000
vn -0.0410 -0.9992 -0.0033
vn -0.7043 -0.7002 -0.1173
vn -0.7042 -0.7003 -0.1173
vn -0.3760 -0.9225 -0.0870
vn -0.1263 -0.9915 -0.0324
vn -0.0527 -0.9984 -0.0216
vn -0.7088 -0.6772 -0.1978
vn -0.7087 -0.6772 -0.1978
vn -0.3930 -0.9031 -0.1732
vn -0.1665 -0.9756 -0.1433
vn -0.0676 -0.9923 -0.1033
vn -0.6958 -0.6506 -0.3043
vn -0.4173 -0.8637 -0.2826
vn -0.2334 -0.9530 -0.1934
vn -0.3155 -0.9200 -0.2323
vn -0.6796 -0.6308 -0.3745
vn -0.5158 -0.7606 -0.3942
vn -0.7237 -0.5408 -0.4288
vn -0.4161 -0.8212 -0.3905
vn -0.9284 -0.2373 -0.2859
vn -0.9735 -0.1630 -0.1604
vn -0.9958 -0.0518 -0.0755
vn -0.9989 -0.0091 -0.0455
vn -0.9999 -0.0000 -0.0162
vn -0.6953 -0.7186 0.0088
vn -0.8611 -0.5081 -0.0167
vn -0.7243 -0.6894 -0.0094
vn -0.5972 -0.8020 0.0141
vn -0.5971 -0.8021 0.0141
vn -0.7242 -0.6895 -0.0094
vn -0.3504 -0.9366 -0.0000
vn -0.3399 -0.9402 0.0221
vn -0.1019 -0.9948 -0.0000
vn -0.1114 -0.9936 0.0167
vn -0.0410 -0.9992 0.0037
vn -0.4984 -0.8605 0.1056
vn -0.5234 -0.8479 0.0848
vn -0.0530 -0.9984 0.0202
vn -0.1718 -0.9809 0.0912
vn -0.1724 -0.9823 0.0732
vn -0.1432 -0.9869 0.0745
vn -0.1220 -0.9909 0.0564
vn -0.3475 -0.9292 0.1258
vn -0.2856 -0.9465 0.1504
vn -0.4179 -0.8893 0.1856
vn -0.3515 -0.9135 0.2049
vn -0.9986 0.0017 0.0529
vn -0.9822 0.1550 0.1061
vn -0.9971 -0.0353 0.0668
vn -0.9482 0.2418 0.2061
vn -0.9631 0.0359 0.2667
vn -0.9486 -0.2445 0.2011
vn -0.9141 0.3450 0.2129
vn -0.9930 -0.0628 0.1000
vn -0.9962 -0.0423 0.0757
vn -0.9212 -0.3134 0.2305
vn -0.8052 -0.5548 0.2094
vn -0.8412 -0.4768 0.2550
vn -0.9545 -0.2360 0.1822
vn -0.7833 -0.5598 0.2703
vn -0.6287 -0.7409 0.2363
vn -0.6737 -0.6984 0.2416
vn -0.6286 -0.7410 0.2363
vn -0.4613 -0.8609 0.2145
vn -0.6738 -0.6983 0.2416
vn -0.8503 -0.4513 0.2707
vn -0.6470 -0.7342 0.2059
vn -0.8634 -0.4758 0.1679
vn -0.9988 0.0420 0.0258
vn -0.9991 0.0294 0.0312
vn -1.0000 0.0051 0.0013
vn -0.6796 -0.6307 -0.3745
vn -0.6959 -0.6505 -0.3043
vn -0.7237 -0.5407 -0.4288
vn -0.8880 -0.3902 0.2434
vn -0.8911 -0.3798 0.2484
vn -0.3186 -0.9467 0.0473
vn -0.4785 -0.8773 0.0384
vn -0.1852 -0.9817 0.0455
vn -0.1729 -0.9839 0.0457
vn -0.1815 -0.9825 0.0417
vn -0.1715 -0.9850 -0.0174
vn -0.1697 -0.9853 -0.0181
vn -0.1790 -0.9838 -0.0118
vn -0.1808 -0.9835 -0.0110
vn -0.1698 -0.9853 -0.0211
vn -0.1698 -0.9852 -0.0211
vn -0.3202 -0.9442 0.0777
vn -0.5234 -0.8479 0.0847
vn -0.1674 -0.9848 0.0463
vn -0.4436 -0.8951 0.0457
vn -0.9799 0.1739 -0.0975
vn -0.9776 0.1712 -0.1228
vn -0.9775 0.1730 -0.1205
vn -0.9680 0.2070 -0.1418
vn -0.9677 0.2087 -0.1417
vn 0.0085 0.0466 0.9989
vn 0.0086 0.0469 0.9989
vn 0.0223 0.0565 0.9982
vn 0.0117 0.0480 0.9988
vn 0.0338 0.0654 0.9973
vn 0.9623 -0.2256 -0.1518
vn 0.9620 -0.2270 -0.1517
vn 0.9725 -0.1936 -0.1293
vn 0.9731 -0.1926 -0.1266
vn 0.9764 -0.1909 -0.1010
vn 0.7891 0.3542 0.5018
vn 0.8763 0.0589 0.4781
vn 0.8099 -0.0063 0.5866
vn 0.7192 0.3817 0.5806
vn 0.9199 0.0443 0.3897
vn 0.8853 0.2394 0.3987
vn 0.8042 -0.3590 0.4738
vn 0.8622 -0.2290 0.4519
vn 0.9164 -0.1595 0.3672
vn 0.6612 -0.6261 0.4133
vn 0.6994 -0.5526 0.4533
vn 0.7305 -0.4984 0.4669
vn 0.7150 -0.5376 0.4470
vn 0.6755 0.4741 0.5647
vn 0.7513 0.4296 0.5011
vn 0.8196 0.3928 0.4172
vn 0.5992 0.5978 0.5325
vn 0.7564 0.4290 0.4937
vn 0.6153 0.5740 0.5403
vn 0.5366 0.6688 0.5145
vn 0.4974 0.7193 0.4850
vn 0.7781 -0.3720 0.5061
vn 0.7572 -0.4390 0.4836
vn -0.7891 0.3542 0.5018
vn -0.7192 0.3817 0.5806
vn -0.8099 -0.0063 0.5866
vn -0.8763 0.0589 0.4781
vn -0.9199 0.0443 0.3897
vn -0.8852 0.2397 0.3987
vn -0.8042 -0.3590 0.4738
vn -0.9164 -0.1595 0.3672
vn -0.8622 -0.2290 0.4519
vn -0.6612 -0.6261 0.4133
vn -0.7150 -0.5376 0.4470
vn -0.7305 -0.4984 0.4669
vn -0.6994 -0.5526 0.4533
vn -0.7513 0.4296 0.5011
vn -0.6755 0.4741 0.5647
vn -0.8196 0.3928 0.4172
vn -0.7565 0.4289 0.4937
vn -0.5992 0.5978 0.5325
vn -0.6153 0.5740 0.5403
vn -0.4974 0.7193 0.4850
vn -0.5368 0.6686 0.5147
vn -0.7781 -0.3720 0.5061
vn -0.7572 -0.4390 0.4836
vn -0.5796 -0.8011 0.1497
vn -0.5750 -0.7936 0.1988
vn -0.5749 -0.7937 0.1987
vn -0.5795 -0.8011 0.1497
vn 0.5657 -0.7897 0.2375
vn 0.6687 -0.6912 0.2740
vn 0.3912 -0.9167 0.0808
vn 0.2507 -0.9680 0.0045
vn 0.2464 -0.9691 -0.0113
vn 0.2258 -0.9732 -0.0437
vn 0.2215 -0.9742 -0.0432
vn 0.1540 -0.9870 -0.0451
vn 0.1457 -0.9884 -0.0438
vn -0.5657 -0.7897 0.2375
vn -0.3912 -0.9167 0.0808
vn -0.2464 -0.9691 -0.0113
vn -0.2507 -0.9680 0.0045
vn -0.2258 -0.9732 -0.0437
vn -0.2215 -0.9742 -0.0432
vn -0.1457 -0.9884 -0.0438
vn -0.1540 -0.9870 -0.0451
vn 0.1695 0.9678 -0.1859
vn 0.2206 0.9629 -0.1552
vn 0.1801 0.9671 -0.1798
vn 0.1876 0.9758 -0.1122
vn 0.1982 0.9763 -0.0868
vn 0.2224 0.9741 0.0403
vn 0.2029 0.9792 -0.0039
vn 0.3607 0.9194 0.1569
vn 0.3664 0.9096 0.1959
vn 0.4887 0.8348 0.2535
vn 0.5301 0.8086 0.2552
vn -0.1876 0.9758 -0.1122
vn -0.1982 0.9763 -0.0868
vn -0.2206 0.9629 -0.1552
vn -0.1801 0.9671 -0.1798
vn -0.2029 0.9792 -0.0039
vn -0.2224 0.9741 0.0403
vn -0.3607 0.9194 0.1569
vn -0.5301 0.8086 0.2552
vn -0.4887 0.8348 0.2535
vn -0.3664 0.9096 0.1959
vn -0.1695 0.9678 -0.1859
vn -0.6687 -0.6912 0.2740
vn 0.7661 0.4742 0.4338
vn 0.8318 0.4380 0.3410
vn 0.7756 0.5275 0.3467
vn 0.6637 0.5970 0.4506
vn 0.8596 0.3062 0.4091
vn 0.9093 0.2647 0.3212
vn 0.5366 0.6552 0.5317
vn 0.4762 0.6606 0.5804
vn 0.7226 0.5093 0.4673
vn 0.4761 0.6606 0.5805
vn -0.0000 0.7284 0.6851
vn -0.0000 0.8357 0.5492
vn 0.2593 0.9658 0.0074
vn -0.0000 1.0000 0.0066
vn -0.0000 0.9981 0.0619
vn 0.2624 0.9629 0.0636
vn 0.5008 0.8655 0.0098
vn 0.5054 0.8602 0.0682
vn 0.7022 0.7118 0.0133
vn 0.7062 0.7041 0.0743
vn 0.8479 0.5298 0.0168
vn 0.8498 0.5208 0.0809
vn 0.9590 0.2827 0.0197
vn 0.9566 0.2790 0.0842
vn 0.9995 0.0249 0.0209
vn 0.9963 0.0278 0.0817
vn 0.9332 -0.3510 0.0768
vn 0.9376 -0.3471 0.0216
vn 0.9898 -0.1409 0.0206
vn 0.9870 -0.1405 0.0779
vn 0.7781 -0.6237 0.0747
vn 0.7846 -0.6195 0.0234
vn 0.7845 -0.6196 0.0234
vn 0.5403 -0.8381 0.0750
vn 0.5488 -0.8355 0.0263
vn 0.2783 -0.9575 0.0763
vn 0.2789 -0.9600 0.0264
vn -0.0000 -0.9972 0.0741
vn -0.0000 -0.9996 0.0267
vn -0.0000 0.9884 0.1518
vn 0.2654 0.9519 0.1531
vn 0.5089 0.8463 0.1577
vn 0.7042 0.6917 0.1604
vn 0.8409 0.5154 0.1649
vn 0.9462 0.2778 0.1662
vn 0.9875 0.0306 0.1549
vn 0.9801 -0.1349 0.1458
vn 0.9694 -0.1262 0.2104
vn 0.9194 -0.3363 0.2041
vn 0.9280 -0.3448 0.1410
vn 0.7778 -0.6132 0.1378
vn 0.5369 -0.8329 0.1341
vn 0.3093 -0.9435 0.1188
vn -0.0000 -0.9954 0.0962
vn 0.2706 0.8986 0.3454
vn -0.0000 0.9391 0.3438
vn -0.0000 0.9076 0.4198
vn 0.2609 0.8594 0.4397
vn 0.5006 0.7977 0.3362
vn 0.4803 0.7537 0.4486
vn 0.6816 0.6493 0.3373
vn 0.6637 0.5971 0.4506
vn 0.6817 0.6493 0.3373
vn -0.0000 0.8766 0.4812
vn 0.3052 0.7686 0.5623
vn -0.0000 0.8569 0.5155
vn -0.0000 0.7862 0.6180
vn 0.9512 0.0623 0.3021
vn 0.9093 0.2646 0.3212
vn 0.9247 0.0778 0.3727
vn 0.9516 -0.1138 0.2854
vn 0.9309 -0.0955 0.3525
vn 0.8881 -0.3107 0.3388
vn 0.9047 -0.3246 0.2761
vn 0.7445 -0.5814 0.3281
vn 0.7572 -0.5948 0.2698
vn 0.7571 -0.5949 0.2698
vn 0.7445 -0.5815 0.3281
vn 0.5351 -0.7836 0.3157
vn 0.5278 -0.8078 0.2624
vn 0.8239 0.3270 0.4628
vn 0.8952 0.0989 0.4346
vn 0.9072 -0.0748 0.4141
vn 0.8709 -0.2862 0.3996
vn 0.7365 -0.5546 0.3874
vn 0.7364 -0.5547 0.3874
vn 0.5100 -0.7675 0.3883
vn 0.7837 0.3389 0.5205
vn 0.8564 0.1309 0.4995
vn 0.8722 -0.0382 0.4876
vn 0.8430 -0.2478 0.4774
vn 0.7234 -0.5138 0.4611
vn 0.4943 -0.7490 0.4412
vn 0.2409 -0.8702 0.4299
vn 0.2305 -0.9002 0.3695
vn -0.0000 -0.9041 0.4273
vn -0.0000 -0.9296 0.3686
vn 0.6819 0.5622 0.4680
vn 0.5366 0.6553 0.5317
vn -0.0000 0.8358 0.5491
vn 0.1958 0.8931 0.4051
vn 0.6742 0.5444 0.4991
vn 0.4745 0.7285 0.4940
vn 0.4269 0.7251 0.5404
vn 0.5694 0.6288 0.5296
vn 0.4744 0.7286 0.4940
vn 0.3001 0.8372 0.4573
vn 0.3018 0.7946 0.5268
vn 0.4268 0.7252 0.5404
vn 0.0001 0.8450 0.5348
vn 0.1915 0.8292 0.5252
vn 0.6697 0.1448 0.7284
vn 0.5976 0.2963 0.7451
vn 0.3927 0.1992 0.8978
vn 0.4356 0.0967 0.8949
vn 0.6936 -0.0044 0.7203
vn 0.4502 -0.0025 0.8929
vn 0.4359 -0.1072 0.8936
vn 0.6720 -0.1753 0.7195
vn 0.5813 -0.3607 0.7294
vn 0.3769 -0.2426 0.8939
vn 0.2624 -0.3443 0.9014
vn 0.4112 -0.5239 0.7459
vn 0.1303 -0.4028 0.9059
vn 0.1965 -0.6316 0.7500
vn -0.0000 -0.4187 0.9081
vn -0.0000 -0.6623 0.7492
vn 0.4011 0.5008 0.7670
vn 0.2928 0.5700 0.7677
vn 0.1928 0.3716 0.9081
vn 0.2639 0.3313 0.9059
vn 0.1601 0.6204 0.7678
vn -0.0000 0.6400 0.7684
vn -0.0000 0.4114 0.9115
vn 0.1038 0.3993 0.9109
vn 0.4939 0.4220 0.7602
vn 0.3245 0.2822 0.9028
vn -0.0000 0.0029 1.0000
vn 0.7746 0.1325 0.6184
vn 0.7020 0.3093 0.6415
vn 0.7958 -0.0230 0.6051
vn 0.7735 -0.1908 0.6044
vn 0.4836 -0.6239 0.6139
vn 0.6820 -0.3985 0.6133
vn 0.2297 -0.7639 0.6031
vn -0.0000 -0.8010 0.5986
vn 0.4414 0.6106 0.6576
vn 0.3032 0.6990 0.6477
vn 0.1701 0.7468 0.6429
vn -0.0000 0.7652 0.6438
vn 0.5807 0.4801 0.6575
vn 0.7102 -0.4565 0.5360
vn 0.8093 -0.2141 0.5470
vn 0.7234 -0.5138 0.4612
vn 0.2688 0.9325 0.2413
vn -0.0000 0.9708 0.2398
vn 0.5086 0.8255 0.2446
vn 0.6926 0.6791 0.2434
vn 0.8231 0.5135 0.2425
vn 0.9294 0.2809 0.2396
vn 0.9736 0.0461 0.2237
vn 0.7695 -0.6071 0.1982
vn 0.5363 -0.8210 0.1959
vn 0.7694 -0.6072 0.1982
vn 0.2588 0.9659 -0.0000
vn -0.0000 1.0000 -0.0000
vn 0.5000 0.8660 -0.0000
vn 0.7015 0.7127 -0.0000
vn 0.8475 0.5308 -0.0000
vn 0.9590 0.2835 -0.0000
vn 0.9997 0.0250 -0.0000
vn 0.9960 -0.0895 -0.0000
vn 0.9938 -0.1115 -0.0000
vn 0.7856 -0.6187 -0.0000
vn 0.9211 -0.3893 -0.0000
vn 0.5490 -0.8358 -0.0000
vn 0.7855 -0.6188 -0.0000
vn 0.2791 -0.9603 -0.0000
vn -0.0000 -1.0000 -0.0000
vn 0.2595 0.9658 -0.0015
vn -0.0000 1.0000 -0.0006
vn 0.4999 0.8661 -0.0026
vn 0.7021 0.7120 -0.0037
vn 0.8482 0.5296 -0.0073
vn 0.9581 0.2863 -0.0062
vn 0.9997 0.0253 0.0005
vn 0.9900 -0.1411 0.0007
vn 0.9363 -0.3512 -0.0087
vn 0.7842 -0.6202 -0.0184
vn 0.5462 -0.8372 -0.0268
vn 0.7842 -0.6203 -0.0184
vn 0.2797 -0.9597 -0.0293
vn -0.0000 -0.9996 -0.0282
vn 0.2688 0.9632 -0.0078
vn -0.0000 1.0000 -0.0067
vn 0.5056 0.8627 -0.0136
vn 0.7079 0.7059 -0.0248
vn 0.8649 0.5010 -0.0321
vn 0.9570 0.2875 -0.0381
vn 0.9980 0.0602 -0.0207
vn 0.9964 0.0667 -0.0514
vn 0.9868 -0.1604 -0.0239
vn 0.9213 -0.3864 -0.0430
vn 0.7686 -0.6364 -0.0655
vn 0.5491 -0.8321 -0.0777
vn 0.7685 -0.6364 -0.0655
vn 0.2927 -0.9525 -0.0843
vn -0.0000 -0.9962 -0.0874
vn -0.0000 0.9999 -0.0114
vn 0.5197 0.8536 -0.0346
vn 0.2696 0.9625 -0.0291
vn 0.7314 0.6803 -0.0481
vn 0.8619 0.5030 -0.0644
vn 0.7314 0.6802 -0.0481
vn 0.9477 0.3105 -0.0737
vn 0.9943 0.0690 -0.0815
vn 0.9830 -0.1714 -0.0652
vn 0.9804 -0.1722 -0.0959
vn 0.8996 -0.4281 -0.0868
vn 0.8923 -0.4365 -0.1149
vn 0.7521 -0.6509 -0.1034
vn 0.7220 -0.6775 -0.1408
vn 0.7219 -0.6775 -0.1408
vn 0.5521 -0.8255 -0.1176
vn 0.5057 -0.8470 -0.1638
vn 0.2883 -0.9473 -0.1394
vn 0.2639 -0.9475 -0.1803
vn -0.0000 -0.9892 -0.1465
vn -0.0000 -0.9824 -0.1868
vn 0.2611 0.9613 -0.0881
vn -0.0000 0.9961 -0.0885
vn -0.0000 0.9996 -0.0274
vn 0.5255 0.8462 -0.0881
vn 0.7394 0.6668 -0.0927
vn 0.8677 0.4873 -0.0985
vn 0.7395 0.6667 -0.0927
vn 0.9432 0.3142 -0.1082
vn 0.9883 0.0871 -0.1250
vn 0.9758 -0.1663 -0.1419
vn 0.8737 -0.4594 -0.1602
vn 0.6875 -0.7030 -0.1820
vn 0.6874 -0.7031 -0.1820
vn 0.4908 -0.8489 -0.1963
vn 0.2529 -0.9454 -0.2054
vn -0.0000 -0.9782 -0.2077
vn 0.2450 0.9586 -0.1451
vn -0.0000 0.9896 -0.1438
vn 0.4843 0.8627 -0.1460
vn 0.6923 0.7061 -0.1488
vn 0.8489 0.5050 -0.1562
vn 0.6924 0.7060 -0.1487
vn 0.9519 0.2552 -0.1697
vn 0.9557 0.2343 -0.1781
vn 0.5445 -0.8114 -0.2123
vn 0.7555 -0.6224 -0.2047
vn 0.5445 -0.8115 -0.2123
vn 0.2658 -0.9398 -0.2147
vn -0.0000 -0.9763 -0.2163
vn 0.9848 0.0715 -0.1586
vn 0.9775 -0.1004 -0.1857
vn 0.9450 -0.2566 -0.2026
vn 0.8407 -0.4918 -0.2265
vn 0.9754 -0.0876 -0.2022
vn 0.5589 -0.8002 -0.2172
vn 0.2944 -0.9316 -0.2134
vn 0.5589 -0.8003 -0.2172
vn -0.0000 -0.9771 -0.2130
vn 0.9744 0.1150 -0.1931
vn 0.2526 0.9519 -0.1734
vn -0.0000 0.9850 -0.1727
vn 0.4737 0.8631 -0.1748
vn 0.6745 0.7153 -0.1828
vn 0.8886 0.4136 -0.1983
vn 0.6746 0.7152 -0.1828
vn 0.8767 -0.3952 -0.2741
vn 0.9671 0.0190 -0.2537
vn 0.6100 -0.7454 -0.2688
vn 0.3217 -0.9131 -0.2507
vn 0.6099 -0.7455 -0.2688
vn 0.2418 0.9415 -0.2347
vn -0.0000 0.9720 -0.2351
vn 0.5568 0.7927 -0.2480
vn 0.8674 0.4262 -0.2568
vn 0.9417 0.0182 -0.3360
vn 0.8563 -0.3731 -0.3572
vn 0.5093 -0.7759 -0.3723
vn 0.5092 -0.7759 -0.3723
vn -0.0000 0.9435 -0.3313
vn 0.2843 0.8937 -0.3470
vn 0.8480 0.3946 -0.3537
vn 0.5975 0.7165 -0.3599
vn 0.5569 0.7927 -0.2480
vn 0.8964 0.0229 -0.4426
vn 0.8161 -0.3520 -0.4584
vn 0.5288 -0.6888 -0.4960
vn -0.0000 -0.9287 -0.3709
vn -0.0000 -0.8496 -0.5274
vn -0.0000 0.8861 -0.4635
vn 0.5978 0.6531 -0.4648
vn 0.3013 0.8327 -0.4645
vn 0.2844 0.8937 -0.3470
vn 0.8090 0.3662 -0.4598
vn 0.8781 0.0018 -0.4785
vn 0.8010 -0.3285 -0.5004
vn 0.5272 -0.6458 -0.5523
vn -0.0000 -0.7998 -0.6002
vn 0.5044 0.6905 -0.5184
vn -0.0000 0.8678 -0.4970
vn 0.8031 0.3218 -0.5014
vn 0.2022 0.9790 -0.0272
vn -0.0929 0.9954 0.0231
vn 0.0285 0.9914 0.1281
vn 0.2284 0.9734 0.0178
vn 0.3302 0.9153 0.2306
vn 0.2802 0.8768 0.3907
vn 0.6840 0.0274 0.7290
vn 0.7195 0.0868 0.6890
vn 0.4166 -0.9084 -0.0358
vn 0.4524 -0.8915 0.0232
vn 0.2393 -0.9685 0.0691
vn 0.1232 -0.9906 -0.0603
vn 0.5168 -0.8281 0.2172
vn 0.4498 -0.8362 0.3139
vn 0.7195 0.0868 0.6891
vn 0.6840 0.0275 0.7290
vn 0.8000 0.5698 0.1882
vn 0.3925 0.8914 0.2267
vn 0.9365 0.0423 0.3482
vn 0.5386 -0.8223 0.1838
vn 0.5306 0.8476 -0.0025
vn -0.0747 0.9952 -0.0632
vn 0.5544 0.8322 0.0022
vn 0.9893 0.1031 0.1031
vn 0.9774 0.0807 0.1953
vn 0.1536 -0.9847 -0.0819
vn 0.6967 -0.7174 -0.0014
vn 0.7080 -0.7062 0.0024
vn 0.9774 0.0808 0.1953
vn -0.1256 0.9911 -0.0434
vn -0.1094 0.9940 -0.0083
vn 0.0901 -0.9900 -0.1084
vn 0.0826 -0.9883 -0.1283
vn 0.9751 0.0485 0.2163
vn 0.8669 -0.4677 0.1722
vn 0.9751 0.0484 0.2163
vn 0.0819 -0.9915 -0.1012
vn -0.1220 0.9907 -0.0596
vn -0.3827 0.0610 -0.9219
vn -0.3827 0.0616 -0.9218
vn -0.3756 0.0019 -0.9268
vn -0.3753 0.0001 -0.9269
vn 0.4021 -0.8798 0.2534
vn 0.4059 -0.8912 0.2025
vn -0.0000 -0.9476 0.3194
vn 0.3796 -0.8546 0.3543
vn 0.4215 -0.8554 0.3009
vn 0.7042 0.6916 0.1604
vn 0.6926 0.6790 0.2434
vn 0.7500 0.3236 0.5769
vn 0.8177 0.1291 0.5611
vn 0.8563 0.1309 0.4995
vn 0.8722 -0.0382 0.4877
vn 0.8333 -0.0331 0.5518
vn 0.4955 -0.7010 0.5129
vn 0.2379 -0.8354 0.4955
vn -0.0000 -0.8711 0.4911
vn 0.6688 0.5217 0.5297
vn 0.6211 0.5180 0.5882
vn 0.4268 0.7251 0.5404
vn 0.3017 0.7946 0.5268
vn 0.3023 0.7671 0.5658
vn 0.4518 0.6752 0.5831
vn 0.1915 0.8291 0.5252
vn -0.0000 0.8450 0.5348
vn -0.0000 0.8224 0.5689
vn 0.1824 0.8063 0.5627
vn -0.0000 -0.9696 -0.2445
vn -0.7661 0.4742 0.4338
vn -0.6637 0.5971 0.4506
vn -0.7756 0.5275 0.3467
vn -0.8318 0.4380 0.3410
vn -0.8596 0.3062 0.4091
vn -0.9093 0.2647 0.3212
vn -0.5369 0.6550 0.5317
vn -0.4761 0.6606 0.5804
vn -0.7228 0.5092 0.4673
vn -0.4760 0.6606 0.5805
vn -0.5368 0.6550 0.5318
vn -0.2593 0.9658 0.0074
vn -0.2624 0.9629 0.0636
vn -0.5008 0.8655 0.0098
vn -0.5054 0.8602 0.0682
vn -0.7022 0.7118 0.0133
vn -0.7062 0.7041 0.0743
vn -0.8479 0.5298 0.0168
vn -0.8498 0.5208 0.0809
vn -0.9590 0.2827 0.0197
vn -0.9566 0.2790 0.0842
vn -0.9995 0.0249 0.0209
vn -0.9963 0.0278 0.0817
vn -0.9332 -0.3510 0.0768
vn -0.9870 -0.1405 0.0779
vn -0.9898 -0.1409 0.0206
vn -0.9376 -0.3471 0.0216
vn -0.7846 -0.6195 0.0234
vn -0.7781 -0.6237 0.0747
vn -0.7845 -0.6196 0.0234
vn -0.5488 -0.8355 0.0263
vn -0.5403 -0.8381 0.0750
vn -0.2789 -0.9600 0.0264
vn -0.2783 -0.9575 0.0763
vn -0.2654 0.9519 0.1531
vn -0.5089 0.8463 0.1577
vn -0.7042 0.6917 0.1604
vn -0.8409 0.5154 0.1649
vn -0.9462 0.2778 0.1662
vn -0.9875 0.0306 0.1549
vn -0.9801 -0.1349 0.1458
vn -0.9280 -0.3448 0.1410
vn -0.9194 -0.3363 0.2041
vn -0.9694 -0.1262 0.2104
vn -0.7778 -0.6132 0.1378
vn -0.5369 -0.8329 0.1341
vn -0.3093 -0.9435 0.1188
vn -0.2706 0.8986 0.3454
vn -0.2609 0.8594 0.4398
vn -0.5006 0.7977 0.3362
vn -0.4803 0.7537 0.4486
vn -0.6816 0.6493 0.3373
vn -0.6636 0.5971 0.4506
vn -0.6637 0.5970 0.4506
vn -0.6817 0.6493 0.3373
vn -0.3052 0.7686 0.5623
vn -0.9512 0.0623 0.3021
vn -0.9247 0.0778 0.3727
vn -0.9516 -0.1138 0.2854
vn -0.9047 -0.3246 0.2761
vn -0.8881 -0.3107 0.3388
vn -0.9309 -0.0955 0.3525
vn -0.7445 -0.5814 0.3281
vn -0.7572 -0.5948 0.2698
vn -0.7571 -0.5949 0.2698
vn -0.5278 -0.8078 0.2624
vn -0.5351 -0.7836 0.3157
vn -0.7445 -0.5815 0.3281
vn -0.8952 0.0989 0.4346
vn -0.8239 0.3270 0.4628
vn -0.8709 -0.2862 0.3996
vn -0.9072 -0.0748 0.4141
vn -0.7365 -0.5546 0.3874
vn -0.5100 -0.7675 0.3883
vn -0.7364 -0.5547 0.3874
vn -0.8564 0.1309 0.4995
vn -0.7837 0.3389 0.5205
vn -0.8430 -0.2478 0.4774
vn -0.8722 -0.0382 0.4876
vn -0.7234 -0.5138 0.4611
vn -0.4943 -0.7490 0.4412
vn -0.7234 -0.5138 0.4612
vn -0.2409 -0.8702 0.4299
vn -0.2305 -0.9002 0.3695
vn -0.6821 0.5619 0.4680
vn -0.4744 0.7285 0.4941
vn -0.3000 0.8371 0.4574
vn -0.6742 0.5444 0.4991
vn -0.4745 0.7285 0.4941
vn -0.5694 0.6288 0.5296
vn -0.4269 0.7251 0.5404
vn -0.4268 0.7251 0.5404
vn -0.3018 0.7946 0.5268
vn -0.1958 0.8931 0.4051
vn -0.1915 0.8292 0.5252
vn -0.0001 0.8450 0.5348
vn -0.6697 0.1448 0.7284
vn -0.4356 0.0967 0.8949
vn -0.3927 0.1992 0.8978
vn -0.5976 0.2963 0.7451
vn -0.6936 -0.0044 0.7203
vn -0.6720 -0.1753 0.7195
vn -0.4359 -0.1072 0.8936
vn -0.4502 -0.0025 0.8929
vn -0.5813 -0.3607 0.7294
vn -0.4112 -0.5240 0.7459
vn -0.2624 -0.3443 0.9014
vn -0.3769 -0.2426 0.8939
vn -0.1303 -0.4028 0.9059
vn -0.1965 -0.6316 0.7500
vn -0.4011 0.5008 0.7670
vn -0.2639 0.3313 0.9059
vn -0.1928 0.3716 0.9081
vn -0.2928 0.5700 0.7677
vn -0.1601 0.6204 0.7678
vn -0.1038 0.3993 0.9109
vn -0.3245 0.2821 0.9028
vn -0.4939 0.4220 0.7602
vn -0.7746 0.1325 0.6184
vn -0.7020 0.3093 0.6415
vn -0.7958 -0.0230 0.6051
vn -0.7735 -0.1908 0.6044
vn -0.6820 -0.3985 0.6133
vn -0.4836 -0.6239 0.6139
vn -0.2297 -0.7639 0.6031
vn -0.4414 0.6106 0.6576
vn -0.3032 0.6990 0.6477
vn -0.1701 0.7468 0.6429
vn -0.5807 0.4801 0.6575
vn -0.8093 -0.2141 0.5470
vn -0.7102 -0.4565 0.5360
vn -0.2688 0.9325 0.2413
vn -0.5086 0.8255 0.2446
vn -0.6926 0.6791 0.2434
vn -0.9294 0.2809 0.2396
vn -0.8231 0.5135 0.2425
vn -0.9736 0.0461 0.2237
vn -0.7695 -0.6071 0.1982
vn -0.7694 -0.6072 0.1982
vn -0.5363 -0.8210 0.1959
vn -0.2588 0.9659 -0.0000
vn -0.5000 0.8660 -0.0000
vn -0.7015 0.7127 -0.0000
vn -0.8475 0.5308 -0.0000
vn -0.9590 0.2835 -0.0000
vn -0.9997 0.0250 -0.0000
vn -0.9960 -0.0895 -0.0000
vn -0.9938 -0.1115 -0.0000
vn -0.9211 -0.3893 -0.0000
vn -0.7856 -0.6187 -0.0000
vn -0.7855 -0.6188 -0.0000
vn -0.5490 -0.8358 -0.0000
vn -0.2791 -0.9603 -0.0000
vn -0.2595 0.9658 -0.0015
vn -0.4999 0.8661 -0.0026
vn -0.7021 0.7120 -0.0037
vn -0.8482 0.5296 -0.0073
vn -0.9581 0.2863 -0.0062
vn -0.9997 0.0253 0.0005
vn -0.9900 -0.1411 0.0007
vn -0.9363 -0.3512 -0.0087
vn -0.7842 -0.6202 -0.0184
vn -0.7842 -0.6203 -0.0184
vn -0.5462 -0.8372 -0.0268
vn -0.2797 -0.9597 -0.0293
vn -0.2688 0.9632 -0.0078
vn -0.5056 0.8627 -0.0136
vn -0.7079 0.7059 -0.0248
vn -0.8649 0.5010 -0.0321
vn -0.9570 0.2875 -0.0381
vn -0.9980 0.0602 -0.0207
vn -0.9964 0.0667 -0.0514
vn -0.9868 -0.1604 -0.0239
vn -0.9213 -0.3864 -0.0430
vn -0.7686 -0.6364 -0.0655
vn -0.7685 -0.6364 -0.0655
vn -0.5491 -0.8321 -0.0777
vn -0.2927 -0.9525 -0.0843
vn -0.2696 0.9625 -0.0291
vn -0.5197 0.8536 -0.0346
vn -0.7314 0.6803 -0.0481
vn -0.7314 0.6802 -0.0481
vn -0.8619 0.5030 -0.0644
vn -0.9477 0.3105 -0.0737
vn -0.9943 0.0690 -0.0815
vn -0.9804 -0.1722 -0.0959
vn -0.9830 -0.1714 -0.0652
vn -0.8996 -0.4281 -0.0868
vn -0.8923 -0.4365 -0.1149
vn -0.7521 -0.6509 -0.1034
vn -0.7220 -0.6775 -0.1408
vn -0.7219 -0.6775 -0.1408
vn -0.5057 -0.8470 -0.1638
vn -0.5521 -0.8255 -0.1176
vn -0.7521 -0.6509 -0.1035
vn -0.2883 -0.9473 -0.1394
vn -0.2639 -0.9475 -0.1803
vn -0.2611 0.9613 -0.0881
vn -0.5255 0.8462 -0.0881
vn -0.7394 0.6668 -0.0927
vn -0.7395 0.6667 -0.0927
vn -0.8677 0.4873 -0.0985
vn -0.9432 0.3142 -0.1082
vn -0.9883 0.0871 -0.1250
vn -0.9758 -0.1663 -0.1419
vn -0.8737 -0.4594 -0.1602
vn -0.6875 -0.7030 -0.1820
vn -0.6874 -0.7031 -0.1820
vn -0.4908 -0.8489 -0.1963
vn -0.2529 -0.9454 -0.2054
vn -0.2450 0.9586 -0.1451
vn -0.4843 0.8627 -0.1460
vn -0.6923 0.7061 -0.1488
vn -0.6924 0.7060 -0.1487
vn -0.8489 0.5050 -0.1562
vn -0.9557 0.2343 -0.1781
vn -0.9519 0.2552 -0.1697
vn -0.7555 -0.6224 -0.2047
vn -0.5445 -0.8114 -0.2123
vn -0.5445 -0.8115 -0.2123
vn -0.2658 -0.9398 -0.2147
vn -0.9848 0.0715 -0.1586
vn -0.9775 -0.1004 -0.1857
vn -0.9450 -0.2566 -0.2026
vn -0.9754 -0.0876 -0.2022
vn -0.8407 -0.4918 -0.2265
vn -0.5589 -0.8002 -0.2172
vn -0.2944 -0.9316 -0.2134
vn -0.5589 -0.8003 -0.2172
vn -0.9744 0.1150 -0.1931
vn -0.2526 0.9519 -0.1734
vn -0.4737 0.8631 -0.1748
vn -0.6745 0.7153 -0.1828
vn -0.6746 0.7152 -0.1828
vn -0.8886 0.4136 -0.1983
vn -0.8767 -0.3952 -0.2741
vn -0.9671 0.0190 -0.2537
vn -0.6100 -0.7454 -0.2688
vn -0.3217 -0.9131 -0.2507
vn -0.6099 -0.7455 -0.2688
vn -0.2418 0.9415 -0.2347
vn -0.5568 0.7927 -0.2480
vn -0.8674 0.4262 -0.2568
vn -0.9417 0.0182 -0.3360
vn -0.8563 -0.3731 -0.3572
vn -0.5093 -0.7759 -0.3723
vn -0.5092 -0.7760 -0.3723
vn -0.2843 0.8937 -0.3470
vn -0.8480 0.3946 -0.3537
vn -0.5569 0.7927 -0.2480
vn -0.5975 0.7165 -0.3599
vn -0.8964 0.0229 -0.4428
vn -0.8160 -0.3520 -0.4586
vn -0.5287 -0.6887 -0.4961
vn -0.5978 0.6530 -0.4649
vn -0.2844 0.8937 -0.3470
vn -0.3013 0.8327 -0.4646
vn -0.8089 0.3662 -0.4600
vn -0.8778 0.0018 -0.4789
vn -0.8008 -0.3284 -0.5008
vn -0.5271 -0.6457 -0.5525
vn -0.0001 -0.7999 -0.6002
vn -0.0001 -0.8496 -0.5274
vn -0.5044 0.6904 -0.5186
vn -0.0001 0.8678 -0.4970
vn -0.8029 0.3218 -0.5018
vn -0.2022 0.9790 -0.0272
vn -0.2284 0.9734 0.0178
vn -0.0285 0.9914 0.1281
vn 0.0929 0.9954 0.0231
vn -0.3302 0.9153 0.2306
vn -0.2802 0.8768 0.3907
vn -0.7195 0.0868 0.6891
vn -0.6840 0.0274 0.7290
vn -0.4166 -0.9084 -0.0358
vn -0.1232 -0.9906 -0.0603
vn -0.2393 -0.9685 0.0691
vn -0.4524 -0.8915 0.0232
vn -0.4498 -0.8362 0.3139
vn -0.5168 -0.8281 0.2172
vn -0.6840 0.0275 0.7290
vn -0.8000 0.5698 0.1882
vn -0.3925 0.8914 0.2267
vn -0.9365 0.0423 0.3482
vn -0.5386 -0.8223 0.1838
vn 0.0747 0.9952 -0.0632
vn -0.5306 0.8476 -0.0025
vn -0.5544 0.8322 0.0022
vn -0.9893 0.1031 0.1031
vn -0.9774 0.0807 0.1954
vn -0.1536 -0.9847 -0.0819
vn -0.6967 -0.7174 -0.0014
vn -0.7080 -0.7062 0.0024
vn -0.9774 0.0808 0.1953
vn 0.1094 0.9940 -0.0083
vn 0.1256 0.9911 -0.0434
vn -0.0901 -0.9900 -0.1084
vn -0.0826 -0.9883 -0.1283
vn -0.9751 0.0485 0.2163
vn -0.8669 -0.4677 0.1722
vn -0.9751 0.0484 0.2162
vn -0.0819 -0.9915 -0.1012
vn 0.1220 0.9907 -0.0596
vn 0.3827 0.0610 -0.9219
vn 0.3753 0.0001 -0.9269
vn 0.3756 0.0019 -0.9268
vn 0.3827 0.0616 -0.9218
vn -0.4021 -0.8798 0.2534
vn -0.4059 -0.8912 0.2025
vn -0.3796 -0.8546 0.3543
vn -0.4215 -0.8554 0.3009
vn -0.7042 0.6916 0.1604
vn -0.6926 0.6790 0.2434
vn -0.7500 0.3236 0.5769
vn -0.8563 0.1309 0.4995
vn -0.8177 0.1291 0.5611
vn -0.8722 -0.0382 0.4877
vn -0.8333 -0.0331 0.5518
vn -0.4955 -0.7010 0.5129
vn -0.2379 -0.8354 0.4955
vn -0.6211 0.5180 0.5882
vn -0.6688 0.5217 0.5297
vn -0.4518 0.6752 0.5831
vn -0.3023 0.7671 0.5658
vn -0.3017 0.7946 0.5268
vn -0.1915 0.8291 0.5252
vn -0.1824 0.8063 0.5627
vn -0.0000 -0.0000 -1.0000
vn 0.4680 -0.8693 0.1592
vn -0.0000 -0.9526 0.3041
vn -0.4713 -0.8681 0.1559
vn 0.4782 -0.7394 -0.4738
vn -0.4534 -0.7420 -0.4938
vn -0.0000 -0.6950 -0.7190
vn -0.0000 -0.9758 -0.2187
vn -0.7955 -0.6055 -0.0237
vn -0.7914 -0.5651 -0.2329
vn -0.6711 -0.7146 -0.1974
vn -0.6699 -0.7353 -0.1030
vn 0.7866 -0.5922 0.1749
vn -0.7835 -0.6005 0.1600
vn 0.6721 -0.7124 -0.2021
vn 0.7302 -0.6228 -0.2809
vn 0.8035 -0.5946 -0.0291
vn 0.6694 -0.7355 -0.1047
vn -0.7660 -0.4208 -0.4860
vn 0.7649 -0.4641 -0.4466
vn -0.3214 -0.9051 -0.2783
vn 0.3198 -0.9421 -0.1006
vn 0.3214 -0.9051 -0.2783
vn -0.3198 -0.9421 -0.1006
vn -0.0000 -0.2187 0.9758
vn -0.0000 -0.2192 0.9757
vn -0.0000 0.2188 -0.9758
vn -0.0000 0.2189 -0.9757
vn 0.9984 0.0535 0.0160
vn 0.9990 -0.0070 -0.0438
vn 0.9977 0.0420 -0.0533
vn 0.9979 0.0633 0.0165
vn 0.9963 -0.0310 -0.0799
vn 0.9964 0.0377 -0.0763
vn 0.9959 -0.0326 -0.0839
vn -0.0000 0.7140 0.7002
vn 0.9126 0.3004 0.2772
vn -0.0000 0.7900 0.6131
vn 0.8870 0.4129 0.2066
vn 0.9295 0.3688 0.0006
vn 0.9256 0.3726 0.0670
vn 0.9888 0.1216 0.0865
vn -0.0000 0.9980 0.0632
vn 0.3892 0.9073 0.1590
vn 0.6637 0.7269 0.1767
vn -0.0000 0.9559 0.2935
vn 0.0001 0.9848 0.1735
vn 0.8610 0.4976 0.1052
vn 0.8357 0.5047 0.2166
vn 0.8620 0.4016 0.3093
vn -0.0000 0.7858 0.6185
vn -0.0000 0.8747 0.4847
vn 0.9541 0.2807 0.1040
vn 0.9752 0.1819 0.1262
vn 0.9935 0.1034 0.0481
vn -0.0000 0.9829 0.1842
vn -0.9984 0.0535 0.0160
vn -0.9979 0.0633 0.0165
vn -0.9977 0.0420 -0.0533
vn -0.9990 -0.0070 -0.0438
vn -0.9963 -0.0310 -0.0799
vn -0.9964 0.0377 -0.0763
vn -0.9959 -0.0326 -0.0839
vn -0.0000 0.7901 0.6130
vn -0.9126 0.3004 0.2772
vn -0.8870 0.4129 0.2066
vn -0.9888 0.1216 0.0865
vn -0.9256 0.3726 0.0670
vn -0.9295 0.3688 0.0006
vn -0.3892 0.9073 0.1590
vn -0.0001 0.9848 0.1734
vn -0.0000 0.9559 0.2936
vn -0.6637 0.7269 0.1767
vn -0.8610 0.4976 0.1052
vn -0.8357 0.5047 0.2166
vn -0.8620 0.4016 0.3093
vn -0.9541 0.2807 0.1040
vn -0.9752 0.1819 0.1262
vn -0.9935 0.1034 0.0481
vn -0.9128 0.4039 0.0600
vn -0.9924 0.1057 0.0627
vn -0.9785 0.0998 0.1806
vn -0.8999 0.3944 0.1862
vn -0.7457 0.6637 0.0585
vn -0.7323 0.6518 0.1974
vn -0.5049 0.8610 0.0606
vn -0.4940 0.8436 0.2105
vn -0.2102 0.9756 0.0636
vn -0.2063 0.9534 0.2201
vn 0.1020 0.9692 0.2242
vn 0.1050 0.9924 0.0645
vn 0.1051 0.9924 0.0645
vn 0.1021 0.9692 0.2242
vn 0.4004 0.8890 0.2221
vn 0.4118 0.9090 0.0647
vn 0.6582 0.7217 0.2143
vn 0.6734 0.7365 0.0630
vn 0.8511 0.4840 0.2034
vn 0.8678 0.4929 0.0637
vn 0.9606 0.1995 0.1934
vn 0.9766 0.2045 0.0663
vn 0.9766 -0.1051 0.1876
vn 0.9923 -0.1029 0.0694
vn 0.8991 -0.3983 0.1814
vn 0.9135 -0.4009 0.0701
vn 0.7405 -0.6687 0.0676
vn 0.7364 -0.6532 0.1764
vn 0.5006 -0.8637 0.0581
vn 0.5119 -0.8398 0.1810
vn 0.2146 -0.9755 0.0476
vn 0.2203 -0.9572 0.1878
vn -0.1036 -0.9936 0.0459
vn -0.1022 -0.9775 0.1844
vn -0.4088 -0.9114 0.0466
vn -0.1037 -0.9935 0.0459
vn -0.1023 -0.9775 0.1844
vn -0.4102 -0.8930 0.1853
vn -0.6684 -0.7419 0.0522
vn -0.6691 -0.7218 0.1769
vn -0.8639 -0.4999 0.0606
vn -0.8556 -0.4886 0.1709
vn -0.9770 -0.2033 0.0639
vn -0.9634 -0.2039 0.1739
vn -0.9036 0.0810 0.4206
vn -0.8305 0.3542 0.4300
vn -0.6712 0.5909 0.4476
vn -0.4486 0.7619 0.4671
vn -0.1851 0.8561 0.4825
vn 0.0937 0.8682 0.4873
vn 0.0938 0.8682 0.4873
vn 0.3644 0.7982 0.4798
vn 0.6017 0.6515 0.4621
vn 0.7839 0.4384 0.4396
vn 0.8901 0.1749 0.4209
vn 0.9046 -0.1077 0.4125
vn 0.8312 -0.3834 0.4025
vn 0.6727 -0.6260 0.3944
vn 0.4470 -0.7962 0.4078
vn 0.1849 -0.8850 0.4274
vn -0.0926 -0.8979 0.4304
vn -0.0927 -0.8979 0.4304
vn -0.3621 -0.8290 0.4261
vn -0.5991 -0.6894 0.4071
vn -0.7840 -0.4741 0.4008
vn -0.8889 -0.2040 0.4101
vn -0.0029 -0.0608 0.9981
vn -0.0145 -0.0568 0.9983
vn -0.0145 -0.0550 0.9984
vn -0.0093 -0.0563 0.9984
vn -0.0045 -0.0599 0.9982
vn -0.0014 -0.0622 0.9981
vn 0.0032 -0.0617 0.9981
vn 0.0076 -0.0592 0.9982
vn 0.0110 -0.0578 0.9983
vn 0.0112 -0.0618 0.9980
vn -0.0009 -0.0609 0.9981
vn -0.0089 -0.0579 0.9983
vn -0.0149 -0.0471 0.9988
vn -0.0191 -0.0239 0.9995
vn -0.0103 -0.0061 0.9999
vn 0.0055 -0.0004 1.0000
vn 0.0196 -0.0098 0.9998
vn 0.0240 -0.0294 0.9993
vn 0.0144 -0.0513 0.9986
vn 0.0057 -0.0602 0.9982
vn -0.9137 0.4054 -0.0274
vn -0.9943 0.1044 -0.0210
vn -0.9775 -0.2100 -0.0194
vn -0.8622 -0.5061 -0.0208
vn -0.6660 -0.7456 -0.0210
vn -0.4065 -0.9134 -0.0212
vn -0.1043 -0.9943 -0.0228
vn -0.1042 -0.9943 -0.0228
vn 0.2087 -0.9777 -0.0243
vn 0.4951 -0.8684 -0.0278
vn 0.7376 -0.6746 -0.0295
vn 0.9122 -0.4087 -0.0293
vn 0.9940 -0.1045 -0.0314
vn 0.9777 0.2066 -0.0373
vn 0.8695 0.4920 -0.0443
vn 0.6809 0.7309 -0.0472
vn 0.4154 0.9085 -0.0459
vn 0.1038 0.9935 -0.0456
vn 0.1037 0.9936 -0.0456
vn -0.2166 0.9753 -0.0434
vn -0.5152 0.8561 -0.0412
vn -0.7487 0.6620 -0.0356
vn -0.9921 0.1063 -0.0662
vn -0.9106 0.4072 -0.0709
vn -0.9760 -0.2090 -0.0614
vn -0.8619 -0.5039 -0.0573
vn -0.6688 -0.7416 -0.0524
vn -0.4088 -0.9115 -0.0446
vn -0.1049 -0.9936 -0.0419
vn 0.2119 -0.9763 -0.0450
vn 0.4986 -0.8651 -0.0554
vn 0.7372 -0.6725 -0.0649
vn 0.9105 -0.4074 -0.0714
vn 0.9918 -0.1022 -0.0767
vn 0.9746 0.2091 -0.0808
vn 0.8654 0.4941 -0.0838
vn 0.6801 0.7280 -0.0870
vn 0.4147 0.9059 -0.0860
vn 0.1037 0.9911 -0.0836
vn -0.2161 0.9730 -0.0814
vn -0.5137 0.8545 -0.0775
vn -0.7459 0.6619 -0.0746
vn 0.9714 -0.1262 0.2012
vn 0.8864 -0.4186 0.1976
vn 0.7150 -0.6719 0.1929
vn 0.4773 -0.8584 0.1879
vn 0.1967 -0.9630 0.1840
vn -0.1010 -0.9781 0.1822
vn -0.1011 -0.9781 0.1822
vn -0.3897 -0.9026 0.1831
vn -0.6432 -0.7427 0.1863
vn -0.8381 -0.5110 0.1908
vn 0.0111 -0.0579 0.9983
vn -0.9541 -0.2271 0.1952
vn 0.0112 -0.0617 0.9980
vn -0.9770 0.0778 0.1987
vn -0.0009 -0.0608 0.9981
vn -0.9034 0.3770 0.2044
vn -0.0088 -0.0579 0.9983
vn -0.7339 0.6459 0.2102
vn -0.0150 -0.0472 0.9988
vn -0.4891 0.8460 0.2125
vn -0.0192 -0.0239 0.9995
vn -0.2014 0.9560 0.2135
vn 0.1039 0.9713 0.2140
vn 0.0054 -0.0004 1.0000
vn 0.0056 -0.0004 1.0000
vn 0.1040 0.9713 0.2140
vn 0.3988 0.8917 0.2142
vn 0.6561 0.7238 0.2138
vn 0.8526 0.4775 0.2121
vn 0.9616 0.1804 0.2067
vn 0.0056 -0.0602 0.9982
vn 0.9933 -0.1057 -0.0458
vn 0.9113 -0.4085 -0.0512
vn 0.7398 -0.6703 -0.0588
vn 0.4963 -0.8656 -0.0667
vn 0.2050 -0.9760 -0.0729
vn -0.1058 -0.9914 -0.0766
vn -0.1059 -0.9914 -0.0767
vn -0.4062 -0.9105 -0.0775
vn -0.6669 -0.7413 -0.0755
vn -0.8632 -0.4998 -0.0710
vn -0.9757 -0.2089 -0.0656
vn -0.9928 0.1031 -0.0610
vn -0.9138 0.4026 -0.0533
vn -0.7448 0.6659 -0.0428
vn -0.5012 0.8646 -0.0363
vn -0.2091 0.9773 -0.0335
vn 0.1030 0.9942 -0.0313
vn 0.1031 0.9942 -0.0313
vn 0.4053 0.9137 -0.0288
vn 0.6685 0.7433 -0.0273
vn 0.8666 0.4982 -0.0303
vn 0.9780 0.2049 -0.0388
vn -0.0098 -0.0434 -0.9990
vn -0.0099 -0.0434 -0.9990
vn -0.0098 -0.0433 -0.9990
vn -0.9180 0.3957 -0.0275
vn -0.9109 0.4117 -0.0275
vn -0.9790 -0.2019 -0.0274
vn -0.9753 -0.2193 -0.0274
vn -0.6720 -0.7400 -0.0289
vn -0.6641 -0.7471 -0.0289
vn -0.1047 -0.9940 -0.0320
vn -0.1046 -0.9940 -0.0319
vn -0.1045 -0.9940 -0.0319
vn -0.1046 -0.9940 -0.0320
vn 0.5031 -0.8635 -0.0350
vn 0.4940 -0.8688 -0.0350
vn 0.9153 -0.4010 -0.0373
vn 0.9081 -0.4172 -0.0372
vn 0.9760 0.2144 -0.0373
vn 0.9796 0.1973 -0.0373
vn 0.7009 0.7124 -0.0358
vn 0.7072 0.7061 -0.0358
vn 0.1054 0.9938 -0.0347
vn 0.1055 0.9938 -0.0347
vn 0.1053 0.9938 -0.0347
vn -0.5378 0.8426 -0.0294
vn -0.5452 0.8378 -0.0293
vn -0.9802 0.0899 -0.1762
vn -0.8994 0.3952 -0.1865
vn -0.9015 0.3833 -0.2011
vn -0.9781 0.0854 -0.1899
vn -0.9618 -0.2181 -0.1655
vn -0.9594 -0.2200 -0.1767
vn -0.8522 -0.4994 -0.1564
vn -0.8479 -0.5038 -0.1649
vn -0.6585 -0.7375 -0.1498
vn -0.6547 -0.7397 -0.1558
vn -0.3987 -0.9046 -0.1507
vn -0.4009 -0.9044 -0.1462
vn -0.1042 -0.9832 -0.1501
vn -0.1043 -0.9838 -0.1460
vn 0.2002 -0.9676 -0.1540
vn 0.2025 -0.9678 -0.1493
vn -0.1041 -0.9838 -0.1460
vn -0.1041 -0.9832 -0.1501
vn 0.4850 -0.8594 -0.1619
vn 0.4892 -0.8581 -0.1558
vn 0.7229 -0.6689 -0.1731
vn 0.7280 -0.6655 -0.1647
vn 0.8908 -0.4144 -0.1864
vn 0.8937 -0.4131 -0.1752
vn 0.9724 -0.1197 -0.2001
vn 0.9756 -0.1157 -0.1865
vn 0.9593 0.1877 -0.2108
vn 0.9600 0.1998 -0.1963
vn 0.8517 0.4766 -0.2177
vn 0.8502 0.4850 -0.2047
vn 0.6595 0.7180 -0.2224
vn 0.6588 0.7220 -0.2113
vn 0.4005 0.8883 -0.2250
vn 0.3999 0.8911 -0.2147
vn 0.1007 0.9692 -0.2247
vn 0.1010 0.9714 -0.2148
vn -0.2094 0.9524 -0.2215
vn -0.2081 0.9549 -0.2115
vn 0.1009 0.9714 -0.2148
vn 0.1006 0.9692 -0.2247
vn -0.4980 0.8398 -0.2161
vn -0.4964 0.8435 -0.2053
vn -0.7329 0.6514 -0.1964
vn -0.7363 0.6435 -0.2093
vn -0.9818 0.0984 -0.1625
vn -0.9015 0.3962 -0.1740
vn -0.9654 -0.2103 -0.1541
vn -0.8548 -0.4974 -0.1483
vn -0.6607 -0.7367 -0.1439
vn -0.4021 -0.9046 -0.1417
vn -0.1043 -0.9844 -0.1420
vn 0.2037 -0.9683 -0.1448
vn -0.1042 -0.9844 -0.1420
vn 0.4916 -0.8578 -0.1499
vn 0.7311 -0.6641 -0.1566
vn 0.8989 -0.4062 -0.1639
vn 0.9790 -0.1077 -0.1728
vn 0.9624 0.2003 -0.1838
vn 0.8514 0.4874 -0.1938
vn 0.6573 0.7264 -0.2010
vn 0.3988 0.8939 -0.2050
vn 0.1013 0.9735 -0.2052
vn -0.2063 0.9574 -0.2019
vn 0.1012 0.9735 -0.2053
vn -0.4939 0.8474 -0.1950
vn -0.7335 0.6539 -0.1855
vn 0.8336 -0.1066 -0.5420
vn 0.7623 -0.3595 -0.5382
vn -0.0067 -0.0131 -0.9999
vn 0.8233 0.1571 -0.5454
vn 0.7313 0.4057 -0.5483
vn 0.5657 0.6142 -0.5502
vn 0.3427 0.7610 -0.5509
vn 0.0844 0.8308 -0.5502
vn -0.1826 0.8162 -0.5481
vn -0.0066 -0.0132 -0.9999
vn -0.4313 0.7190 -0.5450
vn -0.6366 0.5495 -0.5412
vn -0.7782 0.3255 -0.5371
vn -0.8431 0.0696 -0.5332
vn -0.8259 -0.1927 -0.5299
vn -0.7291 -0.4360 -0.5275
vn -0.5628 -0.6375 -0.5262
vn -0.3433 -0.7782 -0.5259
vn -0.0916 -0.8450 -0.5268
vn 0.1685 -0.8320 -0.5286
vn 0.4125 -0.7400 -0.5313
vn 0.6170 -0.5775 -0.5346
vn -0.9748 -0.2232 0.0051
vn -0.9205 0.3907 0.0048
vn -0.9172 0.3984 0.0048
vn -0.9765 -0.2156 0.0051
vn -0.6626 -0.7490 0.0035
vn -0.6661 -0.7458 0.0035
vn -0.1045 -0.9945 0.0005
vn -0.1046 -0.9945 0.0006
vn 0.4924 -0.8704 -0.0026
vn -0.1044 -0.9945 0.0005
vn -0.1045 -0.9945 0.0006
vn 0.4966 -0.8680 -0.0026
vn 0.9070 -0.4212 -0.0047
vn 0.9103 -0.4138 -0.0048
vn 0.9816 0.1907 -0.0051
vn 0.9800 0.1988 -0.0051
vn 0.6777 0.7353 -0.0035
vn 0.6739 0.7389 -0.0035
vn 0.1045 0.9945 -0.0005
vn -0.5100 0.8602 0.0027
vn 0.1044 0.9945 -0.0005
vn 0.1045 0.9945 -0.0006
vn -0.5055 0.8628 0.0027
vn -0.0097 -0.0433 -0.9990
vn -0.0097 -0.0434 -0.9990
vn -0.0096 -0.0434 -0.9990
vn -0.9246 0.0974 0.3683
vn -0.8334 0.0879 0.5456
vn -0.7654 0.3420 0.5452
vn -0.8492 0.3789 0.3679
vn -0.6221 0.5627 0.5445
vn -0.6904 0.6233 0.3671
vn -0.4176 0.7282 0.5434
vn -0.4639 0.8068 0.3659
vn -0.1720 0.8225 0.5421
vn -0.1918 0.9112 0.3645
vn 0.0907 0.8363 0.5407
vn 0.0992 0.9265 0.3630
vn 0.3448 0.7682 0.5394
vn 0.3808 0.8511 0.3615
vn 0.5655 0.6249 0.5382
vn 0.6253 0.6923 0.3602
vn 0.7310 0.4205 0.5374
vn 0.8087 0.4658 0.3593
vn 0.8253 0.1748 0.5369
vn 0.9131 0.1937 0.3587
vn 0.8391 -0.0879 0.5368
vn 0.9284 -0.0974 0.3586
vn 0.7710 -0.3420 0.5372
vn 0.8529 -0.3789 0.3590
vn 0.6277 -0.5627 0.5379
vn 0.6942 -0.6234 0.3599
vn 0.4233 -0.7282 0.5390
vn 0.4677 -0.8068 0.3611
vn 0.1777 -0.8225 0.5403
vn 0.1956 -0.9112 0.3625
vn -0.0850 -0.8363 0.5417
vn -0.0954 -0.9265 0.3640
vn -0.3392 -0.7682 0.5430
vn -0.3770 -0.8511 0.3655
vn -0.5598 -0.6249 0.5441
vn -0.6214 -0.6923 0.3667
vn -0.7254 -0.4204 0.5450
vn -0.8049 -0.4658 0.3677
vn -0.8197 -0.1748 0.5455
vn -0.9093 -0.1937 0.3682
vn 0.0052 -0.0000 1.0000
vn -0.6170 0.7813 0.0940
vn -0.6171 0.7813 0.0940
vn -0.6171 0.7812 0.0940
vn 0.6171 -0.7813 -0.0940
vn 0.6170 -0.7813 -0.0940
vn 0.6171 -0.7812 -0.0940
vn 0.9128 0.4039 0.0600
vn 0.8999 0.3944 0.1862
vn 0.9785 0.0998 0.1806
vn 0.9924 0.1057 0.0627
vn 0.7457 0.6637 0.0585
vn 0.7323 0.6518 0.1974
vn 0.5049 0.8610 0.0606
vn 0.4940 0.8436 0.2105
vn 0.2102 0.9756 0.0636
vn 0.2063 0.9534 0.2201
vn -0.1050 0.9924 0.0645
vn -0.1020 0.9692 0.2242
vn -0.1051 0.9924 0.0645
vn -0.4118 0.9090 0.0647
vn -0.4004 0.8890 0.2221
vn -0.1021 0.9692 0.2242
vn -0.6734 0.7365 0.0630
vn -0.6582 0.7217 0.2143
vn -0.8678 0.4929 0.0637
vn -0.8511 0.4840 0.2034
vn -0.9766 0.2045 0.0663
vn -0.9606 0.1995 0.1934
vn -0.9923 -0.1029 0.0694
vn -0.9766 -0.1051 0.1876
vn -0.9135 -0.4009 0.0701
vn -0.8991 -0.3983 0.1814
vn -0.7404 -0.6687 0.0676
vn -0.7364 -0.6532 0.1764
vn -0.5006 -0.8637 0.0581
vn -0.5119 -0.8398 0.1810
vn -0.2146 -0.9755 0.0476
vn -0.2203 -0.9572 0.1878
vn 0.1036 -0.9936 0.0459
vn 0.1022 -0.9775 0.1844
vn 0.4088 -0.9115 0.0466
vn 0.4102 -0.8930 0.1853
vn 0.1023 -0.9775 0.1844
vn 0.1037 -0.9935 0.0459
vn 0.6684 -0.7419 0.0522
vn 0.6691 -0.7218 0.1769
vn 0.8639 -0.4999 0.0606
vn 0.8556 -0.4886 0.1709
vn 0.9770 -0.2033 0.0639
vn 0.9634 -0.2039 0.1739
vn 0.8305 0.3542 0.4300
vn 0.9036 0.0810 0.4206
vn 0.6712 0.5909 0.4476
vn 0.4486 0.7619 0.4671
vn 0.1851 0.8561 0.4825
vn -0.0937 0.8682 0.4873
vn -0.3644 0.7982 0.4798
vn -0.0938 0.8682 0.4873
vn -0.6017 0.6515 0.4621
vn -0.7839 0.4384 0.4396
vn -0.8901 0.1749 0.4209
vn -0.9046 -0.1077 0.4124
vn -0.8312 -0.3834 0.4026
vn -0.6727 -0.6260 0.3944
vn -0.4470 -0.7962 0.4078
vn -0.1849 -0.8850 0.4274
vn 0.0926 -0.8979 0.4304
vn 0.3621 -0.8290 0.4261
vn 0.0927 -0.8979 0.4304
vn 0.5991 -0.6894 0.4071
vn 0.7840 -0.4741 0.4008
vn 0.8889 -0.2040 0.4101
vn 0.0145 -0.0568 0.9983
vn 0.0029 -0.0608 0.9981
vn 0.0145 -0.0550 0.9984
vn 0.0092 -0.0563 0.9984
vn 0.0044 -0.0599 0.9982
vn 0.0014 -0.0622 0.9981
vn -0.0032 -0.0617 0.9981
vn 0.0013 -0.0622 0.9981
vn -0.0076 -0.0593 0.9982
vn -0.0111 -0.0579 0.9983
vn -0.0112 -0.0618 0.9980
vn 0.0009 -0.0609 0.9981
vn 0.0089 -0.0579 0.9983
vn 0.0150 -0.0472 0.9988
vn 0.0192 -0.0239 0.9995
vn 0.0103 -0.0061 0.9999
vn -0.0055 -0.0004 1.0000
vn -0.0196 -0.0097 0.9998
vn -0.0054 -0.0004 1.0000
vn -0.0240 -0.0294 0.9993
vn -0.0144 -0.0513 0.9986
vn -0.0057 -0.0602 0.9982
vn 0.9943 0.1044 -0.0210
vn 0.9137 0.4054 -0.0274
vn 0.9775 -0.2100 -0.0194
vn 0.8622 -0.5061 -0.0208
vn 0.6660 -0.7456 -0.0210
vn 0.4065 -0.9134 -0.0212
vn 0.1043 -0.9943 -0.0228
vn -0.2087 -0.9777 -0.0243
vn 0.1042 -0.9943 -0.0228
vn -0.4951 -0.8684 -0.0278
vn -0.7376 -0.6746 -0.0295
vn -0.9122 -0.4087 -0.0293
vn -0.9940 -0.1045 -0.0314
vn -0.9777 0.2066 -0.0373
vn -0.8694 0.4920 -0.0443
vn -0.6809 0.7309 -0.0472
vn -0.4155 0.9085 -0.0459
vn -0.1038 0.9935 -0.0456
vn 0.2166 0.9753 -0.0434
vn -0.1037 0.9936 -0.0456
vn 0.5152 0.8561 -0.0412
vn 0.7487 0.6620 -0.0356
vn 0.9921 0.1063 -0.0662
vn 0.9106 0.4072 -0.0709
vn 0.9760 -0.2090 -0.0614
vn 0.8619 -0.5039 -0.0573
vn 0.6688 -0.7416 -0.0524
vn 0.4088 -0.9115 -0.0446
vn 0.1049 -0.9936 -0.0419
vn -0.2119 -0.9763 -0.0450
vn -0.4985 -0.8651 -0.0554
vn -0.7372 -0.6725 -0.0649
vn -0.9105 -0.4074 -0.0714
vn -0.9918 -0.1022 -0.0767
vn -0.9746 0.2091 -0.0808
vn -0.8653 0.4941 -0.0838
vn -0.6801 0.7280 -0.0870
vn -0.4147 0.9059 -0.0860
vn -0.1037 0.9911 -0.0836
vn 0.2160 0.9730 -0.0814
vn 0.5137 0.8545 -0.0775
vn 0.7459 0.6619 -0.0746
vn -0.8864 -0.4186 0.1976
vn -0.9714 -0.1262 0.2012
vn -0.7150 -0.6720 0.1929
vn 0.0093 -0.0563 0.9984
vn -0.4773 -0.8584 0.1879
vn -0.1967 -0.9630 0.1840
vn 0.1010 -0.9781 0.1822
vn 0.3897 -0.9026 0.1831
vn 0.1011 -0.9781 0.1822
vn 0.6432 -0.7427 0.1863
vn 0.8381 -0.5110 0.1908
vn -0.0112 -0.0617 0.9980
vn 0.9541 -0.2271 0.1952
vn 0.9770 0.0778 0.1987
vn 0.0088 -0.0579 0.9983
vn 0.9034 0.3770 0.2044
vn 0.7339 0.6459 0.2102
vn 0.4891 0.8460 0.2125
vn 0.2014 0.9560 0.2135
vn -0.1039 0.9713 0.2140
vn -0.0196 -0.0098 0.9998
vn -0.3988 0.8917 0.2142
vn -0.1040 0.9713 0.2140
vn -0.6561 0.7238 0.2138
vn -0.8526 0.4776 0.2121
vn -0.9616 0.1804 0.2067
vn -0.9933 -0.1057 -0.0458
vn -0.9113 -0.4085 -0.0512
vn -0.7398 -0.6703 -0.0588
vn -0.4963 -0.8656 -0.0667
vn -0.2050 -0.9760 -0.0729
vn 0.1058 -0.9914 -0.0766
vn 0.4062 -0.9105 -0.0775
vn 0.1059 -0.9914 -0.0766
vn 0.6669 -0.7413 -0.0755
vn 0.8632 -0.4998 -0.0710
vn 0.9757 -0.2089 -0.0656
vn 0.9928 0.1031 -0.0610
vn 0.9138 0.4026 -0.0533
vn 0.7448 0.6659 -0.0428
vn 0.5012 0.8646 -0.0363
vn 0.2091 0.9773 -0.0335
vn -0.1030 0.9941 -0.0325
vn -0.1031 0.9942 -0.0313
vn -0.4053 0.9137 -0.0288
vn -0.6685 0.7433 -0.0273
vn -0.8666 0.4982 -0.0303
vn -0.9780 0.2049 -0.0388
vn 0.0098 -0.0434 -0.9990
vn 0.0098 -0.0433 -0.9990
vn 0.0099 -0.0434 -0.9990
vn 0.9180 0.3957 -0.0275
vn 0.9753 -0.2193 -0.0274
vn 0.9790 -0.2019 -0.0274
vn 0.9109 0.4117 -0.0275
vn 0.6641 -0.7471 -0.0289
vn 0.6720 -0.7400 -0.0289
vn 0.1046 -0.9940 -0.0320
vn 0.1047 -0.9940 -0.0319
vn 0.1045 -0.9940 -0.0319
vn -0.4940 -0.8688 -0.0350
vn -0.5031 -0.8635 -0.0351
vn -0.9081 -0.4172 -0.0372
vn -0.9153 -0.4010 -0.0373
vn -0.9796 0.1973 -0.0373
vn -0.9760 0.2144 -0.0373
vn -0.7072 0.7062 -0.0358
vn -0.7009 0.7124 -0.0358
vn -0.1055 0.9938 -0.0347
vn -0.1054 0.9938 -0.0347
vn -0.1054 0.9938 -0.0349
vn 0.5452 0.8378 -0.0294
vn 0.5378 0.8426 -0.0294
vn -0.1053 0.9938 -0.0347
vn 0.9802 0.0899 -0.1762
vn 0.9781 0.0854 -0.1899
vn 0.9015 0.3833 -0.2011
vn 0.8994 0.3952 -0.1865
vn 0.9618 -0.2181 -0.1655
vn 0.9594 -0.2200 -0.1767
vn 0.8522 -0.4994 -0.1564
vn 0.8479 -0.5038 -0.1649
vn 0.6585 -0.7375 -0.1498
vn 0.6547 -0.7397 -0.1558
vn 0.3987 -0.9046 -0.1506
vn 0.4009 -0.9044 -0.1462
vn 0.1042 -0.9832 -0.1501
vn 0.1043 -0.9838 -0.1460
vn -0.2002 -0.9676 -0.1540
vn 0.1041 -0.9832 -0.1502
vn 0.1041 -0.9838 -0.1460
vn -0.2025 -0.9678 -0.1493
vn -0.4850 -0.8594 -0.1619
vn -0.4892 -0.8581 -0.1558
vn -0.7229 -0.6689 -0.1731
vn -0.7281 -0.6654 -0.1647
vn -0.8908 -0.4144 -0.1864
vn -0.8937 -0.4131 -0.1752
vn -0.9724 -0.1197 -0.2001
vn -0.9756 -0.1157 -0.1865
vn -0.9593 0.1877 -0.2108
vn -0.9600 0.1998 -0.1963
vn -0.8517 0.4766 -0.2177
vn -0.8502 0.4850 -0.2047
vn -0.6595 0.7180 -0.2224
vn -0.6588 0.7220 -0.2113
vn -0.4005 0.8883 -0.2250
vn -0.3999 0.8911 -0.2147
vn -0.1007 0.9692 -0.2247
vn -0.1010 0.9714 -0.2148
vn 0.2094 0.9524 -0.2215
vn -0.1006 0.9692 -0.2247
vn -0.1009 0.9714 -0.2148
vn 0.2081 0.9549 -0.2115
vn 0.4980 0.8398 -0.2161
vn 0.4964 0.8435 -0.2053
vn 0.7329 0.6514 -0.1964
vn 0.7363 0.6435 -0.2093
vn 0.9818 0.0984 -0.1625
vn 0.9015 0.3962 -0.1740
vn 0.9654 -0.2103 -0.1541
vn 0.8548 -0.4974 -0.1483
vn 0.6607 -0.7368 -0.1439
vn 0.4021 -0.9046 -0.1417
vn 0.1043 -0.9844 -0.1420
vn 0.1042 -0.9844 -0.1420
vn -0.2037 -0.9683 -0.1448
vn -0.4916 -0.8578 -0.1499
vn -0.7311 -0.6641 -0.1566
vn -0.8989 -0.4062 -0.1639
vn -0.9790 -0.1077 -0.1728
vn -0.9624 0.2002 -0.1838
vn -0.8514 0.4874 -0.1938
vn -0.6573 0.7264 -0.2010
vn -0.3988 0.8939 -0.2050
vn -0.1012 0.9735 -0.2053
vn 0.2063 0.9574 -0.2019
vn 0.4939 0.8474 -0.1950
vn 0.7335 0.6539 -0.1855
vn -0.8336 -0.1066 -0.5420
vn 0.0067 -0.0132 -0.9999
vn -0.7623 -0.3595 -0.5382
vn -0.8233 0.1571 -0.5454
vn -0.7313 0.4057 -0.5483
vn -0.5657 0.6142 -0.5502
vn -0.3427 0.7610 -0.5509
vn -0.0844 0.8308 -0.5502
vn 0.1826 0.8162 -0.5481
vn 0.0066 -0.0131 -0.9999
vn 0.4313 0.7190 -0.5450
vn 0.6366 0.5495 -0.5412
vn 0.7782 0.3255 -0.5371
vn 0.8431 0.0696 -0.5332
vn 0.8259 -0.1927 -0.5299
vn 0.7291 -0.4360 -0.5275
vn 0.5628 -0.6375 -0.5262
vn 0.3433 -0.7782 -0.5259
vn 0.0916 -0.8451 -0.5268
vn -0.1685 -0.8320 -0.5286
vn -0.4125 -0.7400 -0.5313
vn -0.6170 -0.5775 -0.5346
vn 0.9747 -0.2233 0.0051
vn 0.9765 -0.2155 0.0051
vn 0.9173 0.3983 0.0048
vn 0.9205 0.3907 0.0048
vn 0.6625 -0.7490 0.0035
vn 0.6662 -0.7458 0.0035
vn 0.1046 -0.9945 0.0005
vn 0.1045 -0.9945 0.0006
vn -0.4923 -0.8704 -0.0026
vn -0.4966 -0.8680 -0.0026
vn 0.1045 -0.9945 0.0005
vn -0.9070 -0.4211 -0.0048
vn -0.9103 -0.4138 -0.0048
vn -0.9816 0.1908 -0.0051
vn -0.9800 0.1988 -0.0051
vn -0.6778 0.7353 -0.0035
vn -0.6739 0.7388 -0.0035
vn -0.1046 0.9945 -0.0005
vn 0.5100 0.8602 0.0027
vn 0.5055 0.8628 0.0026
vn -0.1045 0.9945 -0.0006
vn -0.1045 0.9945 -0.0005
vn 0.0101 -0.0432 -0.9990
vn 0.0097 -0.0433 -0.9990
vn 0.0095 -0.0432 -0.9990
vn 0.9246 0.0974 0.3683
vn 0.8491 0.3789 0.3679
vn 0.7654 0.3420 0.5452
vn 0.8334 0.0879 0.5456
vn 0.6904 0.6234 0.3671
vn 0.6221 0.5627 0.5445
vn 0.4639 0.8068 0.3659
vn 0.4176 0.7282 0.5434
vn 0.1918 0.9112 0.3645
vn 0.1720 0.8225 0.5421
vn -0.0992 0.9265 0.3630
vn -0.0907 0.8363 0.5407
vn -0.3808 0.8511 0.3615
vn -0.3449 0.7682 0.5394
vn -0.6253 0.6923 0.3602
vn -0.5655 0.6249 0.5382
vn -0.8087 0.4658 0.3593
vn -0.7311 0.4204 0.5374
vn -0.9131 0.1937 0.3587
vn -0.8254 0.1748 0.5369
vn -0.9284 -0.0974 0.3586
vn -0.8391 -0.0879 0.5368
vn -0.8530 -0.3789 0.3590
vn -0.7710 -0.3420 0.5372
vn -0.6942 -0.6233 0.3599
vn -0.6277 -0.5627 0.5379
vn -0.4677 -0.8068 0.3611
vn -0.4233 -0.7282 0.5390
vn -0.1956 -0.9112 0.3625
vn -0.1777 -0.8225 0.5403
vn 0.0954 -0.9265 0.3640
vn 0.0850 -0.8363 0.5417
vn 0.3770 -0.8511 0.3655
vn 0.3392 -0.7682 0.5430
vn 0.6214 -0.6923 0.3668
vn 0.5598 -0.6249 0.5441
vn 0.8049 -0.4658 0.3677
vn 0.7254 -0.4204 0.5450
vn 0.9093 -0.1937 0.3683
vn 0.8197 -0.1748 0.5455
vn -0.0052 -0.0000 1.0000
vn 0.6170 0.7813 0.0940
vn 0.6171 0.7813 0.0940
vn -0.6171 -0.7813 -0.0940
vn -0.6170 -0.7813 -0.0940
vn -0.9996 -0.0281 -0.0026
vn -0.9978 -0.0645 -0.0155
vn -0.9687 -0.2477 -0.0143
vn -0.9710 -0.2388 -0.0091
vn 0.9992 -0.0407 -0.0038
vn 0.9896 0.1441 -0.0052
vn 0.9810 0.1937 0.0083
vn 0.9995 -0.0303 0.0008
vn 0.8874 0.4610 0.0008
vn 0.8257 0.5638 0.0186
vn 0.8256 0.5639 0.0186
vn 0.8874 0.4611 0.0008
vn 0.4962 0.8680 0.0204
vn 0.4937 0.8690 0.0345
vn 0.0711 0.9972 0.0219
vn 0.0692 0.9965 0.0469
vn -0.2771 0.9606 0.0201
vn -0.2753 0.9603 0.0451
vn -0.6661 0.7458 0.0143
vn -0.6638 0.7473 0.0285
vn -0.9639 0.2663 -0.0086
vn -0.9296 0.3684 0.0088
vn -0.9639 0.2662 -0.0086
vn -0.9297 0.3683 0.0088
vn -0.9779 -0.2084 -0.0158
vn -1.0000 -0.0028 -0.0010
vn 0.9787 0.2051 0.0093
vn 1.0000 -0.0005 -0.0054
vn 0.7569 0.6519 0.0467
vn 0.7568 0.6519 0.0467
vn 0.3686 0.9256 0.0856
vn 0.0501 0.9938 0.0993
vn -0.2566 0.9616 0.0977
vn -0.5539 0.8287 0.0808
vn -0.8763 0.4803 0.0381
vn -0.8763 0.4802 0.0381
vn -0.9145 0.4019 0.0464
vn 0.8104 0.5833 0.0554
vn 0.2445 0.9616 0.1250
vn 0.2445 0.9615 0.1250
vn 0.1084 0.9844 0.1387
vn -0.1042 0.9845 0.1414
vn -0.4404 0.8896 0.1214
vn -0.3121 0.9402 0.1365
vn 0.0037 0.0146 -0.9999
vn 0.0037 0.0148 -0.9999
vn -0.9658 -0.2548 -0.0486
vn -0.9577 -0.2844 -0.0441
vn 0.9981 -0.0484 -0.0383
vn 0.9915 -0.1304 0.0032
vn 0.9963 -0.0790 -0.0339
vn 0.9931 -0.0720 -0.0930
vn 0.1045 -0.9945 0.0052
vn 0.1042 -0.9936 0.0446
vn -0.9515 -0.2918 -0.0973
vn -0.9554 -0.2768 -0.1032
vn 0.9884 -0.0992 -0.1147
vn 0.9923 -0.0879 -0.0877
vn 0.1046 -0.9937 -0.0405
vn -0.9449 -0.3028 -0.1245
vn -0.9427 -0.3337 -0.0069
vn 0.9869 -0.1071 -0.1206
vn 0.9854 -0.0990 -0.1388
vn -0.9421 -0.2993 -0.1512
vn -0.9406 -0.3115 -0.1350
vn 0.9793 -0.0831 -0.1845
vn 0.9774 -0.0621 -0.2022
vn -0.9387 -0.2847 -0.1946
vn -0.9410 -0.2637 -0.2122
vn 0.1849 0.9797 -0.0777
vn 0.1910 0.9635 -0.1876
vn 0.1832 0.9755 -0.1220
vn 0.1802 0.9817 -0.0617
vn -0.0659 -0.0254 0.9975
vn -0.1788 -0.7901 0.5863
vn -0.1776 -0.7800 0.6000
vn -0.0853 -0.1388 0.9866
vn 0.1292 0.8734 0.4696
vn -0.0658 -0.0255 0.9975
vn 0.1269 0.8637 0.4878
vn 0.1704 0.9800 0.1031
vn 0.1711 0.9786 0.1147
vn 1.0000 0.0001 -0.0000
vn 1.0000 -0.0001 -0.0000
vn -0.1744 -0.9831 -0.0552
vn -0.1744 -0.9831 -0.0553
vn -0.9959 0.0471 -0.0777
vn -0.9946 0.0683 -0.0783
vn -0.9946 0.0853 -0.0590
vn -0.9950 0.0902 -0.0424
vn -0.9942 0.0878 -0.0628
vn -0.9937 0.0882 -0.0698
vn -0.9958 0.0458 -0.0795
vn -0.9966 0.0302 -0.0768
vn 0.1768 0.5837 -0.7925
vn 0.0139 -0.3782 -0.9256
vn 0.0420 -0.2427 -0.9692
vn 0.1680 0.5030 -0.8478
vn -0.1400 -0.9293 -0.3417
vn -0.1469 -0.9479 -0.2827
vn 0.9680 -0.2485 0.0340
vn 0.9700 -0.2431 -0.0000
vn 0.9128 -0.2804 0.2969
vn 0.9053 -0.2822 0.3175
vn -0.9946 0.0979 0.0342
vn -0.9518 0.0511 0.3025
vn -0.9577 0.0549 0.2826
vn -0.9946 0.1033 0.0001
vn 0.1269 0.2600 -0.9572
vn 0.1631 0.9254 0.3420
vn 0.1632 0.9254 0.3420
vn -0.1631 -0.9254 -0.3420
vn 0.9848 -0.1736 -0.0000
vn 0.9848 -0.1737 -0.0000
vn -0.9848 0.1737 -0.0000
vn -0.9848 0.1736 -0.0000
vn 0.1732 0.9826 -0.0669
vn 0.1732 0.9826 -0.0670
vn -0.1733 -0.9826 0.0665
vn -0.9958 0.0568 -0.0716
vn -0.9958 0.0607 -0.0680
vn -0.9957 0.0506 -0.0773
vn -0.9957 0.0485 -0.0792
vn 0.1876 0.9747 -0.1219
vn 0.1708 0.9820 0.0809
vn 0.1727 0.9801 0.0983
vn 0.1971 0.9623 -0.1874
vn -0.1670 -0.5038 0.8475
vn -0.0410 0.2430 0.9691
vn -0.0147 0.3787 0.9254
vn -0.1778 -0.5839 0.7921
vn -0.0146 0.3786 0.9254
vn -0.0410 0.2430 0.9692
vn 0.2047 -0.9529 -0.2236
vn 0.2322 -0.9580 -0.1683
vn -0.5031 -0.8472 -0.1705
vn -0.5198 -0.8224 -0.2312
vn 0.9802 -0.1697 -0.1018
vn 0.8283 -0.5421 -0.1414
vn 0.8262 -0.5324 -0.1840
vn 0.9497 0.2324 -0.2098
vn 0.8262 -0.5325 -0.1841
vn 0.8283 -0.5422 -0.1414
vn 0.1140 -0.9356 -0.3341
vn -0.4339 -0.8402 -0.3252
vn 0.7578 -0.5754 -0.3076
vn 0.9368 0.1970 -0.2891
vn -0.7692 0.5963 -0.2296
vn 0.9497 0.2325 -0.2098
vn 0.5258 0.7966 -0.2983
vn -0.1301 0.9451 -0.2998
vn -0.7693 0.5962 -0.2297
vn -0.7757 0.5528 -0.3044
vn -0.9084 -0.2924 -0.2990
vn -0.9560 -0.2214 -0.1927
vn -0.9559 -0.2215 -0.1927
vn 0.6421 -0.5214 -0.5619
vn -0.0010 -0.0056 -1.0000
vn 0.7741 0.3077 -0.5533
vn -0.6220 0.5498 -0.5575
vn -0.0009 -0.0055 -1.0000
vn -0.7808 -0.2679 -0.5644
vn 0.1455 0.8077 -0.5713
vn 0.6422 -0.5214 -0.5619
vn -0.1359 -0.7842 -0.6054
vn -0.0010 -0.0055 -1.0000
vn -0.9579 -0.2463 -0.1474
vn -0.9789 0.1742 -0.1065
vn -0.9579 -0.2464 -0.1474
vn -0.0872 -0.0001 0.9962
vn -0.0871 -0.0000 0.9962
vn -0.0872 -0.0000 0.9962
vn 0.9742 -0.2197 -0.0521
vn 0.9727 -0.2305 -0.0283
vn 0.9745 -0.2169 -0.0582
vn -0.9906 0.1264 -0.0526
vn -0.9899 0.1291 -0.0587
vn -0.9929 0.1158 -0.0283
vn -0.9946 0.1034 -0.0000
vn -0.1274 -0.2599 0.9572
vn -0.1849 0.9797 -0.0777
vn -0.1802 0.9817 -0.0617
vn -0.1832 0.9755 -0.1220
vn -0.1910 0.9635 -0.1876
vn 0.0658 -0.0254 0.9975
vn 0.0853 -0.1388 0.9866
vn 0.1776 -0.7800 0.6000
vn 0.1788 -0.7900 0.5864
vn -0.1291 0.8734 0.4696
vn -0.1269 0.8637 0.4878
vn 0.0658 -0.0255 0.9975
vn -0.1704 0.9800 0.1031
vn -0.1711 0.9786 0.1147
vn -1.0000 -0.0001 -0.0000
vn -1.0000 0.0001 -0.0000
vn 0.1744 -0.9831 -0.0553
vn 0.1744 -0.9831 -0.0552
vn 0.9958 0.0458 -0.0795
vn 0.9937 0.0882 -0.0698
vn 0.9942 0.0878 -0.0628
vn 0.9950 0.0902 -0.0424
vn 0.9946 0.0853 -0.0590
vn 0.9946 0.0684 -0.0783
vn 0.9959 0.0471 -0.0777
vn 0.9966 0.0302 -0.0768
vn -0.1768 0.5835 -0.7927
vn -0.1680 0.5030 -0.8478
vn -0.0420 -0.2427 -0.9692
vn -0.0139 -0.3783 -0.9256
vn 0.1400 -0.9293 -0.3417
vn 0.1469 -0.9479 -0.2826
vn -0.9680 -0.2485 0.0340
vn -0.9053 -0.2822 0.3175
vn -0.9128 -0.2804 0.2969
vn -0.9700 -0.2431 -0.0001
vn 0.9946 0.0979 0.0342
vn 0.9946 0.1033 -0.0000
vn 0.9577 0.0549 0.2826
vn 0.9518 0.0511 0.3025
vn -0.1269 0.2600 -0.9572
vn -0.1632 0.9254 0.3420
vn -0.1631 0.9254 0.3420
vn 0.1633 -0.9254 -0.3420
vn 0.1632 -0.9254 -0.3420
vn -0.9848 -0.1736 -0.0000
vn -0.9848 -0.1737 -0.0000
vn 0.9848 0.1736 -0.0000
vn -0.1732 0.9826 -0.0670
vn 0.9848 0.1737 -0.0000
vn 0.1734 -0.9826 0.0665
vn 0.1732 -0.9826 0.0666
vn 0.9958 0.0570 -0.0716
vn 0.9957 0.0486 -0.0792
vn 0.9957 0.0507 -0.0773
vn 0.9958 0.0606 -0.0680
vn -0.1876 0.9747 -0.1219
vn -0.1971 0.9623 -0.1874
vn -0.1727 0.9801 0.0984
vn -0.1708 0.9820 0.0809
vn -1.0000 -0.0000 0.0001
vn 0.1670 -0.5037 0.8476
vn 0.1778 -0.5839 0.7921
vn 0.0146 0.3786 0.9254
vn 0.0410 0.2430 0.9692
vn 0.0411 0.2430 0.9692
vn -0.2048 -0.9529 -0.2236
vn 0.5199 -0.8224 -0.2312
vn 0.5031 -0.8473 -0.1704
vn -0.2322 -0.9580 -0.1683
vn -0.9802 -0.1698 -0.1018
vn -0.9497 0.2324 -0.2098
vn -0.8262 -0.5324 -0.1840
vn -0.8283 -0.5421 -0.1414
vn -0.8262 -0.5325 -0.1840
vn -0.8282 -0.5422 -0.1415
vn -0.1140 -0.9356 -0.3341
vn 0.4339 -0.8402 -0.3252
vn -0.9368 0.1970 -0.2891
vn -0.7578 -0.5754 -0.3076
vn 0.7692 0.5963 -0.2296
vn 0.1297 0.9452 -0.2997
vn -0.5260 0.7965 -0.2983
vn -0.9497 0.2325 -0.2098
vn 0.7693 0.5962 -0.2297
vn 0.9560 -0.2214 -0.1927
vn 0.9084 -0.2924 -0.2990
vn 0.7757 0.5528 -0.3044
vn 0.9559 -0.2215 -0.1927
vn -0.9368 0.1971 -0.2891
vn -0.6421 -0.5214 -0.5619
vn -0.7740 0.3077 -0.5534
vn 0.0010 -0.0055 -1.0000
vn 0.6220 0.5498 -0.5576
vn 0.7808 -0.2679 -0.5644
vn 0.0009 -0.0055 -1.0000
vn -0.1455 0.8075 -0.5716
vn -0.7741 0.3077 -0.5533
vn 0.6220 0.5498 -0.5575
vn -0.6421 -0.5214 -0.5620
vn 0.1359 -0.7844 -0.6052
vn 0.9789 0.1742 -0.1064
vn 0.9579 -0.2463 -0.1474
vn 0.9579 -0.2464 -0.1474
vn 0.0872 0.0001 0.9962
vn 0.0872 -0.0001 0.9962
vn 0.0871 -0.0000 0.9962
vn 0.0872 -0.0000 0.9962
vn -0.9742 -0.2197 -0.0521
vn -0.9745 -0.2169 -0.0582
vn -0.9727 -0.2305 -0.0283
vn -0.9700 -0.2431 -0.0000
vn 0.9906 0.1264 -0.0526
vn 0.9929 0.1158 -0.0283
vn 0.9899 0.1291 -0.0588
vn 0.1271 -0.2600 0.9572
vn 0.8213 -0.3918 -0.4148
vn -0.0061 -0.0079 -1.0000
vn 0.9008 -0.1192 -0.4175
vn 0.8922 0.1667 -0.4197
vn 0.7945 0.4375 -0.4212
vn 0.6159 0.6654 -0.4219
vn 0.3737 0.8262 -0.4216
vn 0.0927 0.9025 -0.4205
vn 0.0926 0.9025 -0.4205
vn -0.0060 -0.0079 -1.0000
vn -0.1982 0.8863 -0.4186
vn -0.4684 0.7793 -0.4162
vn -0.6905 0.5936 -0.4134
vn -0.8424 0.3490 -0.4106
vn -0.9102 0.0712 -0.4080
vn -0.8890 -0.2120 -0.4058
vn -0.7826 -0.4733 -0.4043
vn -0.6027 -0.6883 -0.4037
vn -0.3670 -0.8380 -0.4039
vn -0.0977 -0.9091 -0.4049
vn -0.0976 -0.9091 -0.4049
vn 0.1806 -0.8955 -0.4067
vn 0.4422 -0.7982 -0.4091
vn 0.6629 -0.6252 -0.4119
vn -0.4091 -0.9100 -0.0668
vn -0.6683 -0.7389 -0.0856
vn -0.4171 -0.9049 -0.0851
vn -0.1049 -0.9911 -0.0819
vn -0.1051 -0.9922 -0.0665
vn 0.5008 -0.8607 -0.0911
vn 0.2103 -0.9751 -0.0703
vn 0.2144 -0.9730 -0.0855
vn 0.4159 0.9009 -0.1241
vn 0.6803 0.7205 -0.1348
vn 0.4227 0.8950 -0.1429
vn 0.1027 0.9849 -0.1392
vn 0.1031 0.9870 -0.1236
vn -0.2193 0.9662 -0.1355
vn -0.2174 0.9686 -0.1209
vn 0.1030 0.9870 -0.1236
vn 0.1026 0.9849 -0.1392
vn -0.5165 0.8471 -0.1252
vn -0.1048 -0.9911 -0.0819
vn -0.1044 -0.9898 -0.0971
vn 0.2062 -0.9734 -0.1002
vn -0.1050 -0.9922 -0.0665
vn -0.9884 0.1048 -0.1096
vn -0.9891 0.0986 -0.1093
vn -0.9100 0.3985 -0.1144
vn -0.9073 0.4045 -0.1148
vn -0.9729 -0.2065 -0.1038
vn -0.9714 -0.2141 -0.1025
vn -0.8619 -0.4979 -0.0966
vn -0.8574 -0.5058 -0.0945
vn -0.6660 -0.7406 -0.0892
vn -0.4088 -0.9080 -0.0924
vn 0.5002 -0.8603 -0.0984
vn 0.7384 -0.6664 -0.1030
vn 0.7321 -0.6731 -0.1047
vn 0.9076 -0.4045 -0.1125
vn 0.9043 -0.4116 -0.1134
vn 0.9874 -0.1033 -0.1198
vn 0.9867 -0.1094 -0.1199
vn 0.9703 0.2076 -0.1243
vn 0.9716 0.2011 -0.1245
vn 0.8585 0.4965 -0.1282
vn 0.8635 0.4874 -0.1298
vn 0.6635 0.7361 -0.1337
vn 0.4072 0.9012 -0.1484
vn 0.1022 0.9826 -0.1552
vn -0.2066 0.9665 -0.1522
vn 0.1021 0.9826 -0.1552
vn -0.5002 0.8550 -0.1370
vn -0.7386 0.6629 -0.1225
vn -0.7469 0.6541 -0.1196
vn -0.1043 -0.9851 -0.1366
vn -0.1047 -0.9935 -0.0455
vn -0.2179 -0.9752 -0.0391
vn -0.1846 -0.9743 -0.1288
vn -0.1047 -0.9941 -0.0291
vn -0.2499 -0.9680 -0.0253
vn -0.9399 -0.3206 -0.1177
vn -0.8946 -0.4453 -0.0377
vn -0.8987 -0.4366 -0.0404
vn -0.9422 -0.3129 -0.1201
vn -0.8951 -0.4456 -0.0172
vn 0.1045 0.9945 -0.0087
vn 0.1047 0.9941 0.0272
vn 0.2114 0.9774 0.0020
vn 0.2601 0.9651 -0.0304
vn -0.9364 -0.3110 -0.1625
vn -0.1033 -0.9724 -0.2091
vn -0.1675 -0.9647 -0.2034
vn -0.1042 -0.9851 -0.1366
vn -0.0234 -0.9913 -0.1296
vn 0.0100 -0.9991 -0.0403
vn -0.1046 -0.9935 -0.0455
vn 0.0429 -0.9987 -0.0268
vn -0.1046 -0.9941 -0.0291
vn 0.8514 -0.5089 -0.1271
vn 0.8552 -0.5019 -0.1294
vn 0.7879 -0.6139 -0.0492
vn 0.7821 -0.6215 -0.0465
vn 0.7827 -0.6219 -0.0259
vn 0.1044 0.9945 -0.0097
vn -0.0541 0.9981 -0.0287
vn -0.0035 1.0000 0.0032
vn 0.1046 0.9941 0.0281
vn 0.8496 -0.4987 -0.1718
vn -0.0388 -0.9782 -0.2041
vn 0.0149 0.9849 -0.1727
vn 0.0221 0.9856 -0.1679
vn -0.0017 0.9952 -0.0978
vn -0.0106 0.9947 -0.1024
vn -0.0413 0.9958 -0.0812
vn -0.0508 0.9951 -0.0844
vn -0.8518 0.5085 -0.1260
vn -0.8543 0.5035 -0.1292
vn -0.8113 0.5806 -0.0683
vn -0.8077 0.5859 -0.0655
vn -0.8085 0.5865 -0.0486
vn 0.0211 -0.9998 0.0008
vn 0.0538 -0.9983 -0.0202
vn 0.0035 -0.9999 0.0123
vn -0.0364 -0.9986 0.0380
vn -0.8496 0.5006 -0.1662
vn 0.0298 0.9759 -0.2161
vn 0.0367 0.9767 -0.2113
vn 0.1884 0.9666 -0.1736
vn 0.2162 0.9708 -0.1036
vn 0.2075 0.9732 -0.0989
vn 0.1815 0.9688 -0.1687
vn 0.2557 0.9629 -0.0860
vn 0.2466 0.9656 -0.0827
vn 0.9376 0.3204 -0.1354
vn 0.9112 0.4051 -0.0745
vn 0.9136 0.3992 -0.0773
vn 0.9389 0.3150 -0.1386
vn 0.9121 0.4059 -0.0576
vn -0.2285 -0.9735 0.0021
vn -0.1716 -0.9844 0.0387
vn -0.2112 -0.9774 0.0134
vn -0.2604 -0.9653 -0.0186
vn 0.9333 0.3132 -0.1756
vn 0.1715 0.9610 -0.2168
vn 0.1649 0.9632 -0.2120
vn 0.0098 0.0434 0.9990
vn -0.8213 -0.3918 -0.4148
vn -0.9008 -0.1192 -0.4174
vn 0.0061 -0.0079 -1.0000
vn -0.8922 0.1667 -0.4197
vn -0.7945 0.4375 -0.4212
vn -0.6159 0.6654 -0.4219
vn -0.3737 0.8262 -0.4216
vn -0.0927 0.9025 -0.4205
vn -0.0926 0.9025 -0.4205
vn 0.1982 0.8863 -0.4186
vn 0.0060 -0.0079 -1.0000
vn 0.4684 0.7793 -0.4162
vn 0.6905 0.5936 -0.4134
vn 0.8424 0.3490 -0.4106
vn 0.9102 0.0712 -0.4080
vn 0.8890 -0.2120 -0.4058
vn 0.7826 -0.4733 -0.4043
vn 0.6027 -0.6883 -0.4037
vn 0.3670 -0.8380 -0.4039
vn 0.0977 -0.9091 -0.4049
vn 0.0976 -0.9091 -0.4049
vn -0.1806 -0.8955 -0.4067
vn -0.4422 -0.7982 -0.4091
vn -0.6629 -0.6252 -0.4119
vn 0.4091 -0.9100 -0.0668
vn 0.4171 -0.9049 -0.0851
vn 0.6683 -0.7389 -0.0856
vn 0.1049 -0.9911 -0.0819
vn 0.1051 -0.9922 -0.0665
vn -0.5008 -0.8607 -0.0910
vn -0.2144 -0.9730 -0.0855
vn -0.2103 -0.9751 -0.0703
vn -0.4159 0.9009 -0.1241
vn -0.4226 0.8950 -0.1429
vn -0.6803 0.7205 -0.1348
vn -0.1027 0.9849 -0.1392
vn -0.1031 0.9870 -0.1236
vn 0.2193 0.9662 -0.1355
vn -0.1026 0.9849 -0.1392
vn -0.1030 0.9870 -0.1236
vn 0.2174 0.9686 -0.1209
vn 0.5165 0.8471 -0.1252
vn 0.1048 -0.9911 -0.0819
vn -0.2062 -0.9734 -0.1002
vn 0.1044 -0.9898 -0.0971
vn 0.1050 -0.9922 -0.0665
vn 0.9884 0.1047 -0.1096
vn 0.9073 0.4045 -0.1148
vn 0.9100 0.3985 -0.1144
vn 0.9891 0.0986 -0.1093
vn 0.9729 -0.2065 -0.1038
vn 0.9714 -0.2141 -0.1026
vn 0.8619 -0.4979 -0.0966
vn 0.8574 -0.5058 -0.0945
vn 0.6660 -0.7406 -0.0892
vn 0.4088 -0.9080 -0.0924
vn -0.5002 -0.8603 -0.0984
vn -0.7384 -0.6664 -0.1030
vn -0.7321 -0.6731 -0.1047
vn -0.9076 -0.4045 -0.1125
vn -0.9043 -0.4116 -0.1134
vn -0.9874 -0.1033 -0.1198
vn -0.9867 -0.1094 -0.1199
vn -0.9703 0.2076 -0.1243
vn -0.9716 0.2011 -0.1245
vn -0.8585 0.4965 -0.1282
vn -0.8635 0.4874 -0.1298
vn -0.6635 0.7361 -0.1337
vn -0.4072 0.9012 -0.1484
vn -0.1022 0.9826 -0.1552
vn 0.2066 0.9665 -0.1522
vn -0.1021 0.9826 -0.1552
vn 0.5002 0.8550 -0.1370
vn 0.7386 0.6629 -0.1225
vn 0.7469 0.6541 -0.1196
vn 0.1043 -0.9851 -0.1366
vn 0.1846 -0.9744 -0.1288
vn 0.2180 -0.9752 -0.0391
vn 0.1047 -0.9935 -0.0454
vn 0.2499 -0.9680 -0.0253
vn 0.1047 -0.9941 -0.0290
vn 0.9399 -0.3206 -0.1177
vn 0.9422 -0.3129 -0.1201
vn 0.8987 -0.4367 -0.0404
vn 0.8946 -0.4453 -0.0377
vn 0.8950 -0.4456 -0.0172
vn -0.1045 0.9945 -0.0097
vn -0.2601 0.9651 -0.0304
vn -0.2114 0.9774 0.0020
vn -0.1047 0.9941 0.0281
vn 0.9364 -0.3110 -0.1625
vn 0.1033 -0.9724 -0.2091
vn 0.1675 -0.9647 -0.2034
vn 0.1042 -0.9851 -0.1366
vn 0.1046 -0.9935 -0.0454
vn -0.0100 -0.9991 -0.0403
vn 0.0234 -0.9913 -0.1296
vn 0.1046 -0.9941 -0.0290
vn -0.0429 -0.9987 -0.0268
vn -0.8514 -0.5089 -0.1271
vn -0.7820 -0.6216 -0.0465
vn -0.7878 -0.6140 -0.0492
vn -0.8552 -0.5019 -0.1294
vn -0.7826 -0.6220 -0.0260
vn -0.1045 0.9945 -0.0088
vn -0.1046 0.9941 0.0272
vn 0.0035 1.0000 0.0032
vn 0.0541 0.9981 -0.0287
vn -0.8496 -0.4987 -0.1718
vn 0.0388 -0.9782 -0.2041
vn -0.0149 0.9849 -0.1727
vn 0.0106 0.9947 -0.1024
vn 0.0017 0.9952 -0.0978
vn -0.0221 0.9856 -0.1679
vn 0.0508 0.9951 -0.0844
vn 0.0413 0.9958 -0.0812
vn 0.8518 0.5085 -0.1260
vn 0.8077 0.5859 -0.0655
vn 0.8113 0.5806 -0.0683
vn 0.8543 0.5035 -0.1292
vn 0.8085 0.5865 -0.0486
vn -0.0211 -0.9998 0.0008
vn 0.0364 -0.9986 0.0380
vn -0.0035 -0.9999 0.0123
vn -0.0538 -0.9983 -0.0202
vn 0.8496 0.5006 -0.1662
vn -0.0298 0.9759 -0.2161
vn -0.0367 0.9767 -0.2113
vn -0.1884 0.9666 -0.1736
vn -0.1815 0.9688 -0.1687
vn -0.2075 0.9732 -0.0989
vn -0.2162 0.9708 -0.1036
vn -0.2466 0.9656 -0.0827
vn -0.2557 0.9629 -0.0860
vn -0.9376 0.3204 -0.1354
vn -0.9389 0.3150 -0.1386
vn -0.9135 0.3993 -0.0774
vn -0.9112 0.4053 -0.0745
vn -0.9122 0.4057 -0.0576
vn 0.2285 -0.9735 0.0021
vn 0.2604 -0.9653 -0.0186
vn 0.2112 -0.9774 0.0134
vn 0.1716 -0.9844 0.0387
vn -0.9333 0.3132 -0.1756
vn -0.1715 0.9610 -0.2168
vn -0.1649 0.9632 -0.2120
vn -0.0098 0.0434 0.9990
vn -0.3926 0.7117 0.5826
vn -0.1958 0.9055 0.3765
vn -0.3623 0.7209 0.5909
vn -0.6176 -0.0487 0.7850
vn -0.6365 -0.0269 0.7708
vn -0.5730 -0.7224 0.3871
vn -0.6129 -0.6283 0.4792
vn -0.5854 -0.5938 0.5520
vn -0.2760 0.8311 0.4828
vn -0.0960 0.9706 0.2206
vn -0.5902 -0.0987 0.8012
vn -0.5902 -0.0986 0.8012
vn -0.4200 -0.7915 0.4440
vn 0.8339 -0.0057 0.5519
vn 0.8355 -0.0062 0.5495
vn 0.8381 0.0015 0.5456
vn 0.8355 -0.0062 0.5494
vn 0.8304 0.0228 0.5568
vn 0.8303 0.0228 0.5568
vn 0.8019 0.0212 0.5971
vn -0.8167 -0.0167 -0.5768
vn -0.8190 -0.0152 -0.5736
vn -0.8068 -0.0157 -0.5906
vn -0.8129 0.0018 -0.5823
vn -0.8068 -0.0157 -0.5907
vn -0.8157 0.0076 -0.5785
vn -0.8130 0.0018 -0.5823
vn -0.8068 -0.0156 -0.5907
vn 0.2976 -0.7881 -0.5388
vn 0.5569 -0.2395 -0.7953
vn 0.5363 -0.3061 -0.7866
vn 0.1979 -0.9102 -0.3638
vn 0.5913 0.3218 -0.7395
vn 0.6295 0.2928 -0.7197
vn 0.5133 0.5338 -0.6720
vn 0.7986 0.0202 0.6015
vn 0.3926 0.7117 0.5826
vn 0.3623 0.7209 0.5909
vn 0.1958 0.9055 0.3764
vn 0.6176 -0.0487 0.7850
vn 0.6365 -0.0269 0.7708
vn 0.5730 -0.7224 0.3872
vn 0.5854 -0.5938 0.5520
vn 0.6129 -0.6283 0.4793
vn 0.2760 0.8311 0.4828
vn 0.0960 0.9706 0.2206
vn 0.5902 -0.0987 0.8012
vn 0.5902 -0.0986 0.8012
vn 0.4200 -0.7915 0.4440
vn -0.8338 -0.0056 0.5520
vn -0.8380 0.0015 0.5456
vn -0.8355 -0.0061 0.5495
vn -0.8303 0.0228 0.5568
vn -0.8020 0.0212 0.5970
vn 0.8167 -0.0167 -0.5768
vn 0.8068 -0.0157 -0.5906
vn 0.8190 -0.0152 -0.5736
vn 0.8129 0.0018 -0.5823
vn 0.8157 0.0076 -0.5785
vn 0.8130 0.0018 -0.5823
vn -0.2976 -0.7882 -0.5388
vn -0.1979 -0.9102 -0.3638
vn -0.5363 -0.3061 -0.7866
vn -0.5569 -0.2395 -0.7953
vn -0.5913 0.3218 -0.7395
vn -0.6296 0.2928 -0.7197
vn -0.5133 0.5338 -0.6720
vn -0.7987 0.0202 0.6014
vn 0.0819 -0.9927 -0.0887
vn 0.0808 -0.9926 -0.0907
vn 0.0914 -0.9932 -0.0715
vn 0.0920 -0.9933 -0.0704
vn -0.1466 0.9849 -0.0924
vn -0.1573 0.9806 -0.1167
vn -0.1340 0.9892 -0.0595
vn -0.1307 0.9901 -0.0519
vn 0.9162 0.1056 -0.3866
vn -0.9162 -0.0123 0.4005
vn -0.9162 -0.0125 0.4005
vn -0.9162 -0.0124 0.4005
vn 0.4118 -0.0271 0.9109
vn 0.4129 -0.0471 0.9096
vn 0.3443 -0.7437 0.5731
vn 0.3235 -0.7968 0.5103
vn -0.0695 0.9931 0.0940
vn -0.0617 0.9920 0.1104
vn 0.0999 0.8864 0.4520
vn 0.0846 0.9023 0.4227
vn 0.4130 -0.0472 0.9095
vn 0.4117 -0.0272 0.9109
vn 0.4610 -0.8851 -0.0648
vn -0.2302 -0.9636 -0.1361
vn -0.3064 -0.9323 -0.1921
vn 0.5276 -0.8410 -0.1199
vn -0.8323 -0.5135 -0.2091
vn -0.9711 -0.1192 -0.2069
vn -0.9338 0.2108 -0.2891
vn -0.8663 -0.4241 -0.2639
vn 0.9925 0.1219 -0.0081
vn 0.9539 -0.2986 -0.0319
vn 0.9729 -0.2175 -0.0782
vn 0.7520 0.6393 -0.1608
vn -0.3263 -0.8999 -0.2892
vn 0.5265 -0.8252 -0.2045
vn 0.9651 -0.2125 -0.1529
vn 0.8545 0.4785 -0.2023
vn 0.4974 -0.7352 -0.4605
vn -0.2523 -0.8231 -0.5088
vn 0.0218 0.0229 -0.9995
vn -0.7853 -0.3859 -0.4840
vn -0.8343 0.2384 -0.4970
vn 0.0218 0.0228 -0.9995
vn -0.3876 0.7836 -0.4855
vn 0.2255 0.8601 -0.4576
vn 0.8034 0.4393 -0.4020
vn 0.9065 -0.1851 -0.3795
vn 0.2319 0.9385 -0.2557
vn -0.4915 0.8156 -0.3053
vn 0.9729 -0.2176 -0.0783
vn -0.8322 -0.5135 -0.2091
vn -0.8662 -0.4243 -0.2639
vn 0.9651 -0.2126 -0.1529
vn -0.8586 -0.3914 -0.3311
vn 0.9064 -0.1852 -0.3795
vn -0.7853 -0.3860 -0.4840
vn -0.8587 -0.3913 -0.3310
vn -0.9035 0.2370 -0.3571
vn -0.8343 0.2386 -0.4970
vn -0.9035 0.2371 -0.3571
vn 0.7520 0.6393 -0.1607
vn -0.9338 0.2109 -0.2890
vn -0.1050 -0.9899 -0.0947
vn 0.6159 -0.7869 -0.0387
vn -0.9785 -0.1271 -0.1625
vn -0.7839 -0.5982 -0.1664
vn 0.9923 0.1218 0.0212
vn 0.9734 -0.2293 -0.0000
vn -0.7838 -0.5982 -0.1665
vn 0.4590 -0.8852 -0.0758
vn -0.2268 -0.9620 -0.1518
vn -0.3191 -0.9256 -0.2038
vn 0.5201 -0.8443 -0.1292
vn -0.8262 -0.5180 -0.2216
vn -0.9700 -0.1212 -0.2107
vn -0.9412 0.1691 -0.2926
vn -0.8558 -0.4370 -0.2767
vn 0.9923 0.1234 -0.0124
vn 0.9535 -0.2988 -0.0385
vn 0.9724 -0.2154 -0.0898
vn 0.7583 0.6354 -0.1456
vn -0.3251 -0.9050 -0.2743
vn 0.5254 -0.8284 -0.1945
vn 0.9661 -0.2126 -0.1462
vn 0.8574 0.4829 -0.1780
vn 0.5002 -0.7408 -0.4484
vn -0.2577 -0.8305 -0.4939
vn 0.0216 0.0229 -0.9995
vn -0.7943 -0.3896 -0.4662
vn -0.8464 0.2471 -0.4718
vn 0.0217 0.0227 -0.9995
vn -0.3949 0.8014 -0.4492
vn 0.2243 0.8781 -0.4227
vn 0.0217 0.0228 -0.9995
vn 0.8075 0.4494 -0.3821
vn 0.9112 -0.1861 -0.3676
vn -0.4937 0.8274 -0.2676
vn 0.2342 0.9491 -0.2108
vn 0.9724 -0.2156 -0.0898
vn -0.8262 -0.5180 -0.2217
vn -0.8558 -0.4371 -0.2766
vn 0.9661 -0.2128 -0.1462
vn -0.8621 -0.3939 -0.3189
vn 0.9111 -0.1862 -0.3676
vn -0.7942 -0.3897 -0.4662
vn -0.8621 -0.3938 -0.3189
vn -0.9101 0.2373 -0.3396
vn -0.8463 0.2472 -0.4718
vn 0.8074 0.4496 -0.3821
vn -0.9101 0.2374 -0.3396
vn 0.8574 0.4830 -0.1780
vn -0.9412 0.1692 -0.2925
vn -0.1057 -0.9895 -0.0989
vn -0.9748 -0.1292 -0.1819
vn -0.7799 -0.5990 -0.1817
vn 0.9923 0.1221 0.0211
vn -0.6210 -0.0030 0.7838
vn -0.6249 0.0020 0.7807
vn -0.6209 0.0014 0.7839
vn -0.6196 -0.0027 0.7849
vn -0.6210 -0.0029 0.7838
vn -0.6246 0.0020 0.7809
vn -0.6184 -0.0066 0.7858
vn -0.2788 -0.9603 0.0119
vn -0.4046 -0.9136 -0.0405
vn 0.3622 -0.9321 -0.0042
vn 0.4294 -0.9024 0.0361
vn -0.9929 -0.1181 -0.0126
vn -0.9923 -0.1218 -0.0245
vn -0.9129 -0.4068 -0.0332
vn -0.8743 -0.4854 -0.0068
vn 0.9923 0.1191 0.0330
vn 0.9596 -0.2791 0.0347
vn 0.9473 -0.3189 0.0298
vn 0.9919 0.1228 0.0318
vn -0.3980 -0.9153 0.0623
vn -0.9135 -0.4063 0.0225
vn -0.9934 -0.1146 0.0018
vn -0.9134 -0.4064 0.0225
vn -0.1098 0.9936 0.0261
vn -0.0925 0.9943 0.0529
vn -0.1009 0.9942 0.0376
vn 0.4006 -0.0032 0.9163
vn 0.4001 -0.0034 0.9165
vn 0.4006 -0.0032 0.9162
vn 0.4005 -0.0032 0.9163
vn 0.4005 -0.0029 0.9163
vn 0.4006 -0.0030 0.9162
vn 0.6213 -0.0007 -0.7836
vn 0.6247 -0.0020 -0.7808
vn 0.6220 -0.0014 -0.7830
vn 0.6210 0.0031 -0.7838
vn 0.6202 0.0020 -0.7845
vn 0.6196 0.0027 -0.7849
vn -0.0801 0.9944 0.0692
vn -0.1083 0.9939 0.0215
vn -0.1110 0.9934 0.0301
vn 0.1111 -0.9934 -0.0301
vn -0.9938 -0.1111 0.0016
vn 0.9938 0.1111 -0.0016
vn 0.9938 0.1112 -0.0016
vn -0.2823 -0.9592 0.0173
vn -0.4009 -0.9150 -0.0460
vn 0.3654 -0.9309 -0.0003
vn 0.4204 -0.9063 0.0433
vn -0.9929 -0.1190 0.0021
vn -0.9919 -0.1240 -0.0274
vn -0.9119 -0.4088 -0.0374
vn -0.8746 -0.4848 0.0061
vn 0.9916 0.1193 0.0503
vn 0.9553 -0.2911 0.0513
vn 0.9466 -0.3194 0.0444
vn 0.9911 0.1243 0.0481
vn -0.3999 -0.9126 0.0856
vn -0.9102 -0.4101 0.0576
vn -0.9927 -0.1153 0.0361
vn -0.9102 -0.4102 0.0576
vn -0.0977 0.9941 0.0481
vn -0.1086 0.9936 0.0299
vn -0.0910 0.9940 0.0615
vn 0.3973 0.0488 0.9164
vn 0.3974 0.0488 0.9164
vn 0.6210 0.0002 -0.7838
vn 0.6210 0.0030 -0.7838
vn 0.6195 0.0043 -0.7850
vn 0.6184 0.0065 -0.7858
vn -0.0761 0.9933 0.0867
vn -0.1080 0.9938 0.0277
vn -0.1111 0.9934 0.0301
vn -0.1110 0.9934 0.0302
vn 0.1110 -0.9934 -0.0302
vn -0.9938 -0.1112 0.0015
vn -0.1483 0.9837 -0.1019
vn -0.1554 0.9811 -0.1150
vn -0.1549 0.9813 -0.1140
vn -0.1477 0.9839 -0.1008
vn 0.1499 -0.9835 0.1013
vn 0.1537 -0.9813 0.1158
vn 0.1534 -0.9815 0.1146
vn 0.1495 -0.9837 0.1001
vn 0.1484 0.9837 -0.1020
vn 0.1478 0.9839 -0.1009
vn 0.1549 0.9813 -0.1140
vn 0.1555 0.9811 -0.1151
vn -0.1499 -0.9835 0.1013
vn -0.1496 -0.9837 0.1001
vn -0.1534 -0.9815 0.1147
vn -0.1537 -0.9813 0.1159
vn -0.0819 -0.9927 -0.0887
vn -0.0920 -0.9933 -0.0704
vn -0.0914 -0.9932 -0.0715
vn -0.0808 -0.9926 -0.0907
vn 0.1466 0.9849 -0.0924
vn 0.1307 0.9901 -0.0519
vn 0.1340 0.9892 -0.0595
vn 0.1573 0.9806 -0.1167
vn -0.9162 0.1055 -0.3866
vn -0.9161 0.1054 -0.3867
vn -0.9162 0.1054 -0.3866
vn 0.9162 -0.0122 0.4005
vn 0.9162 -0.0124 0.4005
vn 0.9162 -0.0123 0.4005
vn -0.4117 -0.0271 0.9109
vn -0.3235 -0.7968 0.5104
vn -0.3443 -0.7437 0.5730
vn -0.4129 -0.0471 0.9096
vn -0.0999 0.8864 0.4521
vn 0.0617 0.9920 0.1104
vn 0.0695 0.9931 0.0940
vn -0.0845 0.9024 0.4226
vn -0.4129 -0.0472 0.9095
vn -0.4118 -0.0272 0.9109
vn -0.4610 -0.8850 -0.0648
vn -0.5275 -0.8410 -0.1199
vn 0.3064 -0.9323 -0.1921
vn 0.2302 -0.9636 -0.1361
vn 0.8322 -0.5135 -0.2091
vn 0.8663 -0.4242 -0.2639
vn 0.9338 0.2108 -0.2891
vn 0.9711 -0.1192 -0.2069
vn -0.9925 0.1219 -0.0081
vn -0.7520 0.6393 -0.1607
vn -0.9729 -0.2174 -0.0782
vn -0.9539 -0.2986 -0.0319
vn -0.5265 -0.8252 -0.2045
vn 0.3263 -0.8999 -0.2892
vn -0.8545 0.4785 -0.2022
vn -0.9651 -0.2125 -0.1529
vn -0.4975 -0.7351 -0.4605
vn -0.0218 0.0229 -0.9995
vn 0.2517 -0.8232 -0.5088
vn 0.7854 -0.3859 -0.4840
vn -0.0218 0.0228 -0.9995
vn 0.8344 0.2385 -0.4970
vn -0.2256 0.8600 -0.4577
vn 0.3877 0.7836 -0.4855
vn -0.9065 -0.1851 -0.3795
vn -0.8034 0.4392 -0.4020
vn -0.2321 0.9385 -0.2557
vn 0.4914 0.8157 -0.3053
vn -0.9729 -0.2176 -0.0782
vn 0.8662 -0.4243 -0.2639
vn -0.9651 -0.2126 -0.1529
vn 0.8586 -0.3914 -0.3311
vn -0.9065 -0.1852 -0.3795
vn 0.7853 -0.3860 -0.4840
vn 0.9035 0.2369 -0.3571
vn 0.8587 -0.3913 -0.3311
vn 0.8343 0.2386 -0.4970
vn -0.8033 0.4393 -0.4020
vn 0.9035 0.2370 -0.3571
vn -0.8545 0.4785 -0.2023
vn 0.9338 0.2109 -0.2891
vn 0.1050 -0.9899 -0.0947
vn -0.6159 -0.7869 -0.0387
vn 0.9785 -0.1271 -0.1625
vn 0.7839 -0.5982 -0.1665
vn -0.9734 -0.2293 -0.0000
vn -0.9923 0.1218 0.0211
vn 0.7838 -0.5982 -0.1665
vn -0.4590 -0.8852 -0.0758
vn -0.5201 -0.8443 -0.1291
vn 0.3191 -0.9255 -0.2038
vn 0.2268 -0.9620 -0.1518
vn 0.8262 -0.5180 -0.2217
vn 0.8559 -0.4370 -0.2766
vn 0.9412 0.1691 -0.2925
vn 0.9700 -0.1212 -0.2107
vn -0.9923 0.1234 -0.0124
vn -0.7583 0.6354 -0.1456
vn -0.9724 -0.2154 -0.0898
vn -0.9535 -0.2988 -0.0385
vn -0.5254 -0.8283 -0.1945
vn 0.3252 -0.9050 -0.2743
vn -0.8574 0.4829 -0.1780
vn -0.9661 -0.2127 -0.1462
vn -0.5004 -0.7408 -0.4482
vn -0.0217 0.0229 -0.9995
vn 0.2573 -0.8306 -0.4939
vn 0.7943 -0.3896 -0.4662
vn -0.0217 0.0228 -0.9995
vn 0.8464 0.2471 -0.4718
vn -0.0217 0.0227 -0.9995
vn -0.2239 0.8781 -0.4228
vn 0.3946 0.8015 -0.4493
vn -0.9112 -0.1861 -0.3676
vn -0.8075 0.4495 -0.3821
vn -0.2339 0.9491 -0.2108
vn 0.4941 0.8272 -0.2677
vn -0.9724 -0.2155 -0.0898
vn 0.8558 -0.4371 -0.2766
vn -0.9661 -0.2128 -0.1462
vn 0.8621 -0.3939 -0.3189
vn -0.9111 -0.1862 -0.3676
vn 0.7942 -0.3897 -0.4662
vn 0.8621 -0.3938 -0.3189
vn 0.9101 0.2373 -0.3396
vn 0.8463 0.2472 -0.4718
vn -0.8074 0.4495 -0.3821
vn 0.9101 0.2374 -0.3396
vn -0.8573 0.4830 -0.1780
vn 0.9412 0.1692 -0.2926
vn 0.1058 -0.9895 -0.0990
vn 0.9748 -0.1292 -0.1819
vn 0.7799 -0.5990 -0.1817
vn -0.9923 0.1221 0.0211
vn 0.6248 0.0020 0.7808
vn 0.6210 -0.0029 0.7838
vn 0.6209 0.0014 0.7839
vn 0.6196 -0.0027 0.7849
vn 0.6210 -0.0030 0.7838
vn 0.6184 -0.0066 0.7858
vn 0.2788 -0.9603 0.0119
vn -0.4294 -0.9024 0.0361
vn -0.3622 -0.9321 -0.0042
vn 0.4046 -0.9136 -0.0405
vn 0.9929 -0.1180 -0.0126
vn 0.8743 -0.4854 -0.0068
vn 0.9129 -0.4068 -0.0332
vn 0.9922 -0.1218 -0.0245
vn -0.9923 0.1191 0.0330
vn -0.9919 0.1228 0.0318
vn -0.9473 -0.3189 0.0298
vn -0.9596 -0.2792 0.0347
vn 0.3980 -0.9153 0.0623
vn 0.9934 -0.1146 0.0018
vn 0.9135 -0.4063 0.0225
vn 0.9134 -0.4064 0.0225
vn 0.1098 0.9936 0.0261
vn 0.1009 0.9942 0.0376
vn 0.0925 0.9943 0.0529
vn -0.4006 -0.0030 0.9162
vn -0.4005 -0.0029 0.9163
vn -0.4005 -0.0034 0.9163
vn -0.4006 -0.0032 0.9163
vn -0.4005 -0.0033 0.9163
vn -0.4004 -0.0033 0.9163
vn -0.4001 -0.0034 0.9165
vn -0.6213 -0.0007 -0.7836
vn -0.6196 0.0027 -0.7849
vn -0.6202 0.0020 -0.7845
vn -0.6210 0.0029 -0.7838
vn -0.6220 -0.0014 -0.7830
vn -0.6248 -0.0020 -0.7808
vn 0.0801 0.9944 0.0692
vn 0.1083 0.9939 0.0215
vn 0.1110 0.9934 0.0301
vn -0.1111 -0.9934 -0.0301
vn 0.9938 -0.1111 0.0016
vn 0.9938 -0.1112 0.0016
vn -0.9938 0.1112 -0.0016
vn -0.9938 0.1111 -0.0016
vn 0.2823 -0.9592 0.0173
vn -0.4204 -0.9063 0.0433
vn -0.3654 -0.9309 -0.0003
vn 0.4009 -0.9150 -0.0460
vn 0.9929 -0.1191 0.0021
vn 0.8746 -0.4848 0.0061
vn 0.9119 -0.4088 -0.0374
vn 0.9919 -0.1240 -0.0274
vn -0.9916 0.1193 0.0503
vn -0.9911 0.1243 0.0481
vn -0.9466 -0.3194 0.0444
vn -0.9553 -0.2911 0.0513
vn 0.3999 -0.9126 0.0856
vn 0.9927 -0.1153 0.0361
vn 0.9102 -0.4102 0.0576
vn 0.0977 0.9941 0.0481
vn 0.0910 0.9940 0.0615
vn 0.1086 0.9936 0.0299
vn -0.3974 0.0488 0.9164
vn -0.3973 0.0488 0.9164
vn -0.6210 0.0002 -0.7838
vn -0.6184 0.0065 -0.7858
vn -0.6195 0.0043 -0.7850
vn -0.6210 0.0030 -0.7838
vn -0.6247 -0.0020 -0.7809
vn 0.0761 0.9933 0.0867
vn 0.1080 0.9938 0.0277
vn 0.1110 0.9934 0.0302
vn 0.1111 0.9934 0.0301
vn -0.1110 -0.9934 -0.0302
vn -0.0000 -0.8100 -0.5864
vn -0.0000 -0.8100 -0.5865
vn -0.0000 0.9649 0.2628
vn -0.0000 0.9886 -0.1504
vn -0.0000 0.2302 -0.9731
vn -0.0000 0.2303 -0.9731
vn -0.0000 -0.8799 0.4751
vn -0.0000 0.8800 -0.4750
vn -0.0000 0.8799 -0.4751
vn 0.0001 0.8800 -0.4751
vn 0.0001 -0.8799 0.4751
vn 0.0001 -0.8798 0.4753
vn 0.1825 0.9699 -0.1612
vn 0.1849 0.9681 -0.1689
vn 0.1724 0.9766 -0.1285
vn 0.1699 0.9781 -0.1206
vn -0.1724 -0.9766 0.1285
vn -0.1849 -0.9681 0.1689
vn -0.1825 -0.9699 0.1612
vn -0.1699 -0.9781 0.1206
vn 0.2146 -0.9765 -0.0175
vn -0.5356 -0.8443 -0.0178
vn -0.5451 -0.8361 -0.0616
vn 0.1870 -0.9804 -0.0614
vn 0.9848 -0.1737 -0.0084
vn 0.8382 -0.5452 -0.0141
vn 0.8368 -0.5461 -0.0383
vn 0.9847 -0.1737 -0.0162
vn -0.9848 0.1735 -0.0088
vn -0.9849 0.1723 -0.0166
vn -0.9773 -0.2082 -0.0381
vn -0.9741 -0.2255 -0.0145
vn -0.9741 -0.2256 -0.0145
vn -0.5290 -0.8482 0.0264
vn -0.9769 -0.2134 0.0108
vn -0.9773 -0.2083 -0.0381
vn 0.8381 -0.5453 -0.0141
vn 0.8368 -0.5462 -0.0383
vn 0.2326 -0.9722 0.0267
vn 0.8509 -0.5251 0.0109
vn -0.9769 -0.2133 0.0108
vn 0.8509 -0.5252 0.0109
vn 0.1788 0.9822 0.0583
vn 0.1842 0.9809 0.0621
vn 0.1827 0.9811 0.0630
vn 0.1797 0.9819 0.0596
vn -0.0524 -0.0000 0.9986
vn -0.0524 -0.0001 0.9986
vn -0.0523 -0.0000 0.9986
vn -0.0523 -0.0002 0.9986
vn 0.0872 -0.0000 -0.9962
vn 0.0872 0.0004 -0.9962
vn 0.0872 -0.0001 -0.9962
vn 0.1706 0.9841 0.0500
vn 0.1671 0.9847 0.0484
vn -0.8714 -0.4905 -0.0000
vn -0.9603 -0.2788 0.0002
vn -0.6978 -0.7163 0.0001
vn -0.6802 -0.7330 -0.0000
vn -0.6802 -0.7331 -0.0000
vn -0.3400 -0.9404 -0.0000
vn -0.3307 -0.9437 -0.0000
vn -0.1075 -0.9942 -0.0000
vn -0.1106 -0.9939 -0.0000
vn 0.8714 0.4905 -0.0000
vn 0.9603 0.2788 -0.0002
vn 0.6802 0.7330 -0.0000
vn 0.6978 0.7163 -0.0001
vn 0.3307 0.9437 -0.0000
vn 0.3400 0.9404 -0.0000
vn 0.1106 0.9939 -0.0000
vn 0.1075 0.9942 -0.0000
vn 0.0410 0.9992 -0.0000
vn -0.1804 -0.9823 -0.0508
vn -0.1872 -0.9813 -0.0455
vn -0.1775 -0.9828 -0.0505
vn -0.1759 -0.9830 -0.0529
vn -0.1821 -0.9817 -0.0548
vn 0.1775 0.9828 0.0505
vn 0.1872 0.9813 0.0455
vn 0.1804 0.9823 0.0508
vn 0.1759 0.9830 0.0529
vn 0.1821 0.9817 0.0548
vn -0.0717 -0.9870 -0.1435
vn -0.0939 -0.9904 -0.1011
vn -0.0898 -0.9900 -0.1090
vn -0.0701 -0.9867 -0.1465
vn 0.1180 0.9925 -0.0310
vn 0.1215 0.9910 -0.0559
vn 0.1177 0.9926 -0.0291
vn 0.9834 -0.0519 0.1738
vn -0.3818 -0.0617 0.9222
vn -0.3778 -0.0000 0.9259
vn -0.1825 0.9699 -0.1611
vn -0.1699 0.9781 -0.1205
vn -0.1724 0.9766 -0.1285
vn -0.1849 0.9681 -0.1689
vn 0.1724 -0.9766 0.1285
vn 0.1699 -0.9781 0.1205
vn 0.1825 -0.9699 0.1611
vn 0.1849 -0.9681 0.1689
vn -0.2146 -0.9765 -0.0175
vn -0.1870 -0.9804 -0.0614
vn 0.5451 -0.8361 -0.0616
vn 0.5356 -0.8443 -0.0178
vn -0.9848 -0.1737 -0.0084
vn -0.9847 -0.1737 -0.0162
vn -0.8368 -0.5461 -0.0383
vn -0.8382 -0.5452 -0.0141
vn 0.9848 0.1735 -0.0088
vn 0.9741 -0.2255 -0.0145
vn 0.9773 -0.2082 -0.0380
vn 0.9849 0.1723 -0.0166
vn 0.9741 -0.2256 -0.0145
vn 0.9769 -0.2134 0.0108
vn 0.5290 -0.8482 0.0264
vn 0.9773 -0.2083 -0.0381
vn -0.8381 -0.5453 -0.0141
vn -0.8368 -0.5462 -0.0383
vn -0.2326 -0.9722 0.0267
vn -0.8510 -0.5251 0.0109
vn 0.9769 -0.2133 0.0108
vn -0.8509 -0.5252 0.0109
vn -0.1788 0.9822 0.0583
vn -0.1797 0.9819 0.0596
vn -0.1827 0.9811 0.0630
vn -0.1842 0.9809 0.0621
vn 0.0523 -0.0000 0.9986
vn 0.0523 -0.0002 0.9986
vn 0.0524 -0.0001 0.9986
vn 0.0524 -0.0000 0.9986
vn -0.0871 -0.0001 -0.9962
vn -0.0872 -0.0000 -0.9962
vn -0.0871 -0.0000 -0.9962
vn -0.1671 0.9847 0.0484
vn -0.1706 0.9841 0.0500
vn 0.8714 -0.4905 -0.0000
vn 0.9603 -0.2788 0.0002
vn 0.6802 -0.7330 -0.0000
vn 0.6978 -0.7163 0.0001
vn 0.6802 -0.7331 -0.0000
vn 0.3307 -0.9437 -0.0000
vn 0.3400 -0.9404 -0.0000
vn 0.1106 -0.9939 -0.0000
vn 0.1075 -0.9942 -0.0000
vn -0.8714 0.4905 -0.0000
vn -0.9603 0.2788 -0.0002
vn -0.6978 0.7163 -0.0001
vn -0.6802 0.7330 -0.0000
vn -0.3400 0.9404 -0.0000
vn -0.3307 0.9437 -0.0000
vn -0.1075 0.9942 -0.0000
vn -0.1106 0.9939 -0.0000
vn -0.0410 0.9992 -0.0000
vn 0.1775 -0.9828 -0.0505
vn 0.1872 -0.9813 -0.0455
vn 0.1804 -0.9823 -0.0508
vn 0.1759 -0.9830 -0.0529
vn 0.1821 -0.9818 -0.0548
vn -0.1804 0.9823 0.0508
vn -0.1872 0.9813 0.0455
vn -0.1775 0.9828 0.0505
vn -0.1759 0.9830 0.0529
vn -0.1821 0.9818 0.0548
vn 0.0717 -0.9870 -0.1435
vn 0.0701 -0.9867 -0.1465
vn 0.0898 -0.9900 -0.1090
vn 0.0939 -0.9904 -0.1011
vn -0.1180 0.9925 -0.0310
vn -0.1177 0.9926 -0.0291
vn -0.1215 0.9910 -0.0559
vn -0.9834 -0.0519 0.1738
vn 0.3778 -0.0000 0.9259
vn 0.3818 -0.0617 0.9222
vn -0.1589 -0.9346 0.3183
vn -0.1587 -0.9336 0.3212
vn -0.1581 -0.9476 0.2777
vn -0.1535 -0.9497 0.2728
vn -0.1614 -0.9291 0.3328
vn -0.1593 -0.9286 0.3352
vn -0.1475 -0.9587 0.2430
vn -0.1398 -0.9613 0.2375
vn 0.1589 0.9346 -0.3183
vn 0.1535 0.9497 -0.2728
vn 0.1581 0.9476 -0.2777
vn 0.1587 0.9336 -0.3212
vn 0.1593 0.9286 -0.3352
vn 0.1614 0.9291 -0.3328
vn 0.1398 0.9613 -0.2375
vn 0.1475 0.9587 -0.2430
vn 0.1589 -0.9346 0.3183
vn 0.1535 -0.9497 0.2728
vn 0.1581 -0.9476 0.2777
vn 0.1587 -0.9336 0.3212
vn 0.1593 -0.9286 0.3352
vn 0.1614 -0.9291 0.3328
vn 0.1475 -0.9587 0.2430
vn 0.1398 -0.9613 0.2375
vn -0.1589 0.9346 -0.3183
vn -0.1587 0.9336 -0.3212
vn -0.1581 0.9476 -0.2777
vn -0.1535 0.9497 -0.2728
vn -0.1614 0.9291 -0.3328
vn -0.1593 0.9286 -0.3352
vn -0.1475 0.9587 -0.2430
vn -0.1398 0.9613 -0.2375
vn 0.1614 0.0186 0.9867
vn 0.1614 0.0185 0.9867
vn -0.0841 0.8594 0.5043
vn -0.0841 0.8594 0.5044
vn 0.2455 -0.8409 0.4824
vn 0.0841 -0.8594 -0.5044
vn -0.1614 -0.0185 -0.9867
vn -0.1615 -0.0185 -0.9867
vn -0.1615 -0.0186 -0.9867
vn -0.2455 0.8409 -0.4823
vn -0.2455 0.8409 -0.4824
vn -0.9598 -0.1833 -0.2128
vn -0.1902 0.9817 0.0127
vn -0.1903 0.9816 0.0127
vn 0.8909 0.1781 -0.4178
vn 0.1903 -0.9816 -0.0127
vn -0.1735 0.9824 0.0692
vn -0.0115 0.6612 0.7501
vn -0.0122 0.6632 0.7484
vn -0.1731 0.9823 0.0716
vn -0.9749 -0.1567 0.1582
vn -0.9749 -0.1566 0.1580
vn -0.9749 -0.1567 0.1581
vn 0.2103 -0.4170 0.8842
vn 0.1560 -0.0445 0.9868
vn 0.1571 -0.0507 0.9863
vn 0.9725 0.1820 -0.1455
vn 0.9725 0.1819 -0.1456
vn 0.9725 0.1820 -0.1454
vn -0.2103 0.4170 -0.8842
vn -0.2326 0.7219 -0.6518
vn -0.2327 0.7261 -0.6471
vn -0.2495 0.7328 -0.6330
vn -0.1766 0.9799 0.0927
vn -0.1770 0.9801 0.0901
vn -0.2495 0.7344 -0.6312
vn -0.9746 -0.1636 0.1532
vn -0.9745 -0.1634 0.1536
vn -0.9746 -0.1633 0.1535
vn -0.9745 -0.1634 0.1535
vn 0.0947 0.3210 0.9423
vn -0.0008 0.6516 0.7586
vn 0.0007 0.6470 0.7625
vn 0.9683 0.1898 -0.1622
vn 0.9684 0.1898 -0.1620
vn 0.9683 0.1900 -0.1620
vn -0.0947 -0.3210 -0.9423
vn -0.1747 0.0524 -0.9832
vn -0.1758 0.0586 -0.9827
vn -0.5644 0.5700 0.5972
vn 0.2142 -0.5975 0.7727
vn 0.2137 -0.5952 0.7747
vn 0.2146 -0.5998 0.7709
vn 0.2149 -0.6010 0.7698
vn 0.6339 -0.5175 -0.5748
vn 0.6338 -0.5175 -0.5749
vn -0.2009 0.6064 -0.7693
vn -0.2029 0.6070 -0.7683
vn -0.1982 0.6056 -0.7707
vn -0.1951 0.6047 -0.7722
vn -0.8217 0.5615 -0.0976
vn -0.8216 0.5616 -0.0977
vn 0.1031 0.3097 0.9452
vn 0.1020 0.3198 0.9420
vn 0.1032 0.3088 0.9455
vn 0.1040 0.3022 0.9476
vn 0.7462 -0.6521 0.1336
vn -0.0800 -0.2919 -0.9531
vn -0.0877 -0.2911 -0.9527
vn -0.0791 -0.2920 -0.9531
vn -0.0616 -0.2938 -0.9539
vn 0.1886 -0.9802 -0.0603
vn 0.1456 -0.9873 -0.0631
vn 0.1697 -0.9833 -0.0662
vn 0.1743 -0.9825 -0.0656
vn 0.1783 -0.9820 -0.0618
vn 0.1953 -0.9791 -0.0560
vn 0.1768 -0.9827 -0.0558
vn 0.1749 -0.9830 -0.0561
vn 0.1745 -0.9826 -0.0645
vn 0.1752 -0.9825 -0.0635
vn -0.1880 0.9803 0.0611
vn -0.1953 0.9791 0.0561
vn -0.1782 0.9820 0.0619
vn -0.1735 0.9827 0.0644
vn 0.1756 -0.9829 -0.0560
vn -0.1764 0.9827 0.0567
vn -0.1821 0.9817 0.0548
vn -0.1774 0.9826 0.0555
vn -0.1749 0.9830 0.0561
vn -0.1754 0.9829 0.0555
vn -0.1716 0.9832 0.0628
vn -0.1468 0.9870 0.0649
vn -0.1741 0.9828 0.0621
vn -0.1752 0.9825 0.0635
vn -0.1613 -0.0185 -0.9867
vn 0.1615 0.0185 0.9867
vn -0.2425 -0.0595 0.9683
vn 0.7275 0.1324 0.6732
vn 0.7275 0.1323 0.6732
vn -0.2810 -0.0421 -0.9588
vn -0.3343 -0.0526 -0.9410
vn 0.7274 0.1327 0.6733
vn 0.7275 0.1323 0.6733
vn -0.4115 -0.0915 0.9068
vn -0.2268 -0.0314 -0.9734
vn -0.9779 -0.1906 0.0854
vn -0.4565 -0.0999 0.8841
vn -0.4587 -0.1003 0.8829
vn -0.9777 -0.1907 0.0879
vn 0.4694 0.1024 -0.8771
vn 0.4646 0.1013 -0.8797
vn 0.9771 0.1906 -0.0946
vn 0.9765 0.1908 -0.1001
vn -0.5139 -0.0881 -0.8533
vn -0.7525 -0.1375 -0.6441
vn -0.7574 -0.1382 -0.6381
vn -0.5089 -0.0865 -0.8565
vn 0.2844 0.0432 0.9577
vn 0.2918 0.0443 0.9555
vn 0.5737 0.1012 0.8128
vn 0.5785 0.1027 0.8092
vn -0.1403 0.9896 -0.0302
vn -0.1226 0.9919 -0.0327
vn -0.1396 0.9901 -0.0133
vn -0.1755 0.9845 0.0027
vn -0.1531 0.9881 -0.0164
vn -0.1759 0.9777 -0.1145
vn 0.5853 0.1049 0.8040
vn 0.5823 0.1054 0.8061
vn 0.5402 -0.7998 -0.2618
vn -0.5049 -0.0838 -0.8591
vn -0.5016 -0.0843 -0.8610
vn -0.0669 0.9953 -0.0694
vn 0.7571 0.1396 0.6382
vn 0.7630 0.1403 0.6309
vn -0.2849 -0.0415 -0.9577
vn -0.2759 -0.0407 -0.9603
vn -0.1470 0.9891 -0.0090
vn -0.1607 0.9870 -0.0073
vn -0.1527 0.9882 -0.0153
vn -0.1488 0.9888 -0.0124
vn -0.1521 0.9882 -0.0161
vn -0.1602 0.9865 -0.0351
vn 0.4646 0.1016 -0.8797
vn 0.4693 0.1023 -0.8771
vn 0.9814 0.1898 0.0292
vn 0.9814 0.1898 0.0290
vn 0.9814 0.1899 0.0293
vn 0.9814 0.1899 0.0292
vn -0.9814 -0.1898 -0.0293
vn -0.9814 -0.1898 -0.0292
vn -0.9814 -0.1899 -0.0292
vn -0.9814 -0.1899 -0.0293
vn 0.0263 0.0180 -0.9995
vn -0.0263 -0.0180 0.9995
vn -0.9420 -0.1789 -0.2839
vn -0.9814 -0.1899 -0.0278
vn -0.9548 -0.1881 0.2303
vn 0.7548 0.6552 0.0317
vn 0.7548 0.6552 0.0316
vn 0.7547 0.6553 0.0317
vn -0.9450 0.3264 -0.0189
vn -0.9450 0.3264 -0.0190
vn 0.7547 0.6553 0.0316
vn -0.2928 0.8541 -0.4299
vn -0.0011 -0.0131 0.9999
vn 0.0454 -0.8906 -0.4525
vn -0.5856 -0.1031 -0.8040
vn -0.0534 0.8867 0.4592
vn 0.2840 -0.8536 0.4366
vn 0.9814 0.1898 0.0293
vn -0.9814 -0.1896 -0.0293
vn 0.9450 -0.3264 0.0189
vn 0.9450 -0.3264 0.0190
vn -0.7547 -0.6553 -0.0317
vn -0.7547 -0.6553 -0.0316
vn -0.7548 -0.6552 -0.0316
vn -0.7548 -0.6552 -0.0317
vn 0.8630 0.1734 -0.4744
vn 0.8631 0.1734 -0.4744
vn 0.8368 0.1554 0.5251
vn 0.8367 0.1554 0.5251
vn -0.8630 -0.1734 0.4744
vn -0.8631 -0.1734 0.4744
vn -0.8367 -0.1554 -0.5251
vn -0.8368 -0.1554 -0.5251
vn -0.8367 -0.1556 -0.5251
vn 0.7067 0.1280 0.6959
vn 0.7083 0.1284 0.6941
vn 0.9560 0.1882 -0.2250
vn 0.9554 0.1881 -0.2275
vn -0.9587 -0.1887 0.2130
vn -0.7166 -0.1302 -0.6852
vn -0.7129 -0.1293 -0.6892
vn -0.9575 -0.1886 0.2184
vn -0.3040 -0.0717 0.9500
vn -0.3143 -0.0743 0.9464
vn 0.0255 -0.0084 0.9996
vn 0.0178 -0.0096 0.9998
vn 0.5225 0.1118 -0.8453
vn 0.2041 0.0511 -0.9776
vn 0.2146 0.0538 -0.9752
vn 0.5160 0.1109 -0.8494
vn 0.1442 -0.9893 -0.0221
vn 0.1731 -0.9847 -0.0175
vn 0.1375 -0.9899 -0.0344
vn 0.1119 -0.9931 -0.0346
vn 0.1255 -0.9918 -0.0227
vn 0.0861 -0.9944 0.0608
vn 0.1888 0.0477 -0.9808
vn 0.1946 0.0476 -0.9797
vn -0.7078 0.6912 -0.1457
vn -0.3290 -0.0776 0.9411
vn -0.3234 -0.0778 0.9430
vn -0.0107 -0.9976 -0.0679
vn -0.0252 0.0069 -0.9997
vn -0.0344 0.0057 -0.9994
vn -0.5299 -0.1140 0.8403
vn -0.5220 -0.1134 0.8453
vn 0.1438 -0.9893 -0.0231
vn 0.1350 -0.9908 -0.0044
vn 0.1448 -0.9892 -0.0231
vn 0.1560 -0.9875 -0.0223
vn 0.1456 -0.9888 -0.0316
vn 0.1443 -0.9891 -0.0280
vn 0.7067 0.1279 0.6959
vn 0.7084 0.1283 0.6941
vn -0.9575 -0.1886 0.2183
vn -0.9587 -0.1886 0.2130
vn 0.0776 0.9485 -0.3072
vn -0.2992 0.9178 -0.2609
vn 0.0935 0.3001 0.9493
vn 0.3084 -0.9152 0.2592
vn -0.0576 -0.9504 0.3058
vn -0.0907 -0.2998 -0.9497
vn -0.0908 -0.2998 -0.9497
vn 0.6157 0.7322 -0.2911
vn 0.9887 0.0854 -0.1229
vn 0.9887 0.0853 -0.1229
vn 0.7825 -0.6115 0.1173
vn 0.0921 0.3000 0.9495
vn 0.0921 0.2999 0.9495
vn -0.0921 -0.2999 -0.9495
vn -0.5924 -0.7500 0.2944
vn -0.5924 -0.7499 0.2944
vn -0.9887 -0.0854 0.1229
vn -0.9887 -0.0853 0.1229
vn -0.7706 0.6254 -0.1228
vn -0.0921 -0.3000 -0.9495
vn 0.3539 -0.9012 0.2503
vn 0.3422 -0.9050 0.2527
vn 0.1510 -0.9467 0.2844
vn 0.0613 0.3730 0.9258
vn 0.0610 0.3760 0.9246
vn 0.0685 0.3003 0.9514
vn 0.0688 0.2970 0.9524
vn 0.0558 0.9505 -0.3057
vn 0.0434 0.9514 -0.3048
vn -0.1537 0.9464 -0.2841
vn -0.0978 -0.3774 -0.9209
vn -0.0971 -0.3804 -0.9197
vn -0.1147 -0.3059 -0.9451
vn -0.1154 -0.3027 -0.9461
vn 0.6124 0.7348 -0.2916
vn 0.5881 0.7531 -0.2950
vn 0.9840 0.1185 -0.1329
vn 0.9840 0.1184 -0.1329
vn 0.8035 -0.5856 0.1070
vn 0.8212 -0.5622 0.0979
vn 0.0284 0.3453 0.9381
vn -0.0155 0.3199 0.9473
vn -0.1647 0.1463 0.9754
vn -0.0584 0.2950 0.9537
vn -0.1450 -0.3592 -0.9219
vn -0.2808 -0.3172 -0.9058
vn -0.2508 -0.3419 -0.9057
vn -0.1131 -0.3821 -0.9172
vn 0.0592 -0.9535 0.2955
vn -0.8726 -0.4351 0.2221
vn -0.8726 -0.4350 0.2221
vn 0.0596 -0.9535 0.2954
vn -0.8602 0.5043 -0.0758
vn -0.8602 0.5043 -0.0759
vn 0.0153 0.2607 0.9653
vn 0.0177 0.2619 0.9649
vn -0.1659 -0.3358 -0.9272
vn -0.1682 -0.3369 -0.9264
vn 0.4792 -0.8492 0.2218
vn 0.7335 -0.6654 0.1390
vn 0.1658 0.3362 0.9271
vn 0.1698 0.3381 0.9257
vn 0.1914 0.3479 0.9178
vn 0.1941 0.3490 0.9168
vn -0.4219 0.8755 -0.2356
vn -0.4220 0.8755 -0.2356
vn -0.1092 0.9508 -0.2898
vn -0.0138 -0.2594 -0.9657
vn -0.0178 -0.2615 -0.9650
vn 0.0112 -0.2466 -0.9691
vn 0.0085 -0.2481 -0.9687
vn 0.8725 0.4351 -0.2222
vn 0.8726 0.4351 -0.2221
vn 0.8726 0.4351 -0.2218
vn 0.8726 0.4350 -0.2221
vn 0.4991 -0.8390 0.2166
vn 0.0393 0.2733 0.9611
vn 0.0425 0.2749 0.9605
vn -0.5321 0.8208 -0.2077
vn -0.1415 -0.3240 -0.9354
vn -0.1446 -0.3255 -0.9344
vn -0.2965 0.9186 -0.2614
vn -0.8036 0.5855 -0.1070
vn 0.0653 0.2827 0.9570
vn 0.0952 0.3019 0.9486
vn 0.7876 -0.6054 0.1148
vn 0.2711 -0.9251 0.2659
vn -0.1188 -0.3169 -0.9410
vn -0.0891 -0.2980 -0.9504
vn 0.8176 0.5214 -0.2441
vn 0.8177 0.5214 -0.2440
vn 0.0171 0.2511 0.9678
vn 0.8177 0.5214 -0.2441
vn -0.1664 -0.3463 -0.9232
vn -0.8176 -0.5215 0.2440
vn -0.8176 -0.5214 0.2441
vn -0.8177 -0.5214 0.2441
vn -0.8177 -0.5214 0.2440
vn 0.0208 0.9528 -0.3030
vn 0.0922 0.2999 0.9495
vn -0.0208 -0.9528 0.3030
vn 0.0922 0.3000 0.9495
vn -0.1919 0.7475 0.6359
vn 0.1017 0.7968 0.5956
vn 0.2258 -0.5995 0.7679
vn 0.0343 -0.7829 -0.6212
vn -0.1881 0.6053 -0.7734
vn -0.0043 0.7873 0.6166
vn 0.6703 0.6612 0.3368
vn 0.9779 0.1515 -0.1442
vn 0.9779 0.1516 -0.1443
vn 0.7126 -0.4470 -0.5407
vn 0.7126 -0.4470 -0.5408
vn 0.9779 0.1514 -0.1442
vn 0.0555 -0.7794 -0.6241
vn 0.0554 -0.7794 -0.6241
vn -0.2983 -0.7892 -0.5368
vn 0.2070 -0.6025 0.7708
vn -0.2070 0.6025 -0.7708
vn 0.2834 -0.7171 -0.6367
vn -0.0334 -0.7918 -0.6099
vn -0.6703 -0.6612 -0.3369
vn -0.9779 -0.1515 0.1441
vn -0.9779 -0.1515 0.1442
vn -0.9779 -0.1515 0.1443
vn -0.7126 0.4470 0.5408
vn -0.9779 -0.1514 0.1443
vn -0.0930 0.7722 0.6286
vn -0.0827 -0.7958 -0.5998
vn 0.0466 -0.7809 -0.6229
vn 0.1881 -0.6056 0.7732
vn -0.0473 0.7808 0.6230
vn -0.2258 0.5992 -0.7681
vn -0.2997 0.7109 0.6362
vn 0.0163 0.7899 0.6130
vn 0.6578 0.6689 0.3462
vn 0.9772 0.1652 -0.1333
vn 0.9772 0.1652 -0.1334
vn 0.7242 -0.4353 -0.5348
vn 0.7242 -0.4354 -0.5348
vn 0.9772 0.1651 -0.1334
vn 0.1100 -0.7685 -0.6303
vn -0.0443 0.7813 0.6226
vn 0.0203 0.7903 0.6123
vn 0.1791 -0.6054 0.7755
vn 0.1829 -0.6051 0.7749
vn -0.0868 -0.7961 -0.5989
vn -0.0868 -0.7961 -0.5990
vn -0.0223 -0.7906 -0.6120
vn -0.2347 0.5991 -0.7655
vn -0.2310 0.5996 -0.7662
vn 0.9781 0.1102 -0.1765
vn 0.2981 0.7892 0.5369
vn 0.2980 0.7892 0.5369
vn 0.9781 0.1103 -0.1765
vn 0.1874 -0.6046 0.7742
vn 0.2570 -0.7266 -0.6371
vn 0.2572 -0.7266 -0.6371
vn 0.9781 0.1103 -0.1764
vn -0.2265 0.6002 -0.7671
vn -0.1275 -0.7978 -0.5893
vn -0.9087 -0.4103 -0.0768
vn -0.9087 -0.4104 -0.0767
vn -0.9087 -0.4104 -0.0768
vn -0.7602 0.3968 0.5144
vn 0.2203 -0.5964 0.7718
vn -0.1936 0.6085 -0.7696
vn 0.6659 -0.4904 -0.5622
vn 0.6660 -0.4903 -0.5622
vn 0.2188 -0.5971 0.7717
vn -0.0103 0.7865 0.6175
vn -0.1952 0.6078 -0.7697
vn 0.9087 0.4104 0.0767
vn 0.9087 0.4104 0.0768
vn 0.9087 0.4103 0.0767
vn -0.1886 -0.9802 -0.0603
vn -0.1743 -0.9825 -0.0656
vn -0.1697 -0.9833 -0.0662
vn -0.1456 -0.9873 -0.0631
vn -0.1953 -0.9791 -0.0560
vn -0.1783 -0.9820 -0.0618
vn -0.1749 -0.9830 -0.0561
vn -0.1768 -0.9827 -0.0558
vn -0.1751 -0.9825 -0.0635
vn -0.1745 -0.9826 -0.0645
vn -0.1821 -0.9818 -0.0548
vn 0.1880 0.9803 0.0611
vn 0.1735 0.9827 0.0644
vn 0.1782 0.9820 0.0619
vn 0.1953 0.9791 0.0560
vn -0.1756 -0.9829 -0.0560
vn 0.1764 0.9827 0.0567
vn 0.1774 0.9826 0.0555
vn 0.1749 0.9830 0.0561
vn 0.1754 0.9829 0.0555
vn 0.1468 0.9870 0.0649
vn 0.1716 0.9832 0.0628
vn 0.1752 0.9825 0.0636
vn 0.1741 0.9828 0.0621
vn -0.1614 0.0185 0.9867
vn 0.0841 0.8594 0.5043
vn -0.2455 -0.8409 0.4824
vn -0.2455 -0.8409 0.4823
vn -0.0841 -0.8594 -0.5044
vn -0.0841 -0.8594 -0.5043
vn 0.1615 -0.0185 -0.9867
vn 0.1614 -0.0185 -0.9867
vn 0.2455 0.8409 -0.4824
vn 0.2455 0.8409 -0.4823
vn 0.9598 -0.1833 -0.2128
vn 0.1903 0.9816 0.0127
vn 0.1902 0.9817 0.0127
vn -0.8909 0.1781 -0.4178
vn -0.1903 -0.9816 -0.0127
vn 0.1736 0.9824 0.0692
vn 0.1731 0.9823 0.0717
vn 0.0122 0.6631 0.7484
vn 0.0116 0.6613 0.7500
vn 0.9749 -0.1566 0.1581
vn 0.9749 -0.1567 0.1581
vn 0.9750 -0.1566 0.1578
vn 0.9749 -0.1567 0.1582
vn 0.9749 -0.1566 0.1580
vn -0.2103 -0.4170 0.8842
vn -0.1571 -0.0507 0.9863
vn -0.1560 -0.0446 0.9868
vn -0.9725 0.1819 -0.1456
vn -0.9725 0.1820 -0.1454
vn -0.9725 0.1821 -0.1455
vn -0.9725 0.1820 -0.1455
vn 0.2103 0.4170 -0.8842
vn 0.2327 0.7261 -0.6470
vn 0.2326 0.7219 -0.6517
vn 0.2495 0.7328 -0.6331
vn 0.2495 0.7344 -0.6312
vn 0.1770 0.9801 0.0901
vn 0.1766 0.9799 0.0926
vn 0.9745 -0.1634 0.1537
vn 0.9745 -0.1633 0.1536
vn 0.9745 -0.1634 0.1535
vn 0.9745 -0.1633 0.1537
vn -0.0947 0.3210 0.9423
vn -0.0008 0.6470 0.7625
vn 0.0008 0.6516 0.7586
vn -0.9684 0.1895 -0.1620
vn -0.9684 0.1898 -0.1620
vn -0.9684 0.1898 -0.1619
vn 0.0947 -0.3210 -0.9423
vn 0.1758 0.0585 -0.9827
vn 0.1748 0.0524 -0.9832
vn 0.5644 0.5700 0.5972
vn -0.2142 -0.5975 0.7727
vn -0.2149 -0.6011 0.7698
vn -0.2146 -0.5998 0.7709
vn -0.2137 -0.5952 0.7747
vn -0.6338 -0.5175 -0.5749
vn -0.6339 -0.5175 -0.5748
vn 0.2009 0.6064 -0.7693
vn 0.1951 0.6046 -0.7722
vn 0.1982 0.6056 -0.7707
vn 0.2029 0.6070 -0.7683
vn 0.8216 0.5616 -0.0977
vn 0.8217 0.5615 -0.0977
vn -0.1031 0.3098 0.9452
vn -0.1039 0.3023 0.9475
vn -0.1032 0.3089 0.9455
vn -0.1020 0.3198 0.9420
vn -0.7462 -0.6521 0.1336
vn -0.7463 -0.6521 0.1336
vn 0.0800 -0.2919 -0.9531
vn 0.0617 -0.2938 -0.9539
vn 0.0791 -0.2920 -0.9532
vn 0.0878 -0.2910 -0.9527
vn -0.0777 0.9485 -0.3072
vn 0.2992 0.9178 -0.2609
vn -0.0935 0.3001 0.9493
vn -0.3085 -0.9152 0.2592
vn 0.0576 -0.9504 0.3058
vn 0.0908 -0.2998 -0.9497
vn -0.6158 0.7322 -0.2910
vn -0.9887 0.0854 -0.1229
vn -0.9887 0.0853 -0.1229
vn -0.7825 -0.6115 0.1172
vn -0.0921 0.2999 0.9495
vn -0.0921 0.3000 0.9495
vn 0.0922 -0.2999 -0.9495
vn 0.0921 -0.2999 -0.9495
vn 0.5923 -0.7500 0.2944
vn 0.9887 -0.0854 0.1229
vn 0.9887 -0.0853 0.1229
vn 0.7706 0.6254 -0.1228
vn -0.3538 -0.9012 0.2504
vn -0.1510 -0.9468 0.2844
vn -0.3421 -0.9050 0.2527
vn -0.0613 0.3729 0.9259
vn -0.0688 0.2971 0.9524
vn -0.0685 0.3003 0.9514
vn -0.0610 0.3759 0.9247
vn -0.0558 0.9505 -0.3057
vn 0.1537 0.9464 -0.2841
vn -0.0433 0.9514 -0.3048
vn 0.0978 -0.3773 -0.9209
vn 0.1154 -0.3027 -0.9461
vn 0.1147 -0.3059 -0.9451
vn 0.0971 -0.3803 -0.9197
vn -0.5882 0.7530 -0.2950
vn -0.6125 0.7348 -0.2915
vn -0.9840 0.1185 -0.1329
vn -0.9840 0.1184 -0.1329
vn -0.9840 0.1185 -0.1328
vn -0.8212 -0.5621 0.0979
vn -0.8036 -0.5855 0.1070
vn 0.0582 0.2950 0.9537
vn 0.1646 0.1464 0.9754
vn 0.0154 0.3199 0.9473
vn -0.0284 0.3452 0.9381
vn 0.2803 -0.3172 -0.9060
vn 0.0922 -0.3000 -0.9495
vn 0.1450 -0.3592 -0.9219
vn 0.2507 -0.3419 -0.9057
vn 0.1131 -0.3821 -0.9172
vn -0.0596 -0.9535 0.2954
vn -0.0595 -0.9535 0.2954
vn 0.8726 -0.4351 0.2221
vn 0.8726 -0.4351 0.2219
vn 0.8602 0.5043 -0.0758
vn -0.0153 0.2607 0.9653
vn -0.0177 0.2619 0.9649
vn 0.1658 -0.3357 -0.9273
vn 0.1681 -0.3368 -0.9264
vn 0.0923 -0.3000 -0.9495
vn -0.4792 -0.8492 0.2218
vn -0.7335 -0.6654 0.1390
vn -0.7334 -0.6654 0.1390
vn -0.1658 0.3362 0.9271
vn -0.1941 0.3490 0.9168
vn -0.1914 0.3479 0.9178
vn -0.1698 0.3381 0.9257
vn 0.4219 0.8755 -0.2356
vn 0.1092 0.9508 -0.2898
vn 0.4220 0.8755 -0.2356
vn 0.0138 -0.2594 -0.9657
vn -0.0085 -0.2481 -0.9687
vn -0.0112 -0.2466 -0.9691
vn 0.0178 -0.2615 -0.9650
vn -0.8725 0.4351 -0.2222
vn -0.8726 0.4351 -0.2221
vn -0.8726 0.4350 -0.2221
vn 0.0921 -0.3000 -0.9495
vn -0.4991 -0.8390 0.2166
vn -0.0425 0.2749 0.9605
vn -0.0393 0.2733 0.9611
vn 0.5321 0.8208 -0.2077
vn 0.1446 -0.3255 -0.9344
vn 0.1415 -0.3240 -0.9354
vn 0.2964 0.9186 -0.2614
vn 0.8036 0.5855 -0.1070
vn -0.0653 0.2827 0.9570
vn -0.0952 0.3019 0.9486
vn -0.7876 -0.6053 0.1148
vn -0.2711 -0.9251 0.2659
vn 0.1188 -0.3168 -0.9410
vn 0.0891 -0.2980 -0.9504
vn -0.8176 0.5214 -0.2441
vn -0.8177 0.5214 -0.2440
vn -0.0170 0.2511 0.9678
vn 0.1664 -0.3463 -0.9232
vn 0.8176 -0.5215 0.2440
vn 0.8176 -0.5214 0.2443
vn 0.8177 -0.5214 0.2441
vn 0.8177 -0.5214 0.2440
vn -0.0922 0.2999 0.9495
vn -0.0208 0.9528 -0.3030
vn 0.0208 -0.9528 0.3030
vn -0.0922 0.3000 0.9495
vn 0.1919 0.7475 0.6359
vn -0.1017 0.7968 0.5956
vn -0.2258 -0.5995 0.7679
vn -0.0343 -0.7829 -0.6212
vn 0.1881 0.6053 -0.7734
vn 0.0043 0.7873 0.6166
vn -0.6703 0.6612 0.3368
vn -0.9779 0.1515 -0.1442
vn -0.9779 0.1514 -0.1442
vn -0.7127 -0.4469 -0.5407
vn -0.0555 -0.7794 -0.6241
vn 0.2984 -0.7892 -0.5368
vn -0.2070 -0.6025 0.7708
vn 0.2070 0.6025 -0.7708
vn -0.2834 -0.7171 -0.6367
vn 0.0333 -0.7917 -0.6099
vn 0.0334 -0.7918 -0.6099
vn 0.6703 -0.6612 -0.3368
vn 0.9779 -0.1515 0.1442
vn 0.9779 -0.1515 0.1441
vn 0.9779 -0.1514 0.1442
vn 0.7126 0.4470 0.5408
vn 0.0930 0.7722 0.6286
vn 0.0827 -0.7958 -0.5999
vn -0.0466 -0.7809 -0.6229
vn -0.1881 -0.6056 0.7732
vn 0.0473 0.7808 0.6230
vn 0.2258 0.5992 -0.7681
vn 0.2997 0.7109 0.6362
vn -0.0163 0.7899 0.6131
vn -0.6578 0.6689 0.3462
vn -0.9772 0.1652 -0.1333
vn -0.9772 0.1651 -0.1334
vn -0.7242 -0.4354 -0.5348
vn -0.1100 -0.7685 -0.6303
vn 0.0442 0.7813 0.6226
vn -0.0203 0.7903 0.6123
vn -0.1791 -0.6054 0.7755
vn -0.1829 -0.6050 0.7749
vn 0.0869 -0.7961 -0.5989
vn 0.0223 -0.7906 -0.6120
vn 0.2348 0.5991 -0.7655
vn 0.2310 0.5996 -0.7662
vn -0.9781 0.1102 -0.1765
vn -0.9781 0.1103 -0.1765
vn -0.2980 0.7892 0.5369
vn -0.1875 -0.6046 0.7742
vn -0.9781 0.1103 -0.1764
vn -0.2572 -0.7267 -0.6371
vn -0.2571 -0.7266 -0.6371
vn 0.2265 0.6002 -0.7671
vn 0.1275 -0.7978 -0.5893
vn 0.9087 -0.4104 -0.0767
vn 0.9087 -0.4102 -0.0769
vn 0.9087 -0.4104 -0.0768
vn 0.9086 -0.4105 -0.0766
vn 0.7602 0.3969 0.5144
vn 0.7602 0.3968 0.5144
vn -0.2203 -0.5964 0.7718
vn 0.1937 0.6084 -0.7696
vn 0.2069 0.6025 -0.7708
vn -0.6659 -0.4904 -0.5622
vn -0.2188 -0.5971 0.7717
vn 0.0103 0.7865 0.6175
vn 0.1951 0.6078 -0.7697
vn -0.9087 0.4104 0.0767
vn -0.9087 0.4104 0.0768
vn -0.9087 0.4103 0.0768
vn -0.1615 0.0185 0.9867
vn -0.1613 0.0185 0.9867
vn 0.2425 -0.0595 0.9683
vn -0.7275 0.1323 0.6732
vn -0.7275 0.1324 0.6732
vn 0.2810 -0.0421 -0.9588
vn 0.3343 -0.0526 -0.9410
vn -0.7275 0.1323 0.6733
vn 0.4115 -0.0915 0.9068
vn 0.2268 -0.0314 -0.9734
vn -0.9814 0.1898 0.0293
vn -0.9814 0.1898 0.0290
vn -0.9814 0.1899 0.0293
vn -0.9814 0.1899 0.0292
vn 0.9814 -0.1898 -0.0292
vn 0.9814 -0.1898 -0.0290
vn 0.9814 -0.1899 -0.0292
vn 0.9814 -0.1899 -0.0293
vn -0.0263 0.0180 -0.9995
vn 0.0263 -0.0180 0.9995
vn 0.9420 -0.1789 -0.2839
vn 0.9814 -0.1899 -0.0278
vn 0.9548 -0.1881 0.2303
vn -0.7548 0.6552 0.0316
vn -0.7548 0.6552 0.0317
vn -0.7547 0.6553 0.0317
vn -0.7547 0.6553 0.0316
vn 0.9450 0.3264 -0.0190
vn 0.9450 0.3264 -0.0189
vn 0.2928 0.8541 -0.4299
vn 0.0011 -0.0131 0.9999
vn -0.0454 -0.8906 -0.4525
vn 0.5856 -0.1031 -0.8040
vn 0.0534 0.8867 0.4592
vn -0.2840 -0.8536 0.4367
vn -0.9814 0.1898 0.0292
vn 0.9814 -0.1898 -0.0293
vn -0.9450 -0.3264 0.0190
vn -0.9450 -0.3264 0.0189
vn 0.7547 -0.6553 -0.0316
vn 0.7547 -0.6553 -0.0317
vn 0.7548 -0.6552 -0.0316
vn 0.7548 -0.6552 -0.0317
vn -0.8631 0.1734 -0.4744
vn -0.8630 0.1734 -0.4744
vn -0.8367 0.1554 0.5251
vn -0.8368 0.1554 0.5251
vn 0.8631 -0.1734 0.4744
vn 0.8630 -0.1734 0.4744
vn 0.8368 -0.1554 -0.5251
vn 0.8367 -0.1554 -0.5251
vn 0.9779 -0.1906 0.0854
vn 0.9777 -0.1907 0.0879
vn 0.4587 -0.1003 0.8829
vn 0.4565 -0.0999 0.8841
vn -0.4694 0.1024 -0.8771
vn -0.9765 0.1908 -0.1001
vn -0.9771 0.1906 -0.0946
vn -0.4646 0.1016 -0.8797
vn 0.5139 -0.0881 -0.8533
vn 0.5089 -0.0865 -0.8564
vn 0.7574 -0.1382 -0.6381
vn 0.7525 -0.1374 -0.6441
vn -0.2844 0.0432 0.9577
vn -0.5785 0.1027 0.8092
vn -0.5737 0.1012 0.8128
vn -0.2918 0.0443 0.9555
vn 0.1531 0.9881 -0.0164
vn 0.1755 0.9845 0.0027
vn 0.1396 0.9901 -0.0133
vn 0.1226 0.9919 -0.0327
vn 0.1403 0.9896 -0.0302
vn 0.1759 0.9777 -0.1146
vn -0.5853 0.1049 0.8040
vn -0.5823 0.1054 0.8061
vn -0.5402 -0.7998 -0.2618
vn 0.5016 -0.0843 -0.8610
vn 0.5049 -0.0838 -0.8591
vn 0.0669 0.9953 -0.0694
vn -0.7571 0.1396 0.6382
vn -0.7630 0.1403 0.6309
vn 0.2759 -0.0407 -0.9603
vn 0.2849 -0.0415 -0.9577
vn 0.1520 0.9882 -0.0160
vn 0.1602 0.9865 -0.0351
vn 0.1526 0.9882 -0.0153
vn 0.1604 0.9870 -0.0074
vn 0.1470 0.9891 -0.0091
vn 0.1487 0.9888 -0.0124
vn 0.9779 -0.1908 0.0854
vn -0.4693 0.1023 -0.8771
vn -0.7067 0.1280 0.6959
vn -0.9554 0.1881 -0.2275
vn -0.9560 0.1882 -0.2250
vn -0.7084 0.1284 0.6941
vn 0.9587 -0.1886 0.2130
vn 0.9575 -0.1884 0.2184
vn 0.7129 -0.1293 -0.6892
vn 0.7166 -0.1303 -0.6852
vn 0.3040 -0.0717 0.9500
vn -0.0178 -0.0096 0.9998
vn -0.0255 -0.0084 0.9996
vn 0.3143 -0.0743 0.9464
vn -0.5225 0.1118 -0.8453
vn -0.5160 0.1109 -0.8494
vn -0.2147 0.0538 -0.9752
vn -0.2041 0.0511 -0.9776
vn -0.1255 -0.9918 -0.0227
vn -0.1119 -0.9931 -0.0346
vn -0.1375 -0.9899 -0.0344
vn -0.1731 -0.9847 -0.0175
vn -0.1442 -0.9893 -0.0221
vn -0.0861 -0.9944 0.0608
vn -0.1888 0.0476 -0.9809
vn -0.1946 0.0475 -0.9797
vn 0.7078 0.6912 -0.1457
vn 0.3234 -0.0778 0.9430
vn 0.3290 -0.0776 0.9411
vn 0.0107 -0.9976 -0.0679
vn 0.0252 0.0069 -0.9997
vn 0.0345 0.0057 -0.9994
vn 0.5221 -0.1135 0.8453
vn 0.5300 -0.1140 0.8403
vn -0.1455 -0.9888 -0.0315
vn -0.1562 -0.9875 -0.0222
vn -0.1447 -0.9892 -0.0232
vn -0.1443 -0.9891 -0.0280
vn -0.1437 -0.9893 -0.0231
vn -0.1351 -0.9908 -0.0048
vn -0.7084 0.1283 0.6941
vn 0.9575 -0.1886 0.2183
vn -0.4226 0.8569 -0.2951
vn 0.5736 0.7745 -0.2667
vn -0.4226 0.8569 -0.2950
vn 0.9962 -0.0824 0.0284
vn 0.4226 -0.8569 0.2950
vn 0.4226 -0.8569 0.2951
vn -0.5736 -0.7745 0.2667
vn -0.9962 0.0824 -0.0284
vn -0.9386 0.3262 -0.1123
vn -0.7423 0.6335 -0.2181
vn 0.9063 0.3996 -0.1376
vn 0.0361 -0.9449 0.3254
vn 0.0361 -0.9449 0.3253
vn -0.3391 -0.8895 0.3063
vn -0.6623 -0.0697 0.7460
vn -0.6622 -0.0699 0.7461
vn -0.6623 -0.5142 -0.5449
vn -0.6623 -0.5143 -0.5449
vn -0.0000 -0.3255 -0.9455
vn -0.0000 -0.3256 -0.9455
vn -0.4226 0.8570 -0.2951
vn 0.4227 -0.8569 0.2951
vn -0.0617 -0.3520 -0.9340
vn -0.0617 -0.3520 -0.9339
vn -0.0247 0.3146 0.9489
vn -0.6623 -0.0698 0.7460
vn -0.0000 0.3256 0.9455
vn -0.7240 -0.1234 0.6787
vn -0.6408 -0.5128 -0.5713
vn 0.0001 -0.3255 -0.9455
vn -0.2505 0.2024 0.9467
vn 0.0060 0.3282 0.9446
vn -0.9061 -0.3932 0.1559
vn -0.9061 -0.3931 0.1561
vn -0.1679 -0.3939 -0.9037
vn -0.1678 -0.3939 -0.9037
vn 0.3242 -0.1611 -0.9322
vn 0.8896 0.4545 0.0458
vn 0.0061 0.3282 0.9446
vn 0.4226 -0.8570 0.2950
vn -0.8620 -0.2794 0.4230
vn -0.5327 -0.4983 -0.6841
vn -0.5328 -0.4981 -0.6841
vn -0.8620 -0.2795 0.4230
vn -0.5327 -0.4983 -0.6840
vn 0.5327 -0.0286 -0.8458
vn 0.5327 -0.0285 -0.8458
vn -0.5328 -0.4982 -0.6840
vn 0.8620 0.4806 0.1613
vn -0.0000 0.3255 0.9455
vn -0.0001 0.3256 0.9455
vn 0.0001 0.3256 0.9455
vn -0.7648 -0.1625 0.6234
vn 0.1574 0.3900 0.9072
vn 0.1574 0.3900 0.9073
vn 0.8850 0.4604 0.0695
vn 0.1573 0.3900 0.9073
vn -0.8950 -0.3434 0.2847
vn 0.8898 0.3305 -0.3147
vn -0.8971 -0.3493 0.2705
vn 0.3669 -0.9290 0.0481
vn 0.8870 0.3243 -0.3286
vn -0.4491 0.7254 -0.5216
vn -0.4490 0.7254 -0.5216
vn -0.9060 -0.4077 0.1137
vn 0.8436 0.2529 -0.4738
vn -0.4226 0.8570 -0.2950
vn -0.6333 -0.5121 -0.5802
vn 0.3734 -0.1320 -0.9182
vn -0.4227 0.8569 -0.2951
vn 0.9043 0.4201 -0.0752
vn 0.9044 0.4201 -0.0752
vn 0.6815 0.0859 -0.7267
vn -0.8389 -0.4931 -0.2304
vn -0.3508 -0.4549 -0.8186
vn 0.8831 0.4626 0.0786
vn -0.8831 -0.4625 -0.0784
vn -0.8831 -0.4626 -0.0788
vn 0.8831 0.4625 0.0786
vn 0.0556 -0.2696 0.9614
vn -0.8831 -0.4626 -0.0786
vn -0.3993 0.6528 0.6438
vn 0.8202 0.5001 0.2777
vn -0.9062 -0.4042 0.1240
vn 0.3074 0.4418 0.8428
vn -0.6500 -0.0597 0.7576
vn 0.6816 0.0859 -0.7267
vn 0.0871 -0.9419 0.3244
vn 0.0871 -0.9420 0.3242
vn 0.0872 -0.9419 0.3243
vn 0.0871 -0.9419 0.3243
vn -0.4424 0.7789 0.4446
vn 0.3329 0.8430 0.4225
vn 0.7205 0.6557 -0.2258
vn 0.3328 0.4042 -0.8520
vn -0.4424 0.3401 -0.8298
vn -0.8300 0.5275 -0.1816
vn -0.5017 -0.2773 -0.8194
vn -0.9992 -0.0368 0.0127
vn -0.8299 0.5275 -0.1816
vn -0.4423 0.3402 -0.8298
vn -0.5018 0.2859 0.8164
vn -0.4423 0.7790 0.4445
vn 0.4933 0.3682 0.7881
vn 0.3329 0.8431 0.4224
vn 0.9908 0.1278 -0.0440
vn 0.7204 0.6558 -0.2258
vn 0.3328 0.8431 0.4224
vn 0.4933 -0.1950 -0.8477
vn 0.3328 0.4043 -0.8519
vn 0.3329 0.4043 -0.8519
vn 0.9942 0.1015 -0.0349
vn -0.9942 -0.1015 0.0349
vn 0.9397 -0.3234 0.1114
vn 0.9397 -0.3234 0.1113
vn -0.4571 0.3294 -0.8262
vn -0.7232 -0.3620 -0.5881
vn -0.8563 -0.4883 0.1681
vn -0.7232 0.0768 0.6863
vn -0.4571 0.7682 0.4482
vn -0.3240 0.8945 -0.3080
vn 0.1254 0.1777 -0.9761
vn -0.4572 0.3294 -0.8261
vn -0.3241 0.8945 -0.3080
vn 0.2963 0.9031 -0.3109
vn -0.4572 0.7682 0.4482
vn 0.1254 0.7409 0.6597
vn -0.7233 0.0769 0.6862
vn -0.2162 -0.1465 0.9653
vn -0.2161 -0.1465 0.9653
vn -0.7233 0.0769 0.6863
vn -0.8564 -0.4882 0.1681
vn -0.3870 -0.8718 0.3003
vn -0.7233 -0.3619 -0.5881
vn -0.2162 -0.7097 -0.6705
vn -0.2161 -0.7097 -0.6705
vn -0.7233 -0.3620 -0.5881
vn -0.3610 -0.8818 0.3036
vn 0.3610 0.8818 -0.3036
vn -0.1408 -0.9748 0.1733
vn -0.1418 -0.9745 0.1738
vn -0.1394 -0.9751 0.1727
vn -0.1384 -0.9753 0.1722
vn 0.1408 0.9748 -0.1733
vn 0.1384 0.9753 -0.1722
vn 0.1394 0.9751 -0.1727
vn 0.1418 0.9745 -0.1738
vn 0.1408 -0.9749 0.1726
vn 0.1418 -0.9748 0.1721
vn 0.1394 -0.9749 0.1733
vn 0.1384 -0.9750 0.1738
vn -0.1408 0.9749 -0.1726
vn -0.1384 0.9750 -0.1738
vn -0.1394 0.9749 -0.1733
vn -0.1418 0.9748 -0.1721
vn -0.5000 0.8188 -0.2819
vn 0.5000 0.8188 -0.2819
vn 0.5000 -0.8188 0.2820
vn -0.5000 -0.8188 0.2820
vn -0.3296 0.7846 0.5252
vn -0.6591 0.2449 0.7111
vn -0.6591 0.2448 0.7111
vn -0.3296 -0.2949 0.8969
vn 0.3296 -0.2949 0.8969
vn 0.6591 0.2448 0.7111
vn 0.6591 0.2449 0.7111
vn 0.3296 0.7846 0.5252
vn -0.5000 0.8166 -0.2883
vn -1.0000 -0.0022 -0.0063
vn 0.5000 0.8166 -0.2883
vn 1.0000 -0.0022 -0.0063
vn 0.5000 -0.8188 0.2819
vn 0.5000 -0.8210 0.2756
vn -0.5000 -0.8189 0.2820
vn -0.5000 -0.8210 0.2756
vn -0.5000 0.8144 -0.2947
vn -0.9999 -0.0044 -0.0127
vn 0.5000 0.8144 -0.2947
vn 0.9999 -0.0044 -0.0127
vn 0.4999 -0.8232 0.2692
vn -0.5000 -0.8232 0.2692
vn -0.2477 -0.9161 0.3154
vn -0.3202 -0.9144 -0.2478
vn 0.3202 -0.9144 -0.2478
vn 0.2477 -0.9161 0.3154
vn -0.2477 0.9160 -0.3154
vn 0.2477 0.9160 -0.3154
vn 0.3202 0.5679 -0.7583
vn -0.3202 0.5679 -0.7582
vn -0.3516 -0.3048 -0.8852
vn 0.3516 -0.3048 -0.8851
vn 0.8911 -0.1478 -0.4290
vn 0.8911 -0.1477 -0.4290
vn -0.8911 -0.1478 -0.4290
vn -0.8911 -0.1477 -0.4290
vn -0.0000 -0.9455 0.3256
vn -0.0000 0.9455 -0.3256
vn -0.0000 -0.0436 -0.9990
vn -0.9380 -0.3434 0.0462
vn -0.0000 -0.6127 0.7903
vn -0.0000 -0.3551 0.9348
vn -0.9862 -0.0433 0.1598
vn 0.9380 -0.3434 0.0462
vn 0.9862 -0.0433 0.1598
vn -0.0000 -0.6128 0.7902
vn -0.9508 0.0754 -0.3006
vn 0.9508 0.0754 -0.3006
vn -0.0000 0.2849 -0.9586
vn -0.0000 -0.3251 -0.9457
vn 0.9508 0.0755 -0.3006
vn -0.0000 0.2849 -0.9585
vn -0.9508 0.0755 -0.3005
vn -0.0000 -0.3250 -0.9457
vn -0.0000 0.2850 -0.9585
vn -0.0000 0.9455 -0.3255
vn -0.0004 0.3256 0.9455
vn -0.0000 -0.9455 0.3257
vn 0.0001 0.9455 -0.3256
vn -0.0001 0.9455 -0.3256
vn -0.0000 -0.9455 0.3255
vn 0.7689 0.2081 0.6045
vn -0.0967 -0.9411 0.3240
vn -0.4333 -0.2934 -0.8521
vn 0.2136 0.9237 -0.3181
vn -0.7689 0.2081 0.6045
vn 0.0967 -0.9411 0.3240
vn 0.4333 -0.2934 -0.8521
vn -0.2136 0.9237 -0.3181
vn -0.9961 -0.0289 -0.0838
vn 0.9961 -0.0289 -0.0838
vn 0.9382 -0.3272 0.1127
vn 0.9382 -0.3271 0.1127
vn -0.9382 -0.3272 0.1126
vn -0.9382 -0.3271 0.1126
vn 0.9382 -0.3272 0.1126
vn -0.0000 0.6587 0.7524
vn -0.0000 0.9664 0.2571
vn -0.0000 0.0559 -0.9984
vn -0.0000 0.6032 -0.7976
vn -0.0000 0.9956 0.0942
vn -0.0000 0.9867 0.1626
vn -0.0000 0.9731 0.2302
vn -0.0000 -0.9749 -0.2224
vn -0.4369 -0.6012 0.6691
vn -0.6179 -0.7434 0.2560
vn -0.0000 -0.5423 0.8402
vn 0.4369 -0.6012 0.6691
vn 0.6179 -0.7434 0.2560
vn 0.4369 -0.8857 -0.1571
vn -0.0000 -0.9446 -0.3282
vn -0.4369 -0.8857 -0.1571
vn 0.8491 0.3789 0.3680
vn -0.3448 0.7682 0.5394
vn -0.6252 0.6923 0.3602
vn -0.8253 0.1748 0.5369
vn -0.9284 -0.0973 0.3587
vn -0.8529 -0.3789 0.3590
vn -0.6942 -0.6234 0.3599
vn -0.4677 -0.8068 0.3610
vn 0.0850 -0.8363 0.5416
vn 0.6215 -0.6923 0.3667
vn 0.8197 -0.1749 0.5455
vn -0.9246 0.0973 0.3683
vn -0.8491 0.3789 0.3679
vn -0.6220 0.5627 0.5445
vn -0.6904 0.6234 0.3671
vn 0.3449 0.7682 0.5394
vn 0.7311 0.4205 0.5374
vn 0.9284 -0.0973 0.3586
vn 0.8530 -0.3789 0.3590
vn 0.4677 -0.8068 0.3610
vn -0.0850 -0.8363 0.5416
vn -0.5599 -0.6249 0.5441
vn -0.6215 -0.6923 0.3668
vn -0.9093 -0.1937 0.3683
vn 0.8127 0.0325 0.5818
vn 0.7303 0.3796 0.5679
vn 0.7915 -0.3188 0.5214
vn 0.7049 0.4386 0.5575
vn 0.7766 -0.3794 0.5030
vn -0.8127 0.0325 0.5818
vn -0.7303 0.3796 0.5679
vn -0.7915 -0.3188 0.5214
vn -0.7049 0.4386 0.5575
vn -0.7766 -0.3794 0.5030
vn 0.9325 -0.0016 0.3611
vn 0.9002 0.0252 0.4347
vn 0.6811 0.5455 0.4885
vn 0.5784 -0.1480 0.8022
vn 0.2609 0.8382 0.4790
vn 0.2674 0.8268 0.4949
vn 0.5703 -0.1803 0.8014
vn 0.3874 -0.8420 0.3754
vn 0.3572 -0.8607 0.3627
vn 0.5703 -0.1802 0.8014
vn -0.1235 0.9888 -0.0834
vn -0.1486 0.9819 -0.1173
vn -0.1449 0.9793 -0.1412
vn -0.1061 0.9903 -0.0894
vn -0.0437 0.9985 0.0333
vn -0.0056 0.9979 0.0651
vn 0.3133 -0.9346 0.1682
vn 0.2918 -0.9374 0.1899
vn 0.4892 -0.8021 0.3425
vn 0.5604 -0.7683 0.3092
vn 0.7920 -0.5095 0.3363
vn 0.9002 0.0251 0.4347
vn 0.9325 -0.0017 0.3611
vn 0.2283 -0.9721 -0.0533
vn 0.2357 -0.9703 -0.0554
vn 0.1895 -0.9807 -0.0483
vn 0.1926 -0.9806 -0.0357
vn 0.1299 -0.9913 0.0223
vn 0.0907 -0.9948 -0.0473
vn 0.0636 -0.9963 -0.0585
vn 0.1182 -0.9930 0.0009
vn 0.0670 -0.9941 -0.0849
vn -0.1066 0.9936 -0.0379
vn 0.0204 0.9899 0.1403
vn 0.1901 -0.9813 0.0318
vn 0.1420 -0.9893 -0.0321
vn 0.1050 -0.9936 -0.0409
vn 0.0957 -0.9928 -0.0720
vn -0.1578 0.9787 -0.1315
vn -0.1553 0.9807 -0.1184
vn -0.1503 0.9823 -0.1122
vn -0.1260 0.9899 -0.0645
vn -0.1381 0.9866 -0.0867
vn -0.1604 0.9746 -0.1561
vn -0.1628 0.9701 -0.1802
vn -0.1740 0.9677 -0.1825
vn -0.1848 0.9647 -0.1878
vn -0.1453 0.9863 -0.0781
vn -0.1399 0.9857 -0.0936
vn -0.1390 0.9864 -0.0874
vn -0.1408 0.9853 -0.0971
vn -0.1555 0.9810 -0.1162
vn -0.1569 0.9807 -0.1169
vn 0.2795 -0.9479 0.1526
vn 0.7815 -0.0175 0.6236
vn 0.7046 -0.0697 0.7062
vn 0.1848 -0.9767 0.1095
vn -0.0539 0.9985 0.0073
vn 0.0161 0.9991 -0.0386
vn 0.2281 0.9705 0.0781
vn 0.4138 0.8755 0.2494
vn 0.2140 0.9530 0.2144
vn 0.7815 -0.0174 0.6236
vn 0.8540 -0.0994 0.5107
vn 0.3400 -0.9346 0.1044
vn 0.1607 -0.9852 -0.0605
vn 0.0289 -0.9937 -0.1082
vn 0.0814 -0.9909 -0.1068
vn 0.1505 0.9619 0.2283
vn 0.7045 -0.0696 0.7062
vn -0.0094 0.9974 -0.0711
vn 0.4534 0.8904 0.0393
vn 0.5246 0.8355 0.1637
vn 0.9049 -0.0612 0.4212
vn 0.4949 -0.8677 0.0473
vn 0.3287 -0.9412 -0.0775
vn 0.9975 -0.0703 0.0058
vn 0.9986 -0.0437 0.0294
vn 0.9986 -0.0436 0.0294
vn 0.9975 -0.0702 0.0058
vn 0.0439 0.9862 0.1599
vn 0.0934 0.9703 0.2233
vn -0.0987 0.9949 -0.0232
vn 0.2542 0.9357 0.2447
vn 0.1679 0.9688 0.1823
vn 0.4935 0.7534 0.4346
vn 0.7957 0.0324 0.6048
vn 0.1568 -0.9849 0.0738
vn 0.2757 -0.9402 0.1999
vn 0.2383 -0.9678 0.0814
vn 0.5854 -0.1297 0.8003
vn 0.2369 0.8655 0.4413
vn 0.5854 -0.1296 0.8003
vn 0.2150 -0.9765 0.0121
vn 0.8349 0.0045 -0.5503
vn 0.8396 -0.0131 -0.5430
vn 0.8335 0.0042 -0.5525
vn 0.8405 -0.0201 -0.5415
vn 0.8405 -0.0202 -0.5415
vn 0.8386 -0.0406 -0.5433
vn -0.8161 0.0177 0.5776
vn -0.8056 -0.0064 0.5925
vn -0.8030 -0.0012 0.5960
vn -0.8030 -0.0011 0.5960
vn -0.8056 -0.0065 0.5925
vn -0.8021 -0.0366 0.5960
vn -0.8188 0.0167 0.5739
vn 0.2731 0.8391 0.4705
vn 0.2659 0.8485 0.4575
vn 0.3477 0.7165 0.6047
vn 0.3528 0.7062 0.6139
vn 0.5748 -0.3939 0.7172
vn 0.4880 -0.6613 0.5697
vn 0.4924 -0.6484 0.5806
vn 0.5822 -0.3836 0.7168
vn 0.6325 -0.3407 0.6957
vn 0.9088 -0.0094 -0.4172
vn 0.9006 -0.0054 -0.4347
vn 0.8875 0.0812 -0.4536
vn 0.9006 -0.0055 -0.4347
vn 0.9088 -0.0095 -0.4172
vn 0.8993 -0.1131 -0.4225
vn 0.8752 0.0854 -0.4762
vn -0.8192 0.0061 0.5735
vn -0.8221 0.0074 0.5693
vn -0.8118 -0.1157 0.5724
vn -0.8186 0.0920 0.5669
vn -0.8221 0.0075 0.5693
vn -0.8226 0.1045 0.5589
vn 0.4853 -0.6231 0.6134
vn 0.4434 -0.7168 0.5381
vn 0.4444 -0.7165 0.5378
vn 0.4856 -0.6222 0.6140
vn 0.1137 0.9494 0.2927
vn 0.1089 0.9510 0.2893
vn 0.1907 0.8942 0.4051
vn 0.1924 0.8926 0.4076
vn 0.4975 -0.5798 0.6453
vn 0.4969 -0.5818 0.6439
vn 0.0550 0.9771 0.2053
vn 0.0526 0.9781 0.2014
vn -0.1351 0.4445 -0.8856
vn -0.1317 0.4367 -0.8899
vn -0.1367 0.4593 -0.8777
vn -0.1370 0.4607 -0.8769
vn -0.1370 0.4608 -0.8769
vn -0.1356 0.4449 -0.8853
vn 0.1892 -0.9682 0.1639
vn 0.1922 -0.9668 0.1681
vn 0.1871 -0.9691 0.1610
vn 0.1838 -0.9704 0.1565
vn -0.4030 0.1798 -0.8974
vn -0.3942 0.1479 -0.9071
vn -0.3876 0.5496 -0.7401
vn -0.3426 0.7489 -0.5672
vn -0.3407 0.7548 -0.5606
vn -0.4063 0.1710 -0.8976
vn 0.0986 -0.9930 0.0647
vn 0.0155 -0.9986 0.0511
vn 0.1574 -0.9827 0.0980
vn 0.2030 -0.9747 0.0937
vn 0.9134 0.0072 -0.4070
vn 0.9089 0.0190 -0.4166
vn 0.9124 0.0098 -0.4091
vn 0.9161 -0.0002 -0.4009
vn 0.1569 -0.9807 0.1169
vn 0.1222 -0.9905 0.0633
vn 0.1169 -0.9916 0.0561
vn 0.1449 -0.9850 0.0939
vn 0.1496 -0.9837 0.1001
vn -0.9183 -0.0429 0.3936
vn -0.7722 -0.5025 0.3889
vn -0.9113 -0.1047 0.3983
vn -0.9194 -0.0290 0.3923
vn 0.4208 -0.8703 0.2561
vn -0.1027 -0.9602 0.2596
vn -0.2176 -0.9664 0.1367
vn 0.5335 -0.8362 0.1276
vn -0.1955 -0.9757 0.0992
vn 0.5354 -0.8399 0.0889
vn -0.7366 -0.6380 0.2244
vn -0.9623 -0.2429 0.1223
vn -0.9838 -0.1771 0.0294
vn -0.8388 -0.5385 0.0803
vn -0.9847 -0.1737 0.0119
vn -0.8263 -0.5607 0.0530
vn 0.9871 0.1165 0.1098
vn 0.9097 -0.3526 0.2191
vn 0.9732 -0.2228 0.0568
vn 0.9848 0.1738 0.0009
vn 0.9711 -0.2366 0.0299
vn 0.9847 0.1737 -0.0119
vn 0.6957 -0.6348 0.3361
vn -0.4054 -0.8481 0.3411
vn 0.1704 -0.9128 0.3712
vn -0.8387 -0.5386 0.0804
vn 0.9732 -0.2229 0.0569
vn 0.9097 -0.3526 0.2192
vn -0.8262 -0.5608 0.0530
vn 0.1871 -0.9137 0.3608
vn 0.9711 -0.2367 0.0299
vn -0.2258 -0.8913 0.3931
vn -0.1745 -0.9496 0.2605
vn 0.5054 -0.8382 0.2050
vn 0.4090 -0.8115 0.4174
vn 0.5957 -0.7980 0.0910
vn -0.7988 -0.4750 0.3693
vn -0.9551 -0.1037 0.2775
vn -0.9779 -0.1206 0.1706
vn -0.7798 -0.5620 0.2756
vn 0.9404 0.1010 0.3248
vn 0.8665 -0.2787 0.4141
vn 0.9495 -0.2523 0.1866
vn 0.9840 0.1130 0.1374
vn 0.9692 -0.2331 0.0797
vn 0.9916 0.1155 0.0578
vn -0.7798 -0.5621 0.2756
vn 0.9495 -0.2524 0.1867
vn 0.0820 -0.8441 0.5298
vn -0.5578 -0.6399 0.5286
vn 0.6288 -0.5663 0.5328
vn -0.5577 -0.6399 0.5286
vn 0.9692 -0.2332 0.0797
vn -0.2267 -0.8830 0.4109
vn -0.1875 -0.9381 0.2913
vn 0.5081 -0.8311 0.2261
vn 0.4055 -0.8042 0.4346
vn 0.6100 -0.7836 0.1176
vn -0.7998 -0.4711 0.3721
vn -0.9569 -0.1078 0.2698
vn -0.9810 -0.1133 0.1573
vn -0.7940 -0.5376 0.2839
vn 0.9417 0.1057 0.3194
vn 0.8675 -0.2700 0.4178
vn 0.9476 -0.2434 0.2070
vn 0.9816 0.1140 0.1533
vn 0.9700 -0.2119 0.1188
vn 0.9884 0.1162 0.0978
vn -0.7997 -0.4711 0.3721
vn 0.9475 -0.2435 0.2070
vn 0.8675 -0.2700 0.4179
vn 0.0802 -0.8384 0.5391
vn -0.5650 -0.6298 0.5330
vn 0.6416 -0.5405 0.5443
vn 0.6415 -0.5405 0.5443
vn -0.5650 -0.6298 0.5329
vn 0.9700 -0.2120 0.1188
vn -0.3974 -0.0488 -0.9164
vn -0.3975 -0.0488 -0.9163
vn -0.3970 -0.0489 -0.9165
vn -0.4007 0.0034 -0.9162
vn -0.4004 0.0030 -0.9163
vn -0.4005 0.0030 -0.9163
vn -0.0525 0.0002 -0.9986
vn -0.0523 -0.0000 -0.9986
vn -0.0524 -0.0000 -0.9986
vn 0.1878 -0.9814 -0.0393
vn 0.1740 -0.9827 -0.0631
vn 0.1720 -0.9830 -0.0649
vn 0.1730 -0.9828 -0.0640
vn 0.1742 -0.9827 -0.0626
vn 0.1740 -0.9828 -0.0620
vn 0.1746 -0.9830 -0.0574
vn 0.1742 -0.9828 -0.0611
vn 0.1767 -0.9829 -0.0521
vn 0.1751 -0.9829 -0.0572
vn 0.1896 -0.9813 -0.0340
vn 0.1946 -0.9804 -0.0319
vn 0.1944 -0.9804 -0.0322
vn 0.7628 0.5160 0.3897
vn 0.8595 0.3460 0.3763
vn 0.8885 -0.3144 0.3342
vn 0.8324 -0.4621 0.3061
vn -0.9325 -0.0016 0.3611
vn -0.6811 0.5455 0.4885
vn -0.9002 0.0252 0.4347
vn -0.5784 -0.1480 0.8022
vn -0.5703 -0.1803 0.8014
vn -0.2674 0.8268 0.4949
vn -0.2609 0.8382 0.4790
vn 0.1449 0.9793 -0.1412
vn 0.1486 0.9819 -0.1173
vn 0.1235 0.9888 -0.0834
vn 0.1061 0.9903 -0.0894
vn 0.0437 0.9985 0.0333
vn 0.0056 0.9979 0.0651
vn -0.3168 -0.9342 0.1638
vn -0.4892 -0.8021 0.3425
vn -0.2865 -0.9395 0.1876
vn -0.5604 -0.7683 0.3092
vn -0.7920 -0.5095 0.3363
vn -0.9325 -0.0017 0.3611
vn -0.9002 0.0251 0.4347
vn -0.2283 -0.9721 -0.0533
vn -0.1926 -0.9806 -0.0357
vn -0.1895 -0.9807 -0.0483
vn -0.2357 -0.9703 -0.0554
vn -0.1299 -0.9913 0.0223
vn -0.1182 -0.9930 0.0009
vn -0.0636 -0.9963 -0.0585
vn -0.0907 -0.9948 -0.0473
vn -0.0670 -0.9941 -0.0849
vn 0.1066 0.9936 -0.0379
vn -0.0204 0.9899 0.1403
vn -0.1886 -0.9815 0.0338
vn -0.1050 -0.9936 -0.0409
vn -0.1420 -0.9893 -0.0321
vn -0.0957 -0.9928 -0.0720
vn 0.1578 0.9787 -0.1315
vn 0.1553 0.9807 -0.1184
vn 0.1503 0.9823 -0.1122
vn 0.1381 0.9866 -0.0867
vn 0.1260 0.9899 -0.0645
vn 0.1604 0.9746 -0.1561
vn 0.1628 0.9701 -0.1802
vn 0.1740 0.9677 -0.1825
vn 0.1848 0.9647 -0.1878
vn 0.1453 0.9863 -0.0781
vn 0.1390 0.9864 -0.0874
vn 0.1400 0.9857 -0.0936
vn 0.1408 0.9853 -0.0971
vn 0.1555 0.9810 -0.1162
vn 0.1569 0.9807 -0.1169
vn -0.0160 0.9991 -0.0386
vn 0.0539 0.9985 0.0073
vn -0.2280 0.9705 0.0782
vn -0.4138 0.8755 0.2494
vn -0.8540 -0.0994 0.5107
vn -0.7815 -0.0174 0.6237
vn -0.2140 0.9530 0.2144
vn -0.7816 -0.0175 0.6236
vn -0.8540 -0.0993 0.5107
vn -0.3400 -0.9346 0.1044
vn -0.2795 -0.9479 0.1526
vn -0.1607 -0.9852 -0.0605
vn -0.0289 -0.9937 -0.1082
vn -0.0814 -0.9909 -0.1068
vn -0.7046 -0.0696 0.7062
vn -0.1506 0.9619 0.2283
vn 0.0094 0.9974 -0.0711
vn -0.4534 0.8904 0.0393
vn -0.5247 0.8354 0.1637
vn -0.9049 -0.0612 0.4212
vn -0.4949 -0.8677 0.0473
vn -0.3283 -0.9414 -0.0775
vn -0.9975 -0.0703 0.0059
vn -0.9986 -0.0437 0.0294
vn -0.9986 -0.0437 0.0293
vn -0.9975 -0.0702 0.0058
vn -0.0934 0.9703 0.2233
vn -0.0439 0.9862 0.1599
vn 0.0986 0.9949 -0.0232
vn -0.1679 0.9688 0.1823
vn -0.2542 0.9357 0.2447
vn -0.4935 0.7534 0.4346
vn -0.7957 0.0324 0.6048
vn -0.5854 -0.1297 0.8003
vn -0.2369 0.8655 0.4413
vn -0.2273 -0.9737 0.0177
vn -0.8349 0.0045 -0.5503
vn -0.8335 0.0042 -0.5525
vn -0.8396 -0.0131 -0.5430
vn -0.8405 -0.0201 -0.5415
vn 0.8161 0.0177 0.5776
vn 0.8030 -0.0012 0.5960
vn 0.8056 -0.0064 0.5925
vn 0.8188 0.0167 0.5739
vn -0.2531 0.8377 0.4840
vn -0.2421 0.8472 0.4728
vn -0.3645 0.7177 0.5934
vn -0.3728 0.7068 0.6012
vn -0.9088 -0.0095 -0.4171
vn -0.8875 0.0812 -0.4536
vn -0.9006 -0.0055 -0.4346
vn -0.8752 0.0855 -0.4762
vn 0.8187 0.0921 0.5669
vn 0.8192 0.0061 0.5734
vn 0.8221 0.0075 0.5692
vn 0.8226 0.1044 0.5589
vn -0.1137 0.9494 0.2927
vn -0.1924 0.8926 0.4076
vn -0.1907 0.8942 0.4051
vn -0.1089 0.9510 0.2893
vn -0.0551 0.9771 0.2054
vn -0.0526 0.9781 0.2014
vn 0.1370 0.4608 -0.8769
vn 0.1370 0.4607 -0.8769
vn 0.1367 0.4593 -0.8777
vn 0.1351 0.4445 -0.8856
vn 0.1317 0.4367 -0.8899
vn 0.1356 0.4449 -0.8853
vn -0.1892 -0.9682 0.1639
vn -0.1838 -0.9704 0.1565
vn -0.1871 -0.9691 0.1610
vn -0.1922 -0.9668 0.1681
vn 0.4030 0.1798 -0.8974
vn 0.3407 0.7548 -0.5606
vn 0.3426 0.7489 -0.5672
vn 0.3876 0.5496 -0.7401
vn 0.3942 0.1479 -0.9071
vn 0.4063 0.1710 -0.8976
vn -0.0986 -0.9930 0.0647
vn -0.2030 -0.9747 0.0937
vn -0.1574 -0.9827 0.0980
vn -0.0155 -0.9986 0.0511
vn -0.9134 0.0072 -0.4069
vn -0.9161 -0.0002 -0.4009
vn -0.9124 0.0098 -0.4091
vn -0.9089 0.0190 -0.4166
vn -0.1569 -0.9807 0.1169
vn -0.1222 -0.9905 0.0632
vn -0.1449 -0.9850 0.0939
vn -0.1169 -0.9916 0.0561
vn 0.9183 -0.0430 0.3936
vn 0.9194 -0.0291 0.3923
vn 0.9113 -0.1048 0.3983
vn 0.7723 -0.5023 0.3889
vn -0.1878 -0.9814 -0.0393
vn -0.1751 -0.9829 -0.0572
vn -0.1767 -0.9829 -0.0521
vn -0.1746 -0.9830 -0.0574
vn -0.1742 -0.9828 -0.0611
vn -0.1730 -0.9828 -0.0640
vn -0.1720 -0.9830 -0.0649
vn -0.1740 -0.9827 -0.0631
vn -0.1742 -0.9827 -0.0626
vn -0.1740 -0.9828 -0.0620
vn -0.1896 -0.9813 -0.0340
vn -0.1944 -0.9804 -0.0322
vn -0.1946 -0.9804 -0.0319
vn -0.8595 0.3460 0.3763
vn -0.7627 0.5161 0.3897
vn -0.8324 -0.4621 0.3061
vn -0.8885 -0.3144 0.3342
vn -0.4208 -0.8703 0.2561
vn -0.5335 -0.8362 0.1276
vn 0.2176 -0.9664 0.1367
vn 0.1027 -0.9602 0.2596
vn -0.5354 -0.8399 0.0889
vn 0.1955 -0.9757 0.0992
vn 0.7367 -0.6380 0.2244
vn 0.8388 -0.5385 0.0803
vn 0.9837 -0.1771 0.0294
vn 0.9623 -0.2429 0.1223
vn 0.8263 -0.5607 0.0530
vn 0.9847 -0.1737 0.0119
vn -0.9871 0.1165 0.1098
vn -0.9848 0.1738 0.0009
vn -0.9732 -0.2228 0.0568
vn -0.9098 -0.3526 0.2192
vn -0.9847 0.1738 -0.0119
vn -0.9711 -0.2366 0.0299
vn -0.6957 -0.6348 0.3361
vn 0.4054 -0.8481 0.3411
vn -0.1704 -0.9128 0.3712
vn 0.8387 -0.5386 0.0804
vn -0.9097 -0.3526 0.2191
vn -0.9732 -0.2229 0.0569
vn 0.8262 -0.5608 0.0530
vn -0.1871 -0.9137 0.3608
vn -0.9711 -0.2367 0.0299
vn 0.2258 -0.8913 0.3931
vn -0.4090 -0.8115 0.4174
vn -0.5054 -0.8382 0.2050
vn 0.1745 -0.9496 0.2605
vn -0.5957 -0.7980 0.0910
vn 0.7988 -0.4750 0.3693
vn 0.7798 -0.5620 0.2756
vn 0.9779 -0.1206 0.1706
vn 0.9551 -0.1037 0.2775
vn -0.9404 0.1010 0.3248
vn -0.9840 0.1130 0.1374
vn -0.9495 -0.2523 0.1867
vn -0.8665 -0.2787 0.4141
vn -0.9916 0.1155 0.0578
vn -0.9692 -0.2331 0.0797
vn 0.7798 -0.5620 0.2757
vn -0.9495 -0.2524 0.1867
vn 0.5578 -0.6399 0.5286
vn -0.0820 -0.8441 0.5298
vn -0.6288 -0.5663 0.5328
vn 0.5577 -0.6399 0.5286
vn -0.9692 -0.2332 0.0797
vn 0.2267 -0.8830 0.4109
vn -0.4054 -0.8042 0.4346
vn -0.5081 -0.8311 0.2261
vn 0.1875 -0.9381 0.2913
vn -0.6100 -0.7836 0.1176
vn 0.7998 -0.4711 0.3721
vn 0.7940 -0.5376 0.2839
vn 0.9810 -0.1133 0.1573
vn 0.9569 -0.1078 0.2698
vn -0.9417 0.1060 0.3194
vn -0.9816 0.1140 0.1534
vn -0.9476 -0.2434 0.2070
vn -0.8675 -0.2700 0.4178
vn -0.9884 0.1162 0.0978
vn -0.9700 -0.2119 0.1188
vn 0.7997 -0.4711 0.3721
vn -0.8675 -0.2700 0.4179
vn -0.9475 -0.2435 0.2070
vn 0.5650 -0.6298 0.5330
vn -0.0802 -0.8384 0.5391
vn -0.6416 -0.5405 0.5443
vn 0.5650 -0.6298 0.5329
vn -0.9700 -0.2120 0.1188
vn 0.3975 -0.0488 -0.9163
vn 0.3974 -0.0488 -0.9164
vn 0.3974 -0.0487 -0.9164
vn 0.4009 0.0030 -0.9161
vn 0.4008 0.0030 -0.9161
vn 0.4005 0.0030 -0.9163
vn 0.4007 0.0034 -0.9162
vn 0.0523 -0.0000 -0.9986
vn 0.0524 -0.0000 -0.9986
vn 0.0525 0.0002 -0.9986
vn 0.7356 -0.6243 0.2629
vn 0.7030 -0.6170 0.3536
vn -0.7030 -0.6170 0.3536
vn -0.7356 -0.6243 0.2629
vn 0.6544 -0.5734 0.4929
vn -0.1849 -0.9766 0.1095
vn -0.7046 -0.0697 0.7062
vn -0.2757 -0.9402 0.1999
vn -0.1568 -0.9849 0.0738
vn -0.2383 -0.9678 0.0814
vn -0.8993 -0.1132 -0.4225
vn 0.8118 -0.1157 0.5723
vn 0.8221 0.0074 0.5692
vn -0.4853 -0.6231 0.6134
vn -0.4856 -0.6223 0.6140
vn -0.4444 -0.7165 0.5378
vn -0.4434 -0.7169 0.5380
vn -0.4969 -0.5818 0.6439
vn -0.4975 -0.5797 0.6453
vn 0.5988 -0.7095 0.3715
vn 0.5150 -0.6909 0.5073
vn 0.8018 -0.0262 -0.5970
vn -0.3874 -0.8420 0.3754
vn -0.5703 -0.1802 0.8014
vn -0.3572 -0.8607 0.3627
vn -0.5854 -0.1296 0.8003
vn -0.8386 -0.0406 -0.5433
vn -0.8405 -0.0202 -0.5415
vn 0.8030 -0.0011 0.5960
vn 0.8021 -0.0366 0.5960
vn 0.8055 -0.0065 0.5925
vn -0.5748 -0.3939 0.7172
vn -0.5822 -0.3836 0.7168
vn -0.4924 -0.6484 0.5806
vn -0.4880 -0.6613 0.5697
vn -0.6325 -0.3407 0.6957
vn -0.6544 -0.5734 0.4929
vn -0.5988 -0.7095 0.3715
vn -0.5150 -0.6909 0.5073
vn -0.8018 -0.0262 -0.5970
vn -0.5756 -0.1427 0.8052
vn -0.5687 -0.1954 0.7990
vn -0.2469 0.8429 0.4781
vn -0.1543 0.9241 0.3496
vn -0.0405 0.9805 0.1924
vn 0.0037 0.9920 0.1261
vn 0.0308 0.9962 0.0816
vn -0.0756 0.9688 0.2362
vn -0.5723 0.0017 0.8201
vn -0.5723 0.0016 0.8200
vn -0.2537 -0.9387 0.2335
vn -0.2703 -0.9280 0.2564
vn -0.3593 -0.8439 0.3984
vn -0.5688 -0.1953 0.7990
vn 0.8722 -0.0089 0.4890
vn 0.8741 -0.0011 0.4857
vn 0.8747 -0.0064 0.4846
vn 0.8732 0.0018 0.4874
vn 0.8711 -0.0084 0.4910
vn -0.8297 -0.0361 -0.5570
vn -0.8285 -0.0381 -0.5588
vn -0.8370 -0.0119 -0.5470
vn -0.8383 -0.0067 -0.5452
vn -0.8390 0.0073 -0.5441
vn 0.0118 -0.9879 -0.1549
vn 0.0656 -0.9732 -0.2205
vn 0.5574 -0.1743 -0.8117
vn 0.5418 -0.2105 -0.8137
vn 0.3594 0.8424 -0.4015
vn 0.3240 0.8808 -0.3454
vn 0.4806 0.6257 -0.6145
vn 0.5354 -0.2257 -0.8139
vn 0.1235 -0.9420 -0.3121
vn 0.5755 -0.1427 0.8052
vn 0.1543 0.9241 0.3496
vn 0.2470 0.8429 0.4781
vn 0.5688 -0.1954 0.7990
vn -0.0037 0.9920 0.1261
vn 0.0405 0.9805 0.1924
vn 0.0756 0.9688 0.2362
vn -0.0308 0.9962 0.0816
vn 0.5722 0.0017 0.8201
vn 0.5723 0.0016 0.8200
vn 0.5756 -0.1427 0.8052
vn 0.2703 -0.9280 0.2564
vn 0.2537 -0.9387 0.2335
vn 0.5688 -0.1953 0.7990
vn 0.3593 -0.8439 0.3984
vn -0.8722 -0.0090 0.4890
vn -0.8747 -0.0065 0.4846
vn -0.8741 -0.0011 0.4857
vn -0.8741 -0.0011 0.4858
vn -0.8732 0.0018 0.4874
vn -0.8711 -0.0084 0.4910
vn 0.8297 -0.0361 -0.5570
vn 0.8370 -0.0119 -0.5470
vn 0.8285 -0.0380 -0.5588
vn 0.8383 -0.0067 -0.5452
vn 0.8390 0.0073 -0.5441
vn -0.0118 -0.9879 -0.1549
vn -0.5418 -0.2105 -0.8137
vn -0.5574 -0.1743 -0.8117
vn -0.0656 -0.9732 -0.2205
vn -0.3240 0.8808 -0.3454
vn -0.3594 0.8424 -0.4015
vn -0.4806 0.6257 -0.6145
vn -0.5354 -0.2257 -0.8139
vn -0.1235 -0.9420 -0.3121
vn -0.1601 0.9800 -0.1183
vn -0.1614 0.9802 -0.1149
vn -0.1597 0.9799 -0.1193
vn -0.1587 0.9798 -0.1216
vn 0.1115 -0.9920 -0.0600
vn 0.1227 -0.9911 -0.0514
vn 0.1063 -0.9923 -0.0640
vn 0.9162 0.0124 -0.4005
vn -0.9957 -0.0486 0.0792
vn 0.4046 -0.3607 0.8403
vn 0.4088 -0.4230 0.8087
vn 0.4085 -0.4177 0.8116
vn 0.4040 -0.3535 0.8437
vn 0.1601 0.9800 -0.1183
vn 0.1587 0.9798 -0.1216
vn 0.1597 0.9799 -0.1193
vn 0.1614 0.9802 -0.1149
vn -0.1115 -0.9920 -0.0600
vn -0.1063 -0.9923 -0.0640
vn -0.1227 -0.9911 -0.0514
vn -0.9162 0.0124 -0.4005
vn 0.9957 -0.0486 0.0792
vn -0.4011 -0.4187 0.8147
vn -0.4148 -0.3532 0.8386
vn -0.4135 -0.3599 0.8364
vn -0.3997 -0.4249 0.8122
vn -0.0000 -0.0000 1.0000
vn -0.0000 -0.9680 0.2508
vn 0.0378 -0.8404 0.5406
vn 0.5806 -0.7694 0.2664
vn 0.1607 -0.9590 -0.2333
vn 0.2788 -0.5789 0.7662
vn 0.1690 -0.6033 -0.7794
vn 0.1461 -0.8866 0.4388
vn 0.1560 -0.9661 -0.2055
vn 0.3985 -0.8798 0.2593
vn 0.1227 -0.6616 -0.7397
vn -0.2076 -0.8415 0.4988
vn 0.4457 -0.8462 -0.2922
vn 0.5172 -0.5528 0.6534
vn -0.3516 -0.6818 0.6415
vn -0.2614 -0.7329 -0.6281
vn -0.5727 -0.6584 0.4884
vn -0.6210 -0.6589 -0.4245
vn 0.0699 -0.5521 -0.8308
vn 0.7702 -0.5527 -0.3183
vn -0.0114 -0.0797 0.9968
vn -0.0153 -0.0912 0.9957
vn -0.4011 -0.5139 0.7583
vn -0.5549 -0.4302 0.7120
vn 0.4903 -0.0000 0.8716
vn 0.6502 -0.0000 0.7597
vn -0.5185 -0.0000 0.8551
vn -0.5908 -0.0000 0.8068
vn 0.6689 -0.0000 -0.7434
vn -0.4655 -0.3748 -0.8017
vn -0.4615 -0.5971 -0.6561
vn -0.1057 -0.8403 -0.5318
vn -0.1846 -0.1368 -0.9732
vn -0.0086 -0.0379 -0.9992
vn 0.1486 -0.8661 -0.4773
vn 0.1254 -0.9910 -0.0469
vn 0.1253 -0.9908 0.0515
vn 0.0921 -0.2539 0.9628
vn -0.0094 -0.0000 1.0000
vn -0.7619 -0.0000 0.6476
vn -0.8405 -0.0000 -0.5419
vn -0.5765 -0.0000 -0.8171
vn 0.1130 -0.0000 -0.9936
vn 0.9229 -0.0000 -0.3850
vn -0.1607 -0.9590 -0.2333
vn -0.5806 -0.7694 0.2664
vn -0.0378 -0.8404 0.5406
vn -0.2788 -0.5789 0.7662
vn -0.1690 -0.6033 -0.7794
vn -0.1461 -0.8866 0.4388
vn -0.1560 -0.9661 -0.2055
vn -0.1227 -0.6616 -0.7397
vn -0.3985 -0.8798 0.2593
vn -0.4457 -0.8462 -0.2922
vn 0.2076 -0.8415 0.4988
vn 0.3516 -0.6818 0.6415
vn -0.5172 -0.5528 0.6534
vn 0.2614 -0.7329 -0.6281
vn 0.6210 -0.6589 -0.4245
vn 0.5727 -0.6584 0.4884
vn -0.7702 -0.5527 -0.3183
vn -0.0699 -0.5521 -0.8308
vn 0.0114 -0.0797 0.9968
vn 0.0153 -0.0912 0.9957
vn 0.4011 -0.5139 0.7583
vn 0.5549 -0.4302 0.7120
vn -0.4903 -0.0000 0.8716
vn -0.6502 -0.0000 0.7597
vn 0.5185 -0.0000 0.8551
vn 0.5908 -0.0000 0.8068
vn -0.6689 -0.0000 -0.7434
vn 0.4655 -0.3748 -0.8017
vn 0.1057 -0.8403 -0.5318
vn 0.4615 -0.5971 -0.6561
vn 0.1846 -0.1368 -0.9732
vn 0.0086 -0.0379 -0.9992
vn -0.1486 -0.8661 -0.4773
vn -0.1254 -0.9910 -0.0469
vn -0.1253 -0.9908 0.0515
vn -0.0921 -0.2539 0.9628
vn 0.0094 -0.0000 1.0000
vn 0.7619 -0.0000 0.6476
vn 0.8405 -0.0000 -0.5419
vn 0.5765 -0.0000 -0.8171
vn -0.1130 -0.0000 -0.9936
vn -0.9229 -0.0000 -0.3850
vn -0.8124 0.3819 -0.4406
vn -0.8372 -0.1533 -0.5250
vn -0.9818 -0.1878 -0.0292
vn -0.9356 0.3525 -0.0183
vn -0.8634 -0.1714 0.4744
vn -0.8348 0.3665 0.4108
vn -0.1221 0.4989 0.8580
vn -0.1899 0.9351 0.2993
vn -0.3298 0.9085 0.2567
vn -0.5371 0.4201 0.7315
vn -0.4982 0.4467 -0.7431
vn -0.4683 -0.0772 -0.8802
vn 0.4984 -0.4448 0.7441
vn 0.0769 -0.5278 0.8459
vn 0.1772 -0.9536 0.2433
vn 0.3036 -0.9287 0.2128
vn -0.5139 -0.1085 0.8510
vn -0.0268 -0.0159 0.9995
vn -0.0267 -0.0159 0.9995
vn 0.4675 0.0814 0.8802
vn 0.2989 0.5818 0.7564
vn 0.8363 0.1575 0.5251
vn 0.6131 0.6466 0.4539
vn 0.9810 0.1919 0.0293
vn 0.7363 0.6760 0.0315
vn 0.8626 0.1755 -0.4744
vn 0.6354 0.6620 -0.3974
vn 0.5131 0.1126 -0.8509
vn 0.3377 0.6084 -0.7182
vn 0.0259 0.0201 -0.9995
vn -0.0773 0.5296 -0.8447
vn 0.0258 0.0201 -0.9995
vn -0.0478 0.9630 0.2651
vn 0.0581 0.9849 0.1630
vn 0.0997 0.9948 0.0206
vn 0.0657 0.9901 -0.1241
vn -0.0347 0.9720 -0.2323
vn -0.1747 0.9454 -0.2750
vn -0.3167 0.9175 -0.2407
vn -0.4227 0.8956 -0.1387
vn -0.4642 0.8857 0.0038
vn -0.4303 0.8904 0.1485
vn 0.3153 -0.9207 -0.2299
vn 0.4046 -0.9047 -0.1336
vn 0.8355 -0.3645 -0.4112
vn 0.9364 -0.3505 0.0183
vn 0.4349 -0.9005 -0.0048
vn 0.5373 -0.4182 -0.7324
vn 0.1907 -0.9444 -0.2678
vn 0.1218 -0.4971 -0.8591
vn 0.0643 -0.9693 -0.2374
vn -0.2998 -0.5801 -0.7574
vn -0.0300 -0.9888 -0.1465
vn -0.6144 -0.6450 -0.4545
vn -0.0670 -0.9976 -0.0198
vn -0.7377 -0.6744 -0.0316
vn -0.0367 -0.9934 0.1090
vn -0.6368 -0.6603 0.3980
vn 0.0527 -0.9773 0.2053
vn -0.3386 -0.6067 0.7192
vn 0.3979 -0.9093 0.1220
vn 0.8130 -0.3799 0.4413
vn 0.6355 0.6620 -0.3974
vn 0.7362 0.6760 0.0316
vn 0.6130 0.6466 0.4539
vn -0.8348 0.3665 0.4107
vn -0.4983 0.4467 -0.7431
vn -0.6368 -0.6604 0.3980
vn -0.2997 -0.5801 -0.7574
vn 0.8130 -0.3799 0.4412
vn 0.8355 -0.3645 -0.4113
vn 0.5373 -0.4181 -0.7325
vn 0.1218 -0.4970 -0.8591
vn -0.6131 -0.6466 -0.4539
vn -0.7363 -0.6760 -0.0316
vn -0.9810 -0.1919 -0.0293
vn -0.8363 -0.1575 -0.5251
vn -0.6354 -0.6620 0.3975
vn -0.8626 -0.1755 0.4744
vn 0.0773 -0.5296 0.8447
vn -0.3377 -0.6084 0.7182
vn 0.0347 -0.9720 0.2324
vn 0.1747 -0.9454 0.2751
vn -0.2989 -0.5818 -0.7564
vn -0.4675 -0.0814 -0.8802
vn 0.2997 0.5801 0.7574
vn -0.0643 0.9693 0.2373
vn -0.1907 0.9444 0.2679
vn -0.1218 0.4971 0.8591
vn -0.5131 -0.1126 0.8509
vn -0.0260 -0.0201 0.9995
vn 0.0772 -0.5296 0.8447
vn 0.4983 -0.4467 0.7431
vn 0.4683 0.0772 0.8802
vn -0.0259 -0.0201 0.9995
vn 0.8124 -0.3819 0.4406
vn 0.8371 0.1533 0.5250
vn 0.9356 -0.3525 0.0183
vn 0.9818 0.1878 0.0292
vn 0.8348 -0.3665 -0.4107
vn 0.8634 0.1714 -0.4744
vn 0.5371 -0.4201 -0.7315
vn 0.5139 0.1085 -0.8510
vn 0.1221 -0.4989 -0.8580
vn 0.0267 0.0160 -0.9995
vn 0.0267 0.0159 -0.9995
vn -0.0657 -0.9901 0.1242
vn -0.0997 -0.9948 -0.0206
vn -0.0582 -0.9849 -0.1630
vn 0.0478 -0.9630 -0.2651
vn 0.1898 -0.9351 -0.2993
vn 0.3298 -0.9085 -0.2567
vn 0.4302 -0.8904 -0.1485
vn 0.4642 -0.8857 -0.0038
vn 0.4227 -0.8956 0.1387
vn 0.3167 -0.9175 0.2408
vn 0.0367 0.9934 -0.1090
vn -0.0527 0.9773 -0.2053
vn 0.0670 0.9976 0.0198
vn 0.7377 0.6744 0.0316
vn 0.6368 0.6604 -0.3980
vn 0.3386 0.6067 -0.7192
vn -0.0769 0.5278 -0.8459
vn -0.1772 0.9536 -0.2433
vn -0.3036 0.9287 -0.2128
vn -0.4985 0.4448 -0.7441
vn -0.8130 0.3799 -0.4412
vn -0.3979 0.9093 -0.1220
vn -0.4349 0.9005 0.0048
vn -0.9364 0.3505 -0.0183
vn -0.8355 0.3645 0.4113
vn -0.4047 0.9047 0.1336
vn -0.3153 0.9207 0.2299
vn -0.5373 0.4182 0.7324
vn 0.0300 0.9888 0.1465
vn 0.6144 0.6450 0.4545
vn 0.5370 -0.4201 -0.7315
vn 0.9356 -0.3526 0.0183
vn 0.4982 -0.4467 0.7431
vn -0.2988 -0.5818 -0.7564
vn -0.8354 0.3645 0.4113
vn -0.4984 0.4448 -0.7441
vn -0.1218 0.4970 0.8591
vn 0.2998 0.5801 0.7574
vn 0.6143 0.6450 0.4545
vn -0.0770 0.5278 -0.8459
vn -0.9818 -0.1878 -0.0293
vn -0.9356 0.3525 -0.0182
vn -0.8635 -0.1714 0.4744
vn 0.9810 0.1920 0.0293
vn 0.7363 0.6759 0.0316
vn 0.7363 0.6760 0.0316
vn 0.9810 0.1919 0.0292
vn -0.4302 0.8904 0.1485
vn -0.1898 0.9351 0.2993
vn 0.4047 -0.9047 -0.1336
vn 0.8354 -0.3645 -0.4113
vn 0.3152 -0.9208 -0.2298
vn 0.0643 -0.9693 -0.2373
vn -0.0300 -0.9887 -0.1465
vn -0.6143 -0.6450 -0.4545
vn 0.6354 0.6620 -0.3975
vn 0.5373 -0.4181 -0.7324
vn -0.7362 -0.6760 -0.0316
vn -0.6130 -0.6466 -0.4539
vn 0.8634 0.1714 -0.4745
vn -0.4046 0.9047 0.1336
vn -0.7363 -0.6759 -0.0316
vn -0.6355 -0.6620 0.3974
vn -0.9810 -0.1920 -0.0292
vn 0.9818 0.1878 0.0293
vn 0.3167 -0.9175 0.2407
vn 0.1747 -0.9454 0.2750
vn 0.0347 -0.9720 0.2323
vn -0.0657 -0.9901 0.1241
vn -0.1907 0.9444 0.2678
vn 0.0669 0.9976 0.0198
vn -0.5373 0.4181 0.7324
vn 0.8348 -0.3665 -0.4108
vn -0.1217 0.4971 0.8591
vn 0.7377 0.6744 0.0315
vn 0.7136 -0.6744 0.1896
vn 0.9543 -0.1901 0.2304
vn 0.7121 -0.1491 0.6860
vn 0.5073 -0.6394 0.5777
vn 0.2790 -0.0686 0.9578
vn 0.1383 -0.5710 0.8093
vn -0.6750 -0.4108 0.6130
vn -0.3763 -0.9054 0.1968
vn -0.2479 -0.9311 0.2674
vn -0.2944 -0.4872 0.8222
vn 0.7019 -0.6665 -0.2511
vn 0.9407 -0.1808 -0.2870
vn -0.7034 0.6649 0.2513
vn -0.4767 0.6161 0.6271
vn 0.0113 0.9801 0.1983
vn -0.0567 0.9947 0.0856
vn -0.2290 0.0296 0.9730
vn -0.2944 -0.4872 0.8221
vn -0.6757 0.1194 0.7274
vn -0.6749 -0.4107 0.6130
vn -0.6758 0.1194 0.7274
vn -0.9415 0.1766 0.2869
vn -0.9013 -0.3620 0.2377
vn -0.9551 0.1860 -0.2305
vn -0.9129 -0.3541 -0.2029
vn -0.7129 0.1449 -0.6861
vn -0.7066 -0.3891 -0.5910
vn -0.2798 0.0645 -0.9579
vn -0.3377 -0.4576 -0.8225
vn 0.2282 -0.0338 -0.9730
vn 0.0950 -0.5413 -0.8355
vn 0.6749 -0.1236 -0.7275
vn 0.4755 -0.6178 -0.6263
vn 0.4756 -0.6177 -0.6263
vn 0.6750 -0.1236 -0.7274
vn -0.4527 -0.8889 0.0703
vn -0.4566 -0.8862 -0.0784
vn -0.3870 -0.8980 -0.2093
vn -0.2625 -0.9211 -0.2874
vn -0.1166 -0.9494 -0.2917
vn 0.0118 -0.9752 -0.2212
vn 0.0881 -0.9916 -0.0946
vn 0.0920 -0.9943 0.0540
vn 0.0225 -0.9825 0.1850
vn -0.1020 -0.9594 0.2630
vn 0.2424 0.9409 -0.2365
vn 0.1125 0.9660 -0.2326
vn -0.1389 0.5692 -0.8104
vn -0.5084 0.6378 -0.5785
vn 0.0018 0.9866 -0.1631
vn 0.2943 0.4854 -0.8233
vn 0.3566 0.9179 -0.1737
vn 0.6753 0.4088 -0.6138
vn 0.4246 0.9033 -0.0611
vn 0.9021 0.3600 -0.2381
vn 0.4281 0.9009 0.0712
vn 0.9137 0.3520 0.2032
vn 0.3662 0.9114 0.1877
vn 0.7071 0.3870 0.5918
vn 0.2554 0.9320 0.2572
vn 0.3377 0.4557 0.8236
vn 0.1255 0.9571 0.2611
vn -0.0957 0.5395 0.8365
vn -0.0601 0.9971 -0.0466
vn -0.7150 0.6728 -0.1899
vn -0.3377 -0.4576 -0.8226
vn -0.9129 -0.3541 -0.2030
vn 0.1383 -0.5709 0.8093
vn 0.5072 -0.6394 0.5778
vn 0.7020 -0.6665 -0.2511
vn 0.3376 0.4557 0.8236
vn -0.4767 0.6160 0.6271
vn -0.7034 0.6649 0.2514
vn -0.5084 0.6378 -0.5786
vn -0.1390 0.5692 -0.8104
vn 0.9130 0.3540 0.2029
vn 0.7066 0.3890 0.5910
vn 0.7129 -0.1449 0.6861
vn 0.9551 -0.1860 0.2305
vn 0.3377 0.4575 0.8226
vn 0.2798 -0.0645 0.9579
vn -0.4756 0.6178 0.6263
vn -0.0951 0.5413 0.8355
vn 0.1166 0.9494 0.2917
vn -0.0118 0.9752 0.2212
vn 0.9013 0.3620 -0.2378
vn 0.9415 -0.1766 -0.2869
vn -0.9021 -0.3600 0.2381
vn -0.4246 -0.9033 0.0611
vn -0.3566 -0.9180 0.1737
vn -0.6754 -0.4088 0.6138
vn -0.0950 0.5413 0.8355
vn -0.2282 0.0338 0.9730
vn -0.4756 0.6177 0.6263
vn -0.6749 0.1236 0.7275
vn -0.7020 0.6665 0.2511
vn -0.9407 0.1808 0.2870
vn -0.6750 0.1236 0.7274
vn -0.7135 0.6745 -0.1896
vn -0.9543 0.1901 -0.2304
vn -0.5072 0.6395 -0.5777
vn -0.7121 0.1491 -0.6860
vn -0.1383 0.5710 -0.8092
vn -0.2790 0.0686 -0.9578
vn 0.2944 0.4873 -0.8221
vn 0.2290 -0.0296 -0.9730
vn 0.6749 0.4108 -0.6130
vn 0.6757 -0.1194 -0.7274
vn 0.6758 -0.1194 -0.7274
vn 0.2625 0.9211 0.2874
vn 0.3870 0.8980 0.2093
vn 0.4566 0.8862 0.0784
vn 0.4527 0.8889 -0.0703
vn 0.3763 0.9054 -0.1968
vn 0.2479 0.9311 -0.2674
vn 0.1020 0.9594 -0.2630
vn -0.0224 0.9825 -0.1849
vn -0.0920 0.9943 -0.0540
vn -0.0881 0.9916 0.0946
vn -0.2554 -0.9320 -0.2572
vn -0.1255 -0.9571 -0.2611
vn -0.3661 -0.9114 -0.1877
vn -0.7071 -0.3871 -0.5918
vn -0.3376 -0.4557 -0.8236
vn 0.0956 -0.5395 -0.8365
vn 0.4767 -0.6161 -0.6271
vn -0.0113 -0.9801 -0.1983
vn 0.0567 -0.9947 -0.0857
vn 0.7034 -0.6649 -0.2514
vn 0.7150 -0.6728 0.1899
vn 0.0602 -0.9971 0.0466
vn -0.0018 -0.9866 0.1632
vn 0.5084 -0.6378 0.5785
vn 0.1390 -0.5692 0.8104
vn -0.1125 -0.9660 0.2327
vn -0.2424 -0.9409 0.2365
vn -0.2943 -0.4854 0.8233
vn -0.4281 -0.9009 -0.0712
vn -0.9137 -0.3521 -0.2032
vn -0.1383 0.5709 -0.8092
vn -0.5073 0.6395 -0.5777
vn -0.7136 0.6744 -0.1896
vn -0.7020 0.6665 0.2510
vn 0.3377 0.4576 0.8226
vn 0.9129 0.3541 0.2029
vn -0.9137 -0.3520 -0.2032
vn -0.7071 -0.3870 -0.5918
vn 0.4767 -0.6160 -0.6271
vn -0.9013 -0.3620 0.2378
vn -0.7066 -0.3891 -0.5911
vn 0.1383 -0.5710 0.8092
vn -0.7130 0.1449 -0.6861
vn -0.7066 -0.3890 -0.5911
vn 0.0950 -0.5413 -0.8354
vn 0.7136 -0.6745 0.1896
vn 0.5072 -0.6395 0.5777
vn 0.5073 -0.6395 0.5777
vn 0.7121 -0.1491 0.6861
vn 0.0224 -0.9825 0.1849
vn -0.3763 -0.9053 0.1968
vn 0.9020 0.3600 -0.2381
vn 0.9137 0.3521 0.2031
vn 0.7071 0.3871 0.5918
vn -0.0567 0.9947 0.0857
vn -0.0602 0.9971 -0.0466
vn 0.0951 -0.5413 -0.8355
vn 0.6754 0.4088 -0.6138
vn -0.0950 0.5412 0.8355
vn -0.6749 0.1236 0.7274
vn -0.7136 0.6744 -0.1897
vn -0.0921 0.9943 -0.0540
vn 0.3377 0.4576 0.8225
vn -0.3377 -0.4557 -0.8236
vn -0.3662 -0.9114 -0.1877
vn -0.5073 0.6394 -0.5777
vn -0.7122 0.1491 -0.6860
vn -0.7121 0.1491 -0.6861
vn 0.9013 0.3620 -0.2377
vn 0.7066 0.3891 0.5910
vn 0.7130 -0.1449 0.6861
vn 0.0567 -0.9947 -0.0856
vn 0.7150 -0.6729 0.1899
vn -0.0018 -0.9866 0.1631
vn -0.1125 -0.9660 0.2326
vn -0.3566 -0.9179 0.1737
vn -0.6753 -0.4088 0.6138
vn 0.0957 -0.5395 -0.8365
vn 0.2944 0.4872 -0.8222
vn -0.1383 0.5710 -0.8093
vn -0.8900 0.0138 -0.4557
vn -0.7849 -0.5088 -0.3536
vn -0.9063 -0.3996 0.1376
vn -0.9936 0.1069 -0.0368
vn -0.7849 -0.1833 0.5919
vn -0.8901 0.2914 0.3506
vn -0.4041 0.9147 -0.0049
vn -0.2208 0.7253 0.6520
vn 0.1656 0.8585 0.4854
vn -0.2712 0.9605 -0.0622
vn -0.6072 0.0369 -0.7937
vn -0.4532 -0.4817 -0.7500
vn 0.2208 -0.7253 -0.6520
vn 0.4105 -0.9098 0.0614
vn 0.3025 -0.9470 0.1079
vn -0.1656 -0.8585 -0.4854
vn -0.4531 0.0822 0.8876
vn -0.6072 0.5177 0.6027
vn -0.2208 0.7253 0.6521
vn 0.4532 0.4817 0.7500
vn 0.7849 0.5088 0.3536
vn 0.4485 0.8816 0.1474
vn 0.5520 0.7884 -0.2715
vn 0.7849 0.1833 -0.5919
vn 0.4485 0.6039 -0.6589
vn 0.4531 -0.0821 -0.8876
vn 0.1656 0.3776 -0.9110
vn -0.2208 0.1701 -0.9604
vn -0.1739 0.9685 -0.1784
vn -0.1383 0.9364 -0.3224
vn -0.1739 0.8730 -0.4557
vn -0.2712 0.7952 -0.5424
vn -0.4041 0.7238 -0.5594
vn -0.5369 0.6780 -0.5020
vn -0.6342 0.6700 -0.3858
vn -0.6698 0.7021 -0.2417
vn -0.6342 0.7655 -0.1085
vn -0.5369 0.8433 -0.0218
vn 0.8901 -0.0138 0.4556
vn 0.5974 -0.7111 0.3708
vn 0.6263 -0.7371 0.2538
vn 0.9936 -0.1070 0.0369
vn 0.3025 -0.8127 0.4980
vn 0.2235 -0.8759 0.4276
vn -0.1656 -0.3777 0.9110
vn -0.4485 -0.6040 0.6588
vn 0.6072 -0.5178 -0.6027
vn 0.5184 -0.8518 0.0751
vn 0.8901 -0.2914 -0.3505
vn 0.5974 -0.7886 0.1456
vn 0.4104 -0.7547 0.5118
vn 0.2208 -0.1701 0.9604
vn -0.5520 -0.7884 0.2715
vn 0.1946 -0.9274 0.3194
vn 0.6072 -0.0370 0.7937
vn 0.5184 -0.7175 0.4652
vn 0.2235 -0.9535 0.2024
vn -0.4484 -0.8816 -0.1473
vn -0.8901 0.2914 0.3505
vn -0.9936 0.1070 -0.0368
vn -0.8901 0.0138 -0.4556
vn -0.6072 0.0370 -0.7937
vn 0.1656 0.3777 -0.9110
vn 0.4484 0.6040 -0.6589
vn 0.4485 0.8816 0.1473
vn -0.6072 0.5178 0.6027
vn -0.4485 -0.8816 -0.1474
vn -0.4485 -0.6040 0.6589
vn -0.1656 -0.3776 0.9110
vn 0.6072 -0.0369 0.7937
vn 0.8900 -0.0138 0.4557
vn 0.9936 -0.1070 0.0368
vn 0.8901 -0.2914 -0.3506
vn 0.6072 -0.5177 -0.6027
vn 0.2208 -0.7253 -0.6521
vn 0.4040 -0.7238 0.5593
vn 0.5369 -0.6780 0.5020
vn -0.4532 -0.4818 -0.7500
vn -0.5184 0.7175 -0.4652
vn -0.4105 0.7547 -0.5118
vn 0.4531 -0.0822 -0.8876
vn 0.2712 -0.7952 0.5424
vn 0.1739 -0.8730 0.4557
vn 0.1383 -0.9364 0.3224
vn 0.1739 -0.9685 0.1784
vn 0.2712 -0.9605 0.0621
vn 0.4040 -0.9147 0.0048
vn 0.5369 -0.8434 0.0218
vn 0.6342 -0.7655 0.1085
vn 0.6698 -0.7021 0.2418
vn 0.6342 -0.6700 0.3858
vn -0.1946 0.9274 -0.3193
vn -0.2235 0.9535 -0.2023
vn -0.5184 0.8518 -0.0751
vn -0.5974 0.7886 -0.1456
vn -0.3025 0.8127 -0.4980
vn -0.2235 0.8759 -0.4275
vn -0.4105 0.9098 -0.0614
vn -0.6263 0.7371 -0.2538
vn -0.3025 0.9470 -0.1079
vn -0.5974 0.7111 -0.3708
vn -0.8901 0.0139 -0.4556
vn -0.4485 -0.8816 -0.1473
vt 0.318130 0.320260
vt 0.317750 0.311570
vt 0.295360 0.308170
vt 0.295940 0.321330
vt 0.295360 0.348080
vt 0.317750 0.344680
vt 0.318130 0.335890
vt 0.295940 0.334910
vt 0.318180 0.334870
vt 0.296000 0.333410
vt 0.318180 0.333410
vt 0.318240 0.332350
vt 0.296060 0.332350
vt 0.318260 0.330780
vt 0.296090 0.330780
vt 0.318260 0.325470
vt 0.296090 0.325470
vt 0.318240 0.323900
vt 0.296060 0.323900
vt 0.318180 0.322830
vt 0.296000 0.322830
vt 0.318180 0.321380
vt 0.337950 0.318860
vt 0.337820 0.315770
vt 0.337820 0.340480
vt 0.337950 0.337390
vt 0.337990 0.336550
vt 0.337990 0.333450
vt 0.338020 0.332470
vt 0.338040 0.331170
vt 0.338040 0.325070
vt 0.338020 0.323780
vt 0.337990 0.322800
vt 0.337990 0.319690
vt 0.349350 0.317960
vt 0.349350 0.338290
vt 0.352460 0.338110
vt 0.352460 0.333450
vt 0.353550 0.332440
vt 0.353570 0.328120
vt 0.353550 0.323810
vt 0.352460 0.322800
vt 0.352460 0.318130
vt 0.496400 0.369320
vt 0.495070 0.369180
vt 0.495070 0.365190
vt 0.496400 0.365050
vt 0.262380 0.321640
vt 0.261410 0.303350
vt 0.262380 0.334610
vt 0.261410 0.352900
vt 0.261380 0.353470
vt 0.251880 0.352900
vt 0.505940 0.366060
vt 0.505940 0.368320
vt 0.251880 0.303340
vt 0.243840 0.322000
vt 0.243840 0.334250
vt 0.242890 0.352140
vt 0.514930 0.367190
vt 0.242890 0.304110
vt 0.261380 0.302770
vt 0.215300 0.332560
vt 0.214980 0.335990
vt 0.214980 0.320250
vt 0.215300 0.323680
vt 0.211680 0.332370
vt 0.213050 0.334270
vt 0.213050 0.321970
vt 0.211680 0.323880
vt 0.031620 0.456990
vt 0.062920 0.456990
vt 0.062920 0.460760
vt 0.031250 0.460760
vt 0.122150 0.463520
vt 0.122150 0.466220
vt 0.114390 0.464900
vt 0.114390 0.461500
vt 0.125040 0.466780
vt 0.081030 0.461510
vt 0.081030 0.457670
vt 0.097930 0.458980
vt 0.097930 0.463000
vt 0.062920 0.453170
vt 0.031990 0.453170
vt 0.959770 0.937080
vt 0.968540 0.937080
vt 0.968540 0.968000
vt 0.959770 0.967790
vt 0.942090 0.937080
vt 0.942090 0.967790
vt 0.924480 0.968750
vt 0.924480 0.937080
vt 0.928220 0.968750
vt 0.081030 0.453790
vt 0.958700 0.918970
vt 0.966750 0.918970
vt 0.942090 0.918970
vt 0.926130 0.918970
vt 0.097930 0.455060
vt 0.956600 0.902070
vt 0.964570 0.902070
vt 0.942190 0.902070
vt 0.932470 0.902070
vt 0.953780 0.885610
vt 0.961530 0.885610
vt 0.942190 0.886810
vt 0.946350 0.881850
vt 0.954670 0.874630
vt 0.960080 0.877850
vt 0.959300 0.873760
vt 0.950170 0.877850
vt 0.122150 0.470980
vt 0.114390 0.477640
vt 0.097930 0.486020
vt 0.081030 0.490690
vt 0.062920 0.493450
vt 0.031250 0.493450
vt 0.031250 0.476670
vt 0.783860 0.324220
vt 0.787600 0.324220
vt 0.787600 0.385740
vt 0.783860 0.385740
vt 0.554490 0.736570
vt 0.554490 0.734420
vt 0.605420 0.734420
vt 0.606460 0.738270
vt 0.827920 0.437720
vt 0.819140 0.437720
vt 0.819140 0.388620
vt 0.827920 0.386790
vt 0.801460 0.437720
vt 0.801460 0.388620
vt 0.783860 0.437720
vt 0.514530 0.737590
vt 0.514540 0.735640
vt 0.785400 0.452720
vt 0.491420 0.741830
vt 0.491130 0.738240
vt 0.800060 0.501070
vt 0.800800 0.477640
vt 0.810630 0.477640
vt 0.791840 0.473550
vt 0.474520 0.744960
vt 0.474520 0.740450
vt 0.805720 0.519840
vt 0.817640 0.501070
vt 0.816320 0.517680
vt 0.808730 0.527960
vt 0.474520 0.770590
vt 0.464240 0.767550
vt 0.474520 0.766430
vt 0.469280 0.760730
vt 0.453570 0.754120
vt 0.469280 0.756250
vt 0.474520 0.764140
vt 0.453570 0.743780
vt 0.453570 0.749650
vt 0.453570 0.763230
vt 0.453570 0.759000
vt 0.469280 0.751340
vt 0.445930 0.758890
vt 0.444170 0.747710
vt 0.818650 0.545260
vt 0.813860 0.538630
vt 0.820370 0.538630
vt 0.823720 0.517680
vt 0.826230 0.501070
vt 0.818680 0.477640
vt 0.827470 0.477660
vt 0.446940 0.744450
vt 0.443110 0.752520
vt 0.483370 0.744670
vt 0.474520 0.747790
vt 0.493510 0.769450
vt 0.491420 0.773510
vt 0.514530 0.774700
vt 0.514530 0.771440
vt 0.622860 0.757920
vt 0.667980 0.742010
vt 0.667980 0.757920
vt 0.122150 0.461280
vt 0.114390 0.458510
vt 0.126240 0.463200
vt 0.443900 0.756060
vt 0.818980 0.451870
vt 0.820670 0.451870
vt 0.815790 0.463550
vt 0.816850 0.475200
vt 0.814220 0.451870
vt 0.102340 0.408080
vt 0.104900 0.390560
vt 0.095330 0.390560
vt 0.097920 0.408070
vt 0.099610 0.425670
vt 0.100580 0.425670
vt 0.817520 0.475200
vt 0.818830 0.463540
vt 0.105570 0.406300
vt 0.108680 0.386620
vt 0.095790 0.386620
vt 0.090890 0.388170
vt 0.094390 0.406280
vt 0.031620 0.699260
vt 0.031250 0.695490
vt 0.062920 0.695490
vt 0.062920 0.699260
vt 0.122150 0.692730
vt 0.114390 0.694750
vt 0.114390 0.691350
vt 0.122150 0.690030
vt 0.125040 0.689470
vt 0.081030 0.694740
vt 0.097930 0.693250
vt 0.097930 0.697270
vt 0.081030 0.698580
vt 0.062920 0.703080
vt 0.032000 0.703090
vt 0.876170 0.937080
vt 0.876170 0.967790
vt 0.867390 0.968000
vt 0.867390 0.937080
vt 0.893850 0.937080
vt 0.893850 0.967790
vt 0.911460 0.968750
vt 0.907720 0.968750
vt 0.911460 0.937080
vt 0.081030 0.702460
vt 0.869190 0.918970
vt 0.877240 0.918970
vt 0.893850 0.918970
vt 0.909800 0.918970
vt 0.097930 0.701190
vt 0.871370 0.902070
vt 0.879340 0.902070
vt 0.893750 0.902070
vt 0.903470 0.902070
vt 0.874400 0.885610
vt 0.882160 0.885610
vt 0.893740 0.886810
vt 0.889590 0.881850
vt 0.875860 0.877850
vt 0.881270 0.874620
vt 0.876640 0.873760
vt 0.885760 0.877850
vt 0.122150 0.685270
vt 0.114390 0.678610
vt 0.097930 0.670230
vt 0.081030 0.665560
vt 0.062920 0.662800
vt 0.031250 0.679580
vt 0.031250 0.662800
vt 0.770830 0.324220
vt 0.770830 0.385740
vt 0.767090 0.385740
vt 0.767090 0.324220
vt 0.554490 0.982180
vt 0.606460 0.980480
vt 0.605420 0.984330
vt 0.554490 0.984330
vt 0.726770 0.437720
vt 0.726770 0.386790
vt 0.735540 0.388620
vt 0.735540 0.437720
vt 0.753220 0.388620
vt 0.753220 0.437720
vt 0.770830 0.437720
vt 0.514530 0.981160
vt 0.514540 0.983110
vt 0.769290 0.452720
vt 0.754620 0.501070
vt 0.744050 0.477640
vt 0.753880 0.477640
vt 0.762840 0.473550
vt 0.737050 0.501070
vt 0.748960 0.519840
vt 0.738370 0.517680
vt 0.745960 0.527960
vt 0.474520 0.948160
vt 0.474520 0.952320
vt 0.464240 0.951200
vt 0.469280 0.958020
vt 0.469280 0.962500
vt 0.453570 0.964630
vt 0.474520 0.954610
vt 0.453570 0.959750
vt 0.453570 0.955520
vt 0.469280 0.967410
vt 0.474520 0.973790
vt 0.453570 0.969100
vt 0.445930 0.959860
vt 0.444170 0.971040
vt 0.453570 0.974970
vt 0.736030 0.545260
vt 0.734320 0.538630
vt 0.740820 0.538630
vt 0.446940 0.974300
vt 0.443110 0.966230
vt 0.491420 0.976920
vt 0.483370 0.974080
vt 0.493510 0.949300
vt 0.491420 0.945240
vt 0.514530 0.944050
vt 0.514530 0.947310
vt 0.622860 0.960830
vt 0.667980 0.960830
vt 0.667980 0.976740
vt 0.122150 0.694970
vt 0.114390 0.697740
vt 0.126240 0.693050
vt 0.443900 0.962690
vt 0.474520 0.970960
vt 0.735710 0.451870
vt 0.734020 0.451870
vt 0.738890 0.463550
vt 0.740470 0.451870
vt 0.737840 0.475200
vt 0.124270 0.408080
vt 0.128690 0.408070
vt 0.131280 0.390560
vt 0.121710 0.390560
vt 0.127000 0.425670
vt 0.126030 0.425670
vt 0.736000 0.477640
vt 0.727220 0.477660
vt 0.737170 0.475200
vt 0.735860 0.463540
vt 0.121040 0.406300
vt 0.117930 0.386620
vt 0.130820 0.386620
vt 0.135720 0.388170
vt 0.132210 0.406280
vt 0.673300 0.644610
vt 0.671550 0.645640
vt 0.671570 0.625830
vt 0.673640 0.626060
vt 0.671360 0.649090
vt 0.672990 0.648160
vt 0.668170 0.644640
vt 0.669970 0.645380
vt 0.669770 0.648010
vt 0.666130 0.636950
vt 0.665640 0.632070
vt 0.666220 0.628230
vt 0.666960 0.640850
vt 0.675440 0.627070
vt 0.674860 0.643350
vt 0.674310 0.646010
vt 0.676340 0.639800
vt 0.675590 0.642720
vt 0.676930 0.629730
vt 0.677120 0.632600
vt 0.676960 0.635980
vt 0.669380 0.625900
vt 0.667540 0.626520
vt 0.491130 0.980510
vt 0.474520 0.978300
vt 0.730960 0.517680
vt 0.728450 0.501070
vt 0.494370 0.744810
vt 0.486350 0.747830
vt 0.517090 0.740180
vt 0.556590 0.739100
vt 0.606460 0.740700
vt 0.632560 0.739780
vt 0.632560 0.741860
vt 0.494370 0.973940
vt 0.517090 0.978570
vt 0.556590 0.979650
vt 0.606460 0.978050
vt 0.632560 0.976890
vt 0.632560 0.978970
vt 0.630020 0.756740
vt 0.601070 0.762300
vt 0.607470 0.758440
vt 0.556030 0.766440
vt 0.554490 0.769300
vt 0.516420 0.768710
vt 0.495520 0.766690
vt 0.481170 0.762430
vt 0.556030 0.952310
vt 0.554490 0.949450
vt 0.601070 0.956450
vt 0.607470 0.960310
vt 0.516420 0.950040
vt 0.495520 0.952060
vt 0.481170 0.956320
vt 0.630020 0.962010
vt 0.486350 0.970920
vt 0.576970 0.445520
vt 0.600590 0.447390
vt 0.600590 0.458730
vt 0.581540 0.461590
vt 0.572290 0.429000
vt 0.600590 0.433870
vt 0.544450 0.437150
vt 0.561360 0.460840
vt 0.555250 0.434360
vt 0.081230 0.277240
vt 0.050790 0.274120
vt 0.050790 0.253520
vt 0.090060 0.253540
vt 0.182740 0.845810
vt 0.182740 0.859380
vt 0.150940 0.859380
vt 0.150940 0.846160
vt 0.182740 0.833180
vt 0.150940 0.833850
vt 0.182740 0.822320
vt 0.150940 0.822010
vt 0.182740 0.811820
vt 0.150940 0.811510
vt 0.182740 0.800950
vt 0.150940 0.800770
vt 0.182740 0.786880
vt 0.150940 0.786790
vt 0.150940 0.759250
vt 0.182740 0.758890
vt 0.182740 0.774700
vt 0.150940 0.774670
vt 0.150940 0.745280
vt 0.182740 0.744450
vt 0.818670 0.809460
vt 0.817530 0.841260
vt 0.804750 0.841260
vt 0.805720 0.809460
vt 0.791360 0.841260
vt 0.791840 0.809460
vt 0.777340 0.841260
vt 0.777340 0.809460
vt 0.120410 0.859380
vt 0.120410 0.847140
vt 0.120410 0.835730
vt 0.120410 0.825950
vt 0.120410 0.810420
vt 0.120410 0.799330
vt 0.120410 0.786080
vt 0.120410 0.774590
vt 0.100120 0.774510
vt 0.100120 0.761360
vt 0.120410 0.760280
vt 0.120410 0.747210
vt 0.814670 0.871790
vt 0.802970 0.871790
vt 0.789550 0.871790
vt 0.777340 0.871790
vt 0.081120 0.849560
vt 0.081120 0.859380
vt 0.071590 0.859380
vt 0.071590 0.850640
vt 0.081120 0.840310
vt 0.071590 0.842030
vt 0.081120 0.832570
vt 0.071590 0.835270
vt 0.081120 0.807610
vt 0.081120 0.812070
vt 0.071590 0.809040
vt 0.065550 0.859380
vt 0.061500 0.852050
vt 0.061500 0.844150
vt 0.061500 0.859380
vt 0.055810 0.859380
vt 0.051110 0.859380
vt 0.081120 0.784070
vt 0.081120 0.795180
vt 0.066970 0.792740
vt 0.066970 0.782860
vt 0.081120 0.774390
vt 0.066970 0.774280
vt 0.066970 0.764070
vt 0.081120 0.762700
vt 0.066970 0.754460
vt 0.081120 0.751800
vt 0.808060 0.911080
vt 0.804240 0.925230
vt 0.795670 0.925230
vt 0.798300 0.911080
vt 0.053440 0.789570
vt 0.053440 0.781320
vt 0.053440 0.774160
vt 0.053440 0.765520
vt 0.053440 0.757420
vt 0.799980 0.938760
vt 0.792820 0.938760
vt 0.037960 0.785100
vt 0.037960 0.779150
vt 0.037960 0.773980
vt 0.037960 0.767630
vt 0.037960 0.761620
vt 0.788740 0.954250
vt 0.793940 0.954250
vt 0.783190 0.954250
vt 0.785410 0.938760
vt 0.777340 0.954250
vt 0.777340 0.938760
vt 0.053440 0.794050
vt 0.058450 0.795420
vt 0.053050 0.796620
vt 0.040390 0.816260
vt 0.040390 0.811730
vt 0.040390 0.789600
vt 0.040390 0.792510
vt 0.037090 0.790990
vt 0.037960 0.790160
vt 0.040390 0.802480
vt 0.040390 0.807310
vt 0.035850 0.808480
vt 0.037090 0.804000
vt 0.034710 0.816260
vt 0.035100 0.812420
vt 0.679340 0.689720
vt 0.678620 0.691800
vt 0.675790 0.690000
vt 0.676210 0.688810
vt 0.679570 0.687760
vt 0.676340 0.687690
vt 0.676140 0.686110
vt 0.679240 0.685210
vt 0.678230 0.682810
vt 0.675570 0.684660
vt 0.674430 0.683530
vt 0.676280 0.680680
vt 0.673090 0.682840
vt 0.673960 0.679510
vt 0.671880 0.682680
vt 0.671880 0.679240
vt 0.676430 0.694290
vt 0.675050 0.695200
vt 0.673720 0.691940
vt 0.674520 0.691430
vt 0.673510 0.695780
vt 0.671880 0.696000
vt 0.671880 0.692400
vt 0.672820 0.692270
vt 0.677610 0.693200
vt 0.675200 0.690800
vt 0.671880 0.687590
vt 0.683390 0.690940
vt 0.682390 0.694410
vt 0.683590 0.687850
vt 0.683100 0.684090
vt 0.678860 0.677070
vt 0.681700 0.680390
vt 0.675370 0.675410
vt 0.671880 0.674940
vt 0.679200 0.698210
vt 0.676770 0.699510
vt 0.674370 0.700290
vt 0.671880 0.700610
vt 0.680990 0.696600
vt 0.685200 0.677960
vt 0.687260 0.682880
vt 0.691320 0.681690
vt 0.688470 0.675680
vt 0.100120 0.848180
vt 0.100120 0.859380
vt 0.100120 0.837690
vt 0.100120 0.828790
vt 0.100120 0.809250
vt 0.081120 0.801940
vt 0.100120 0.797610
vt 0.100120 0.785250
vt 0.100120 0.749240
vt 0.801000 0.892090
vt 0.811910 0.892090
vt 0.667980 0.845810
vt 0.667980 0.859380
vt 0.667980 0.833180
vt 0.667980 0.822320
vt 0.667980 0.811820
vt 0.667980 0.800950
vt 0.667980 0.786880
vt 0.667980 0.774700
vt 0.514540 0.774700
vt 0.667980 0.744450
vt 0.667980 0.758890
vt 0.805720 0.324220
vt 0.818670 0.324220
vt 0.791840 0.324220
vt 0.777340 0.324220
vt 0.031250 0.578120
vt 0.031250 0.564560
vt 0.302050 0.564560
vt 0.302050 0.578120
vt 0.031250 0.551930
vt 0.302050 0.551930
vt 0.031250 0.541070
vt 0.302050 0.541070
vt 0.031250 0.530570
vt 0.302050 0.530570
vt 0.031250 0.519700
vt 0.302050 0.519700
vt 0.031250 0.505630
vt 0.302050 0.505630
vt 0.302050 0.493450
vt 0.031250 0.477640
vt 0.302050 0.477640
vt 0.031250 0.463200
vt 0.302050 0.463200
vt 0.946350 0.968750
vt 0.946350 0.697950
vt 0.959300 0.697950
vt 0.959300 0.968750
vt 0.932470 0.968750
vt 0.932470 0.697950
vt 0.917970 0.968750
vt 0.917970 0.697950
vt 0.374970 0.564590
vt 0.374970 0.578120
vt 0.374970 0.552630
vt 0.374970 0.541220
vt 0.374970 0.530560
vt 0.374970 0.520510
vt 0.339720 0.506070
vt 0.374970 0.507690
vt 0.339720 0.493970
vt 0.339720 0.478420
vt 0.339720 0.464460
vt 0.946450 0.660280
vt 0.958320 0.660280
vt 0.932520 0.660280
vt 0.917970 0.660280
vt 0.399190 0.578120
vt 0.413190 0.553480
vt 0.413190 0.565200
vt 0.413190 0.543550
vt 0.413190 0.530580
vt 0.413190 0.541000
vt 0.413190 0.521530
vt 0.413190 0.510090
vt 0.374970 0.495170
vt 0.413190 0.498190
vt 0.374970 0.480270
vt 0.413190 0.483630
vt 0.374970 0.467040
vt 0.413190 0.470200
vt 0.952720 0.586810
vt 0.955840 0.625030
vt 0.946220 0.625030
vt 0.944910 0.586810
vt 0.932400 0.625030
vt 0.931730 0.586810
vt 0.917970 0.625030
vt 0.917970 0.586810
vt 0.451200 0.566200
vt 0.451200 0.578120
vt 0.413190 0.578120
vt 0.451200 0.555100
vt 0.451200 0.546080
vt 0.451200 0.530590
vt 0.451200 0.540220
vt 0.451200 0.522650
vt 0.451200 0.512370
vt 0.451200 0.501170
vt 0.451200 0.488080
vt 0.451200 0.475040
vt 0.948170 0.548800
vt 0.942770 0.548800
vt 0.930640 0.548800
vt 0.917970 0.548800
vt 0.515840 0.568930
vt 0.515840 0.578120
vt 0.515840 0.560370
vt 0.515840 0.553760
vt 0.515840 0.529280
vt 0.515840 0.536050
vt 0.485450 0.522810
vt 0.515840 0.526550
vt 0.515840 0.485260
vt 0.515840 0.491040
vt 0.939410 0.484160
vt 0.927830 0.484160
vt 0.917970 0.484160
vt 0.468230 0.513510
vt 0.485440 0.504030
vt 0.515840 0.499010
vt 0.567580 0.500050
vt 0.567580 0.510850
vt 0.567580 0.494550
vt 0.925390 0.432420
vt 0.932310 0.432420
vt 0.917970 0.432420
vt 0.567580 0.519260
vt 0.567580 0.571210
vt 0.567580 0.578120
vt 0.567580 0.565010
vt 0.567580 0.561530
vt 0.567580 0.526510
vt 0.567580 0.531530
vt 0.600660 0.506050
vt 0.600660 0.515420
vt 0.600660 0.500250
vt 0.923990 0.399350
vt 0.927490 0.399350
vt 0.600660 0.572940
vt 0.600660 0.578120
vt 0.600660 0.568300
vt 0.600660 0.523770
vt 0.616730 0.515610
vt 0.616730 0.509250
vt 0.616730 0.503440
vt 0.922990 0.383270
vt 0.616730 0.578120
vt 0.616730 0.574090
vt 0.616730 0.521160
vt 0.616730 0.524040
vt 0.600660 0.528430
vt 0.625560 0.515380
vt 0.625560 0.511380
vt 0.625560 0.507680
vt 0.917970 0.383270
vt 0.917970 0.374440
vt 0.625560 0.578120
vt 0.625560 0.520840
vt 0.625560 0.522100
vt 0.616730 0.525790
vt 0.625560 0.518890
vt 0.632190 0.515020
vt 0.632190 0.513580
vt 0.632190 0.511960
vt 0.625560 0.506290
vt 0.632190 0.511270
vt 0.632190 0.518070
vt 0.632190 0.518770
vt 0.625560 0.522560
vt 0.632190 0.516450
vt 0.896410 0.244940
vt 0.978350 0.292490
vt 0.975490 0.307190
vt 0.896410 0.248870
vt 0.896410 0.252600
vt 0.968240 0.308620
vt 0.967160 0.308800
vt 0.896410 0.253490
vt 0.959060 0.337050
vt 0.959060 0.333120
vt 0.880240 0.274850
vt 0.877340 0.289740
vt 0.959060 0.329410
vt 0.887230 0.273400
vt 0.959060 0.328530
vt 0.888310 0.273220
vt 0.972730 0.319530
vt 0.971560 0.313050
vt 0.970970 0.313840
vt 0.883930 0.268940
vt 0.884500 0.268180
vt 0.895490 0.244550
vt 0.895490 0.235370
vt 0.895490 0.248310
vt 0.895520 0.250400
vt 0.895720 0.251850
vt 0.959980 0.346650
vt 0.959970 0.337470
vt 0.959970 0.333720
vt 0.959950 0.331630
vt 0.959750 0.330170
vt 0.910060 0.246700
vt 0.981280 0.275760
vt 0.945400 0.335330
vt 0.874310 0.306540
vt 0.972440 0.320540
vt 0.882840 0.262510
vt 0.883020 0.261480
vt 0.945400 0.343010
vt 0.910060 0.239010
vt 0.981160 0.275490
vt 0.789550 0.911080
vt 0.789550 0.895590
vt 0.777340 0.934360
vt 0.789550 0.934360
vt 0.789550 0.925230
vt 0.120410 0.819430
vt 0.100120 0.816390
vt 0.686430 0.696900
vt 0.687730 0.692120
vt 0.691970 0.693210
vt 0.690350 0.699160
vt 0.692250 0.688040
vt 0.687960 0.687950
vt 0.681190 0.673790
vt 0.683280 0.670860
vt 0.676610 0.671780
vt 0.677720 0.668530
vt 0.671880 0.671160
vt 0.671880 0.667760
vt 0.687950 0.702830
vt 0.684540 0.699860
vt 0.684470 0.705050
vt 0.679870 0.706260
vt 0.678630 0.703640
vt 0.682080 0.702000
vt 0.675820 0.706980
vt 0.671880 0.707360
vt 0.671880 0.705140
vt 0.675290 0.704640
vt 0.686600 0.704220
vt 0.037960 0.788770
vt 0.917970 0.399350
vt 0.657430 0.445520
vt 0.652850 0.461590
vt 0.633800 0.458730
vt 0.633800 0.447390
vt 0.662100 0.429000
vt 0.633800 0.433870
vt 0.689950 0.437150
vt 0.673030 0.460840
vt 0.679140 0.434360
vt 0.020340 0.277240
vt 0.011490 0.253540
vt 0.182740 0.872940
vt 0.150940 0.872590
vt 0.182740 0.885570
vt 0.150940 0.884900
vt 0.182740 0.896430
vt 0.150940 0.896740
vt 0.182740 0.906930
vt 0.150940 0.907240
vt 0.182740 0.917800
vt 0.150940 0.917980
vt 0.182740 0.931870
vt 0.150940 0.931960
vt 0.150940 0.959500
vt 0.150940 0.944080
vt 0.182740 0.944050
vt 0.182740 0.959860
vt 0.182740 0.974300
vt 0.150940 0.973470
vt 0.736010 0.809460
vt 0.748960 0.809460
vt 0.749930 0.841260
vt 0.737160 0.841260
vt 0.762840 0.809460
vt 0.763330 0.841260
vt 0.120410 0.871610
vt 0.120410 0.883020
vt 0.120410 0.892800
vt 0.120410 0.908330
vt 0.120410 0.919430
vt 0.120410 0.932670
vt 0.120410 0.944160
vt 0.120410 0.958470
vt 0.100120 0.957390
vt 0.100120 0.944240
vt 0.120410 0.971540
vt 0.751720 0.871790
vt 0.740010 0.871790
vt 0.765140 0.871790
vt 0.081120 0.869190
vt 0.071590 0.868110
vt 0.081120 0.878440
vt 0.071590 0.876720
vt 0.081120 0.886180
vt 0.071590 0.883480
vt 0.081120 0.911140
vt 0.071590 0.909710
vt 0.081120 0.906680
vt 0.061500 0.874600
vt 0.061500 0.866700
vt 0.081120 0.934680
vt 0.066970 0.935890
vt 0.066970 0.926010
vt 0.081120 0.923570
vt 0.081120 0.944360
vt 0.081120 0.956050
vt 0.066970 0.954680
vt 0.066970 0.944470
vt 0.066970 0.964290
vt 0.081120 0.966950
vt 0.746620 0.911080
vt 0.756390 0.911080
vt 0.759020 0.925230
vt 0.750450 0.925230
vt 0.053440 0.937430
vt 0.053440 0.929180
vt 0.053440 0.953230
vt 0.053440 0.944590
vt 0.053440 0.961330
vt 0.761870 0.938760
vt 0.754710 0.938760
vt 0.037960 0.939600
vt 0.037960 0.933650
vt 0.037960 0.951120
vt 0.037960 0.944770
vt 0.037960 0.957130
vt 0.765940 0.954250
vt 0.760750 0.954250
vt 0.771490 0.954250
vt 0.769280 0.938760
vt 0.053440 0.924700
vt 0.058450 0.923330
vt 0.053050 0.922130
vt 0.040390 0.916270
vt 0.040390 0.911440
vt 0.040390 0.929150
vt 0.040390 0.926240
vt 0.037960 0.928590
vt 0.037090 0.927760
vt 0.037090 0.914750
vt 0.035850 0.910270
vt 0.040390 0.907020
vt 0.035100 0.906330
vt 0.034710 0.902490
vt 0.040390 0.902490
vt 0.664410 0.689720
vt 0.667540 0.688810
vt 0.667960 0.690000
vt 0.665130 0.691800
vt 0.664180 0.687760
vt 0.664510 0.685210
vt 0.667610 0.686110
vt 0.667410 0.687690
vt 0.665520 0.682810
vt 0.667470 0.680680
vt 0.669320 0.683530
vt 0.668180 0.684660
vt 0.670660 0.682840
vt 0.669790 0.679510
vt 0.667320 0.694290
vt 0.669230 0.691430
vt 0.670030 0.691940
vt 0.668700 0.695200
vt 0.670240 0.695780
vt 0.670930 0.692270
vt 0.668550 0.690800
vt 0.666140 0.693200
vt 0.660360 0.690940
vt 0.661360 0.694410
vt 0.660160 0.687850
vt 0.660650 0.684090
vt 0.662050 0.680390
vt 0.664890 0.677070
vt 0.668380 0.675410
vt 0.664550 0.698210
vt 0.666980 0.699510
vt 0.669380 0.700290
vt 0.662760 0.696600
vt 0.656490 0.682880
vt 0.658550 0.677960
vt 0.652430 0.681690
vt 0.655280 0.675680
vt 0.100120 0.870570
vt 0.100120 0.881060
vt 0.100120 0.889960
vt 0.100120 0.921140
vt 0.081120 0.916810
vt 0.100120 0.909500
vt 0.100120 0.933500
vt 0.100120 0.969510
vt 0.742780 0.892090
vt 0.753680 0.892090
vt 0.667980 0.872940
vt 0.667980 0.885570
vt 0.667980 0.896430
vt 0.667980 0.906930
vt 0.667980 0.917800
vt 0.667980 0.931870
vt 0.667980 0.944050
vt 0.514540 0.944050
vt 0.667980 0.959860
vt 0.667980 0.974300
vt 0.736020 0.324220
vt 0.748960 0.324220
vt 0.762840 0.324220
vt 0.302050 0.591690
vt 0.031250 0.591690
vt 0.302050 0.604320
vt 0.031250 0.604320
vt 0.302050 0.615180
vt 0.031250 0.615180
vt 0.302050 0.625680
vt 0.031250 0.625680
vt 0.302050 0.636550
vt 0.031250 0.636550
vt 0.302050 0.650620
vt 0.031250 0.650620
vt 0.302050 0.662800
vt 0.031250 0.678610
vt 0.302050 0.678610
vt 0.031250 0.693050
vt 0.302050 0.693050
vt 0.889590 0.968750
vt 0.876640 0.968750
vt 0.876640 0.697950
vt 0.889590 0.697950
vt 0.903470 0.968750
vt 0.903470 0.697950
vt 0.374970 0.591660
vt 0.374970 0.603620
vt 0.374970 0.615030
vt 0.374970 0.625690
vt 0.374970 0.635740
vt 0.339720 0.650180
vt 0.374970 0.648560
vt 0.339720 0.662280
vt 0.339720 0.677830
vt 0.339720 0.691790
vt 0.877620 0.660280
vt 0.889490 0.660280
vt 0.903420 0.660280
vt 0.413190 0.591050
vt 0.413190 0.602770
vt 0.413190 0.612700
vt 0.413190 0.615250
vt 0.413190 0.625670
vt 0.413190 0.634720
vt 0.413190 0.646160
vt 0.413190 0.658060
vt 0.374970 0.661080
vt 0.374970 0.675980
vt 0.413190 0.672620
vt 0.374970 0.689210
vt 0.413190 0.686050
vt 0.883220 0.586810
vt 0.891030 0.586810
vt 0.889720 0.625030
vt 0.880100 0.625030
vt 0.903530 0.625030
vt 0.904200 0.586810
vt 0.451200 0.590050
vt 0.451200 0.601150
vt 0.451200 0.610170
vt 0.451200 0.616030
vt 0.451200 0.625660
vt 0.451200 0.633600
vt 0.451200 0.643880
vt 0.451200 0.655080
vt 0.451200 0.668170
vt 0.451200 0.681210
vt 0.887770 0.548800
vt 0.893170 0.548800
vt 0.905300 0.548800
vt 0.515840 0.587320
vt 0.515840 0.595880
vt 0.515840 0.602490
vt 0.515840 0.620200
vt 0.515840 0.626970
vt 0.515840 0.629700
vt 0.485450 0.633440
vt 0.515840 0.665220
vt 0.515840 0.670990
vt 0.896530 0.484160
vt 0.908100 0.484160
vt 0.468230 0.642740
vt 0.485440 0.652220
vt 0.515840 0.657240
vt 0.567580 0.645400
vt 0.567580 0.656200
vt 0.567580 0.661700
vt 0.910550 0.432420
vt 0.903620 0.432420
vt 0.567580 0.636990
vt 0.567580 0.585040
vt 0.567580 0.591240
vt 0.567580 0.594720
vt 0.567580 0.624720
vt 0.567580 0.629740
vt 0.600660 0.650200
vt 0.600660 0.640830
vt 0.600660 0.656000
vt 0.911950 0.399350
vt 0.908450 0.399350
vt 0.600660 0.583310
vt 0.600660 0.587950
vt 0.600660 0.632480
vt 0.616730 0.640640
vt 0.616730 0.647000
vt 0.616730 0.652810
vt 0.912940 0.383270
vt 0.616730 0.582160
vt 0.616730 0.635090
vt 0.600660 0.627820
vt 0.616730 0.632210
vt 0.625560 0.640870
vt 0.625560 0.644870
vt 0.625560 0.648570
vt 0.625560 0.635410
vt 0.616730 0.630460
vt 0.625560 0.634150
vt 0.625560 0.637360
vt 0.632190 0.641230
vt 0.632190 0.642670
vt 0.632190 0.644290
vt 0.632190 0.644980
vt 0.625560 0.649960
vt 0.632190 0.638180
vt 0.625560 0.633690
vt 0.632190 0.637480
vt 0.632190 0.639800
vt 0.765140 0.911080
vt 0.765140 0.895590
vt 0.765140 0.934360
vt 0.765140 0.925230
vt 0.120410 0.899320
vt 0.100120 0.902360
vt 0.657320 0.696900
vt 0.653400 0.699160
vt 0.651780 0.693210
vt 0.656020 0.692120
vt 0.651500 0.688040
vt 0.655790 0.687950
vt 0.660470 0.670860
vt 0.662560 0.673790
vt 0.666030 0.668530
vt 0.667140 0.671780
vt 0.659210 0.699860
vt 0.655800 0.702830
vt 0.659280 0.705050
vt 0.661670 0.702000
vt 0.665120 0.703640
vt 0.663880 0.706260
vt 0.667930 0.706980
vt 0.668460 0.704640
vt 0.657150 0.704220
vt 0.037960 0.929980
vt 0.014340 0.741990
vt 0.012770 0.739890
vt 0.012450 0.738040
vt 0.016600 0.742890
vt 0.012770 0.736180
vt 0.014340 0.734080
vt 0.016600 0.733190
vt 0.018860 0.734080
vt 0.020430 0.736180
vt 0.020750 0.738040
vt 0.018860 0.741990
vt 0.020430 0.739890
vt 0.919440 0.502390
vt 0.917970 0.505110
vt 0.916500 0.502390
vt 0.919430 0.484100
vt 0.916510 0.484100
vt 0.917970 0.481710
vt 0.918640 0.495640
vt 0.917290 0.495640
vt 0.917290 0.491370
vt 0.918640 0.491370
vt 0.914860 0.499330
vt 0.914860 0.486950
vt 0.915990 0.489020
vt 0.915990 0.497570
vt 0.920350 0.502390
vt 0.915590 0.502390
vt 0.919950 0.489020
vt 0.921080 0.486950
vt 0.921080 0.499330
vt 0.919950 0.497570
vt 0.915730 0.484100
vt 0.920210 0.484100
vt 0.916620 0.488950
vt 0.919320 0.497500
vt 0.919320 0.488950
vt 0.916620 0.497500
vt 0.796720 0.030910
vt 0.830030 0.026480
vt 0.954040 0.208070
vt 0.944010 0.208070
vt 0.865210 0.021540
vt 0.982620 0.214990
vt 0.905070 0.015270
vt 0.926660 0.208070
vt 0.928920 0.208070
vt 0.931520 0.212570
vt 0.934020 0.212570
vt 0.947570 0.212570
vt 0.939010 0.212570
vt 0.934890 0.208070
vt 0.941220 0.214990
vt 0.725940 0.036250
vt 0.740180 0.038160
vt 0.741700 0.039690
vt 0.723410 0.036460
vt 0.737450 0.035750
vt 0.758400 0.043240
vt 0.780010 0.055720
vt 0.778190 0.058420
vt 0.760010 0.046510
vt 0.755680 0.034690
vt 0.783550 0.050460
vt 0.775380 0.033470
vt 0.935470 0.214540
vt 0.203280 0.030900
vt 0.055990 0.208060
vt 0.045960 0.208060
vt 0.169970 0.026470
vt 0.134790 0.021540
vt 0.017370 0.214990
vt 0.094930 0.015260
vt 0.073340 0.208060
vt 0.068480 0.212570
vt 0.071080 0.208060
vt 0.065980 0.212570
vt 0.065110 0.208060
vt 0.060990 0.212570
vt 0.052420 0.212570
vt 0.058780 0.214990
vt 0.274060 0.036240
vt 0.276580 0.036460
vt 0.258290 0.039680
vt 0.259820 0.038150
vt 0.262550 0.035740
vt 0.241600 0.043240
vt 0.239990 0.046510
vt 0.221800 0.058410
vt 0.219990 0.055710
vt 0.244320 0.034680
vt 0.216440 0.050450
vt 0.224610 0.033460
vt 0.064530 0.214540
vt 0.658080 0.300750
vt 0.657750 0.293130
vt 0.672010 0.292420
vt 0.672740 0.299390
vt 0.658380 0.307620
vt 0.673390 0.305670
vt 0.658610 0.314400
vt 0.673910 0.311800
vt 0.658760 0.320690
vt 0.674230 0.317450
vt 0.674340 0.322500
vt 0.658800 0.326380
vt 0.658800 0.327890
vt 0.674340 0.331760
vt 0.674220 0.336800
vt 0.658750 0.333560
vt 0.673880 0.342440
vt 0.658600 0.339850
vt 0.673360 0.348570
vt 0.658360 0.346620
vt 0.672700 0.354840
vt 0.658060 0.353490
vt 0.671970 0.361810
vt 0.657730 0.361100
vt 0.671230 0.368840
vt 0.657400 0.368720
vt 0.657100 0.375590
vt 0.670560 0.375180
vt 0.656870 0.382210
vt 0.670030 0.381600
vt 0.656710 0.388570
vt 0.669670 0.387850
vt 0.656660 0.394340
vt 0.669550 0.393410
vt 0.656720 0.265690
vt 0.656660 0.259920
vt 0.669550 0.260850
vt 0.669680 0.266400
vt 0.656880 0.272030
vt 0.670050 0.272640
vt 0.657110 0.278650
vt 0.670590 0.279050
vt 0.657410 0.285520
vt 0.671270 0.285390
vt 0.677510 0.292190
vt 0.678180 0.298610
vt 0.678790 0.304390
vt 0.679270 0.310010
vt 0.679570 0.315180
vt 0.679670 0.319770
vt 0.679670 0.334490
vt 0.679560 0.339080
vt 0.679260 0.344230
vt 0.678780 0.349850
vt 0.678170 0.355620
vt 0.677490 0.362040
vt 0.676770 0.368880
vt 0.676150 0.374840
vt 0.675660 0.380760
vt 0.675350 0.386360
vt 0.675240 0.391570
vt 0.675240 0.262700
vt 0.675350 0.267890
vt 0.675670 0.273480
vt 0.676160 0.279390
vt 0.676790 0.285350
vt 0.678950 0.292120
vt 0.679580 0.298180
vt 0.680150 0.303630
vt 0.680600 0.308920
vt 0.680880 0.313770
vt 0.680970 0.318080
vt 0.680870 0.340480
vt 0.680970 0.336180
vt 0.680580 0.345320
vt 0.680120 0.350610
vt 0.679550 0.356060
vt 0.678910 0.362110
vt 0.678220 0.368670
vt 0.677630 0.374320
vt 0.677170 0.379920
vt 0.676880 0.385230
vt 0.676780 0.390190
vt 0.676780 0.264070
vt 0.676890 0.269020
vt 0.677190 0.274320
vt 0.677660 0.279920
vt 0.678260 0.285570
vt 0.642290 0.301060
vt 0.641960 0.293570
vt 0.641640 0.286110
vt 0.641340 0.279380
vt 0.641110 0.272790
vt 0.640950 0.266570
vt 0.640890 0.260970
vt 0.640890 0.393290
vt 0.640940 0.387680
vt 0.641090 0.381450
vt 0.641320 0.374860
vt 0.641620 0.368130
vt 0.641940 0.360670
vt 0.642270 0.353170
vt 0.642570 0.346310
vt 0.642810 0.339400
vt 0.642970 0.332870
vt 0.643020 0.327130
vt 0.642980 0.321380
vt 0.642820 0.314840
vt 0.642580 0.307930
vt 0.630520 0.293880
vt 0.630520 0.301140
vt 0.630520 0.286660
vt 0.630520 0.280130
vt 0.630510 0.273710
vt 0.630510 0.267590
vt 0.630500 0.262180
vt 0.630500 0.386670
vt 0.630500 0.392080
vt 0.630500 0.380530
vt 0.630500 0.374110
vt 0.630500 0.367580
vt 0.630500 0.360350
vt 0.630500 0.353090
vt 0.630500 0.346460
vt 0.630500 0.339790
vt 0.630500 0.333400
vt 0.630500 0.327800
vt 0.630510 0.320850
vt 0.630500 0.326460
vt 0.630510 0.314510
vt 0.630520 0.307780
vt 0.704850 0.107560
vt 0.708590 0.107690
vt 0.708020 0.113220
vt 0.704210 0.113620
vt 0.707490 0.118180
vt 0.703640 0.119070
vt 0.707080 0.123090
vt 0.703190 0.124360
vt 0.706820 0.127690
vt 0.702900 0.129210
vt 0.706730 0.131920
vt 0.702810 0.133520
vt 0.702810 0.201880
vt 0.706730 0.200290
vt 0.706830 0.196060
vt 0.702910 0.197570
vt 0.707090 0.191460
vt 0.703200 0.192730
vt 0.707510 0.186550
vt 0.703660 0.187430
vt 0.708030 0.181580
vt 0.704230 0.181990
vt 0.708610 0.176060
vt 0.704870 0.175930
vt 0.709240 0.170090
vt 0.705560 0.169370
vt 0.709780 0.164940
vt 0.706150 0.163720
vt 0.710200 0.159730
vt 0.706610 0.158120
vt 0.710470 0.154680
vt 0.706900 0.152820
vt 0.710560 0.149810
vt 0.707000 0.147870
vt 0.707000 0.079500
vt 0.710560 0.081440
vt 0.710460 0.086310
vt 0.706890 0.084460
vt 0.710190 0.091360
vt 0.706600 0.089760
vt 0.709770 0.096570
vt 0.706130 0.095350
vt 0.709220 0.101720
vt 0.705540 0.101010
vt 0.728010 0.108280
vt 0.727750 0.113950
vt 0.727510 0.118980
vt 0.727330 0.123870
vt 0.727210 0.128280
vt 0.727160 0.132460
vt 0.727160 0.200820
vt 0.727210 0.196650
vt 0.727330 0.192230
vt 0.727510 0.187350
vt 0.727750 0.182310
vt 0.728010 0.176650
vt 0.728270 0.170680
vt 0.728500 0.165290
vt 0.728690 0.159810
vt 0.728810 0.154590
vt 0.728850 0.150030
vt 0.728850 0.081670
vt 0.728810 0.086220
vt 0.728690 0.091440
vt 0.728500 0.096930
vt 0.728270 0.102310
vt 0.684500 0.085170
vt 0.682250 0.089590
vt 0.678750 0.093180
vt 0.674360 0.095530
vt 0.669490 0.096290
vt 0.664620 0.095530
vt 0.660230 0.093140
vt 0.656730 0.089590
vt 0.654480 0.085170
vt 0.653700 0.080330
vt 0.654460 0.075520
vt 0.656690 0.071170
vt 0.660190 0.067730
vt 0.664600 0.065420
vt 0.669490 0.064650
vt 0.674380 0.065420
vt 0.678790 0.067730
vt 0.682290 0.071170
vt 0.684520 0.075520
vt 0.685280 0.080330
vt 0.977040 0.419560
vt 0.989840 0.420130
vt 0.989790 0.406790
vt 0.976990 0.406220
vt 0.989750 0.393910
vt 0.976950 0.393340
vt 0.989730 0.381320
vt 0.976940 0.380750
vt 0.976940 0.468640
vt 0.989730 0.469210
vt 0.989750 0.481810
vt 0.976950 0.481240
vt 0.989790 0.494690
vt 0.976990 0.494120
vt 0.989840 0.508020
vt 0.977040 0.507450
vt 0.989880 0.521150
vt 0.977080 0.520580
vt 0.989890 0.533850
vt 0.977100 0.533280
vt 0.977100 0.445390
vt 0.989890 0.445960
vt 0.989880 0.433310
vt 0.977090 0.432740
vt 0.208170 0.398230
vt 0.208000 0.402150
vt 0.233230 0.400510
vt 0.233230 0.398140
vt 0.208340 0.394340
vt 0.233230 0.395780
vt 0.208490 0.390850
vt 0.233230 0.393670
vt 0.208620 0.387350
vt 0.233230 0.391550
vt 0.233230 0.389600
vt 0.208690 0.384080
vt 0.233230 0.387630
vt 0.208720 0.380840
vt 0.326980 0.390590
vt 0.302440 0.385070
vt 0.302470 0.381820
vt 0.326980 0.388620
vt 0.326980 0.392540
vt 0.302370 0.388340
vt 0.326980 0.394660
vt 0.302240 0.391830
vt 0.326980 0.396770
vt 0.302090 0.395320
vt 0.326980 0.399130
vt 0.301920 0.399220
vt 0.326980 0.401500
vt 0.301750 0.403140
vt 0.326980 0.403650
vt 0.301600 0.406700
vt 0.326980 0.405800
vt 0.301470 0.410270
vt 0.326980 0.407790
vt 0.301390 0.413610
vt 0.326980 0.409780
vt 0.301360 0.416880
vt 0.233230 0.406810
vt 0.207640 0.412620
vt 0.207610 0.415900
vt 0.233230 0.408790
vt 0.233230 0.404820
vt 0.207720 0.409280
vt 0.207850 0.405710
vt 0.233230 0.402660
vt 0.174320 0.397620
vt 0.174070 0.403320
vt 0.174570 0.391950
vt 0.174790 0.386860
vt 0.174970 0.382030
vt 0.175080 0.377600
vt 0.175120 0.372930
vt 0.268830 0.378590
vt 0.268870 0.373920
vt 0.268720 0.383010
vt 0.268540 0.387850
vt 0.268320 0.392940
vt 0.268070 0.398610
vt 0.267820 0.404310
vt 0.267600 0.409480
vt 0.267420 0.414400
vt 0.267300 0.418900
vt 0.267260 0.423600
vt 0.173550 0.417920
vt 0.173510 0.422620
vt 0.173670 0.413420
vt 0.173850 0.408490
vt 0.860030 0.206510
vt 0.860030 0.208880
vt 0.871980 0.206070
vt 0.860030 0.204150
vt 0.860030 0.202040
vt 0.860030 0.200370
vt 0.860030 0.199300
vt 0.860030 0.198940
vt 0.860030 0.211030
vt 0.860030 0.212740
vt 0.860030 0.213850
vt 0.860030 0.214230
vt 0.848420 0.205810
vt 0.848420 0.206440
vt 0.835260 0.206440
vt 0.835290 0.205810
vt 0.848420 0.205300
vt 0.835310 0.205300
vt 0.848420 0.204760
vt 0.835320 0.204760
vt 0.848420 0.206970
vt 0.835240 0.206970
vt 0.848420 0.207520
vt 0.835230 0.207520
vt 0.010530 0.991590
vt 0.732250 0.254400
vt 0.735100 0.254400
vt 0.735420 0.256440
vt 0.732710 0.257330
vt 0.736360 0.258290
vt 0.734060 0.259970
vt 0.737830 0.259760
vt 0.736150 0.262060
vt 0.739670 0.260700
vt 0.738790 0.263410
vt 0.741720 0.261020
vt 0.741720 0.263870
vt 0.743770 0.260700
vt 0.744650 0.263410
vt 0.745620 0.259760
vt 0.747290 0.262060
vt 0.747080 0.258290
vt 0.749390 0.259970
vt 0.748020 0.256440
vt 0.750730 0.257330
vt 0.748350 0.254400
vt 0.751200 0.254400
vt 0.748020 0.252350
vt 0.750730 0.251470
vt 0.747080 0.250510
vt 0.749390 0.248830
vt 0.745620 0.249040
vt 0.747290 0.246730
vt 0.743770 0.248100
vt 0.744650 0.245390
vt 0.741720 0.247780
vt 0.741720 0.244920
vt 0.739670 0.248100
vt 0.738790 0.245390
vt 0.737830 0.249040
vt 0.736150 0.246730
vt 0.736360 0.250510
vt 0.734060 0.248830
vt 0.735420 0.252350
vt 0.732710 0.251470
vt 0.741720 0.254400
vt 0.713330 0.239930
vt 0.746700 0.222930
vt 0.773190 0.249410
vt 0.756190 0.282780
vt 0.719190 0.276930
vt 0.570670 0.388640
vt 0.540820 0.390250
vt 0.544880 0.392420
vt 0.538810 0.388600
vt 0.556030 0.394520
vt 0.570580 0.394520
vt 0.550550 0.393920
vt 0.570670 0.373040
vt 0.570580 0.367160
vt 0.556030 0.367160
vt 0.544880 0.369260
vt 0.540820 0.371440
vt 0.550550 0.367770
vt 0.538810 0.373080
vt 0.624160 0.154270
vt 0.609500 0.152910
vt 0.610230 0.145950
vt 0.624490 0.146650
vt 0.623860 0.161140
vt 0.608850 0.159190
vt 0.623630 0.167920
vt 0.608330 0.165320
vt 0.623480 0.174210
vt 0.608010 0.170970
vt 0.623440 0.179900
vt 0.607900 0.176020
vt 0.623440 0.181410
vt 0.623490 0.187080
vt 0.608020 0.190330
vt 0.607900 0.185290
vt 0.623640 0.193370
vt 0.608360 0.195970
vt 0.623880 0.200140
vt 0.608880 0.202090
vt 0.624180 0.207010
vt 0.609540 0.208370
vt 0.624510 0.214630
vt 0.610270 0.215330
vt 0.624850 0.222240
vt 0.611010 0.222360
vt 0.625150 0.229110
vt 0.611680 0.228700
vt 0.625370 0.235740
vt 0.612210 0.235120
vt 0.625530 0.242090
vt 0.612570 0.241380
vt 0.625580 0.247860
vt 0.612690 0.246930
vt 0.625520 0.119210
vt 0.612560 0.119920
vt 0.612690 0.114380
vt 0.625580 0.113440
vt 0.625360 0.125550
vt 0.612190 0.126160
vt 0.625130 0.132170
vt 0.611640 0.132580
vt 0.624830 0.139040
vt 0.610980 0.138920
vt 0.604060 0.152130
vt 0.604730 0.145710
vt 0.603450 0.157920
vt 0.602970 0.163530
vt 0.602670 0.168700
vt 0.602570 0.173290
vt 0.602680 0.192600
vt 0.602570 0.188010
vt 0.602990 0.197760
vt 0.603470 0.203370
vt 0.604070 0.209150
vt 0.604750 0.215570
vt 0.605470 0.222410
vt 0.606090 0.228360
vt 0.606580 0.234280
vt 0.606900 0.239880
vt 0.607000 0.245090
vt 0.606890 0.121410
vt 0.607000 0.116220
vt 0.606570 0.127000
vt 0.606080 0.132910
vt 0.605450 0.138870
vt 0.602660 0.151700
vt 0.603290 0.145640
vt 0.602090 0.157150
vt 0.601640 0.162440
vt 0.601360 0.167300
vt 0.601270 0.171600
vt 0.601370 0.194000
vt 0.601270 0.189700
vt 0.601660 0.198850
vt 0.602120 0.204130
vt 0.602690 0.209580
vt 0.603330 0.215640
vt 0.604020 0.222190
vt 0.604610 0.227840
vt 0.605070 0.233440
vt 0.605360 0.238750
vt 0.605460 0.243710
vt 0.605350 0.122540
vt 0.605460 0.117590
vt 0.605050 0.127850
vt 0.604580 0.133440
vt 0.603980 0.139090
vt 0.640280 0.147090
vt 0.639950 0.154590
vt 0.640600 0.139630
vt 0.640900 0.132900
vt 0.641130 0.126320
vt 0.641290 0.120090
vt 0.641350 0.114490
vt 0.641300 0.241210
vt 0.641350 0.246810
vt 0.641150 0.234970
vt 0.640920 0.228380
vt 0.640620 0.221650
vt 0.640300 0.214190
vt 0.639970 0.206690
vt 0.639670 0.199830
vt 0.639430 0.192920
vt 0.639270 0.186390
vt 0.639220 0.180650
vt 0.639260 0.174900
vt 0.639420 0.168360
vt 0.639660 0.161450
vt 0.651720 0.147400
vt 0.651720 0.154660
vt 0.651720 0.140180
vt 0.651720 0.133650
vt 0.651720 0.127230
vt 0.651730 0.121110
vt 0.651740 0.115700
vt 0.651740 0.240190
vt 0.651740 0.245600
vt 0.651740 0.234050
vt 0.651740 0.227630
vt 0.651740 0.221100
vt 0.651740 0.213870
vt 0.651740 0.206620
vt 0.651740 0.199980
vt 0.651740 0.193320
vt 0.651740 0.186930
vt 0.651740 0.181320
vt 0.651730 0.174370
vt 0.651740 0.179980
vt 0.651730 0.168030
vt 0.651720 0.161300
vt 0.743950 0.107560
vt 0.743320 0.113620
vt 0.747120 0.113220
vt 0.747700 0.107690
vt 0.742740 0.119070
vt 0.746600 0.118180
vt 0.742290 0.124360
vt 0.746190 0.123090
vt 0.742010 0.129210
vt 0.745930 0.127690
vt 0.741910 0.133520
vt 0.745840 0.131920
vt 0.741910 0.201880
vt 0.742010 0.197570
vt 0.745930 0.196060
vt 0.745840 0.200290
vt 0.742300 0.192730
vt 0.746200 0.191460
vt 0.742760 0.187430
vt 0.746610 0.186550
vt 0.743330 0.181990
vt 0.747130 0.181580
vt 0.743970 0.175930
vt 0.747720 0.176060
vt 0.744660 0.169370
vt 0.748340 0.170090
vt 0.745250 0.163720
vt 0.748880 0.164940
vt 0.745710 0.158120
vt 0.749300 0.159730
vt 0.746000 0.152820
vt 0.749570 0.154680
vt 0.746100 0.147870
vt 0.749660 0.149810
vt 0.746100 0.079500
vt 0.746000 0.084460
vt 0.749560 0.086310
vt 0.749660 0.081440
vt 0.745700 0.089760
vt 0.749290 0.091360
vt 0.745240 0.095350
vt 0.748870 0.096570
vt 0.744640 0.101010
vt 0.748330 0.101720
vt 0.767110 0.108280
vt 0.766850 0.113950
vt 0.766620 0.118980
vt 0.766430 0.123870
vt 0.766310 0.128280
vt 0.766270 0.132460
vt 0.766310 0.196650
vt 0.766270 0.200820
vt 0.766430 0.192230
vt 0.766620 0.187350
vt 0.766850 0.182310
vt 0.767110 0.176650
vt 0.767370 0.170680
vt 0.767610 0.165290
vt 0.767790 0.159810
vt 0.767910 0.154590
vt 0.767960 0.150030
vt 0.767960 0.081670
vt 0.767910 0.086220
vt 0.767790 0.091440
vt 0.767610 0.096930
vt 0.767370 0.102310
vt 0.387860 0.400190
vt 0.412920 0.400100
vt 0.412920 0.402470
vt 0.387690 0.404110
vt 0.388030 0.396300
vt 0.412920 0.397750
vt 0.388180 0.392810
vt 0.412920 0.395630
vt 0.388300 0.389320
vt 0.412920 0.393510
vt 0.412920 0.391560
vt 0.388380 0.386050
vt 0.412920 0.389590
vt 0.388400 0.382800
vt 0.498860 0.392550
vt 0.498860 0.390580
vt 0.474340 0.383790
vt 0.474320 0.387040
vt 0.498860 0.394500
vt 0.474240 0.390300
vt 0.498860 0.396620
vt 0.474120 0.393800
vt 0.498860 0.398730
vt 0.473970 0.397290
vt 0.498860 0.401090
vt 0.473800 0.401180
vt 0.498860 0.403460
vt 0.473630 0.405100
vt 0.498860 0.405610
vt 0.473470 0.408660
vt 0.498860 0.407770
vt 0.473350 0.412230
vt 0.498860 0.409750
vt 0.473270 0.415570
vt 0.498860 0.411740
vt 0.473240 0.418850
vt 0.412920 0.408770
vt 0.412920 0.410760
vt 0.387300 0.417860
vt 0.387330 0.414580
vt 0.412920 0.406780
vt 0.387410 0.411240
vt 0.387530 0.407670
vt 0.412920 0.404620
vt 0.354010 0.399590
vt 0.353760 0.405290
vt 0.354260 0.393920
vt 0.354480 0.388820
vt 0.354650 0.383990
vt 0.354770 0.379560
vt 0.354810 0.374900
vt 0.440740 0.375890
vt 0.440710 0.380550
vt 0.440590 0.384970
vt 0.440420 0.389810
vt 0.440190 0.394900
vt 0.439950 0.400570
vt 0.439700 0.406270
vt 0.439470 0.411440
vt 0.439290 0.416360
vt 0.439180 0.420870
vt 0.439140 0.425570
vt 0.353200 0.424580
vt 0.353240 0.419880
vt 0.353350 0.415380
vt 0.353530 0.410450
vt 0.710250 0.249410
vt 0.736740 0.222930
vt 0.770110 0.239930
vt 0.727260 0.282780
vt 0.764250 0.276930
vt 0.570670 0.341770
vt 0.544880 0.345540
vt 0.540820 0.343370
vt 0.538810 0.341730
vt 0.570580 0.347640
vt 0.556030 0.347650
vt 0.550550 0.347040
vt 0.570670 0.326160
vt 0.556030 0.320290
vt 0.570580 0.320290
vt 0.540820 0.324560
vt 0.544880 0.322390
vt 0.550550 0.320890
vt 0.538810 0.326200
vt 0.408430 0.335990
vt 0.430630 0.334910
vt 0.431200 0.348080
vt 0.408810 0.344680
vt 0.431200 0.308170
vt 0.430630 0.321330
vt 0.408430 0.320350
vt 0.408810 0.311570
vt 0.430560 0.322830
vt 0.408390 0.321380
vt 0.408390 0.322830
vt 0.430510 0.323900
vt 0.408330 0.323900
vt 0.430480 0.325470
vt 0.408300 0.325470
vt 0.430480 0.330780
vt 0.408300 0.330780
vt 0.430510 0.332350
vt 0.408330 0.332350
vt 0.430560 0.333410
vt 0.408390 0.333410
vt 0.408390 0.334870
vt 0.388750 0.340480
vt 0.388610 0.337390
vt 0.388610 0.318860
vt 0.388750 0.315770
vt 0.388580 0.319690
vt 0.388580 0.322800
vt 0.388540 0.323780
vt 0.388520 0.325070
vt 0.388520 0.331170
vt 0.388540 0.332470
vt 0.388580 0.333450
vt 0.388580 0.336550
vt 0.377220 0.338290
vt 0.377220 0.317960
vt 0.374110 0.318130
vt 0.374110 0.322800
vt 0.373020 0.323810
vt 0.372990 0.328120
vt 0.374110 0.333450
vt 0.373020 0.332440
vt 0.374110 0.338110
vt 0.464190 0.334610
vt 0.465150 0.352900
vt 0.464190 0.321640
vt 0.465180 0.302770
vt 0.465150 0.303350
vt 0.474690 0.303340
vt 0.482730 0.334250
vt 0.474690 0.352900
vt 0.483680 0.304110
vt 0.482730 0.322000
vt 0.483680 0.352140
vt 0.465180 0.353470
vt 0.511580 0.320250
vt 0.511270 0.323680
vt 0.511270 0.332560
vt 0.511580 0.335990
vt 0.513510 0.321970
vt 0.514890 0.323880
vt 0.513510 0.334270
vt 0.514890 0.332370
vt 0.252140 0.203010
vt 0.254840 0.203010
vt 0.258660 0.159450
vt 0.254950 0.159180
vt 0.356890 0.158560
vt 0.357440 0.158550
vt 0.354720 0.203010
vt 0.354170 0.203010
vt 0.248190 0.158650
vt 0.247520 0.158560
vt 0.244800 0.203010
vt 0.245480 0.203010
vt 0.251280 0.158920
vt 0.248570 0.203010
vt 0.365620 0.203010
vt 0.361510 0.203010
vt 0.357950 0.203010
vt 0.364520 0.203010
vt 0.354850 0.203010
vt 0.363330 0.203010
vt 0.367260 0.159350
vt 0.368350 0.159450
vt 0.357570 0.158650
vt 0.360660 0.158920
vt 0.364330 0.159180
vt 0.369430 0.159540
vt 0.338850 0.224630
vt 0.339310 0.224630
vt 0.338230 0.220970
vt 0.337480 0.221030
vt 0.338850 0.212870
vt 0.337480 0.216480
vt 0.338270 0.216540
vt 0.339310 0.212870
vt 0.338230 0.216540
vt 0.227520 0.218530
vt 0.234910 0.218580
vt 0.234910 0.217890
vt 0.227520 0.217850
vt 0.232090 0.214220
vt 0.232090 0.214910
vt 0.235640 0.214890
vt 0.235640 0.214200
vt 0.227720 0.221780
vt 0.232090 0.221300
vt 0.235540 0.219760
vt 0.235540 0.216450
vt 0.227720 0.214680
vt 0.237940 0.218580
vt 0.237940 0.217890
vt 0.237450 0.216460
vt 0.237550 0.214890
vt 0.237550 0.214200
vt 0.237450 0.219760
vt 0.124980 0.234260
vt 0.121150 0.234260
vt 0.125070 0.190600
vt 0.129700 0.190980
vt 0.124770 0.190600
vt 0.125850 0.190700
vt 0.114070 0.206600
vt 0.110230 0.206320
vt 0.106400 0.249880
vt 0.109360 0.249880
vt 0.122020 0.234260
vt 0.120920 0.234260
vt 0.109150 0.206230
vt 0.105290 0.249880
vt 0.305400 0.052950
vt 0.309470 0.052660
vt 0.309310 0.054570
vt 0.305400 0.054290
vt 0.309570 0.048970
vt 0.309530 0.051590
vt 0.305400 0.051070
vt 0.305180 0.048740
vt 0.305400 0.052520
vt 0.309530 0.052100
vt 0.302710 0.053300
vt 0.302710 0.053940
vt 0.302710 0.050520
vt 0.302710 0.049360
vt 0.304940 0.058520
vt 0.305180 0.060620
vt 0.302710 0.060090
vt 0.302710 0.059040
vt 0.302710 0.057910
vt 0.302710 0.056720
vt 0.305400 0.056170
vt 0.305400 0.054720
vt 0.302710 0.054250
vt 0.302710 0.052990
vt 0.302710 0.060190
vt 0.302710 0.058930
vt 0.300840 0.049970
vt 0.300730 0.049880
vt 0.300840 0.049790
vt 0.300840 0.057450
vt 0.300730 0.057360
vt 0.300840 0.057270
vt 0.300840 0.059560
vt 0.300840 0.059660
vt 0.300730 0.059560
vt 0.300840 0.059460
vt 0.300840 0.053520
vt 0.300840 0.053620
vt 0.300730 0.053620
vt 0.300840 0.053720
vt 0.309270 0.055670
vt 0.309310 0.058260
vt 0.309270 0.055130
vt 0.390490 0.018610
vt 0.390500 0.021970
vt 0.389990 0.022490
vt 0.390010 0.018120
vt 0.388030 0.018110
vt 0.388000 0.022480
vt 0.339900 0.224630
vt 0.342890 0.220710
vt 0.342890 0.216800
vt 0.339900 0.212870
vt 0.369390 0.052950
vt 0.369390 0.054290
vt 0.365480 0.054570
vt 0.365320 0.052660
vt 0.365220 0.048970
vt 0.369610 0.048740
vt 0.369390 0.051070
vt 0.365260 0.051590
vt 0.369390 0.052520
vt 0.365260 0.052100
vt 0.372080 0.053300
vt 0.372080 0.053940
vt 0.372080 0.049360
vt 0.372080 0.050520
vt 0.369850 0.058520
vt 0.372080 0.059040
vt 0.372080 0.060090
vt 0.369610 0.060620
vt 0.369390 0.056170
vt 0.372080 0.056720
vt 0.372080 0.057910
vt 0.369390 0.054720
vt 0.372080 0.054250
vt 0.372080 0.052990
vt 0.372080 0.060190
vt 0.372080 0.058930
vt 0.373950 0.049970
vt 0.373950 0.049790
vt 0.374050 0.049880
vt 0.373950 0.057450
vt 0.373950 0.057270
vt 0.374050 0.057360
vt 0.373950 0.059560
vt 0.374050 0.059560
vt 0.373950 0.059660
vt 0.373950 0.059460
vt 0.373950 0.053520
vt 0.374050 0.053620
vt 0.373950 0.053620
vt 0.373950 0.053720
vt 0.365480 0.058260
vt 0.365520 0.055670
vt 0.365520 0.055130
vt 0.794560 0.173850
vt 0.841160 0.165250
vt 0.794560 0.167320
vt 0.794560 0.160780
vt 0.794560 0.154870
vt 0.794550 0.149170
vt 0.794550 0.144030
vt 0.794560 0.138550
vt 0.794560 0.154860
vt 0.794560 0.179730
vt 0.794560 0.185380
vt 0.794580 0.190430
vt 0.794580 0.195870
vt 0.624270 0.268380
vt 0.624270 0.263120
vt 0.624270 0.385880
vt 0.624270 0.333960
vt 0.624270 0.328470
vt 0.624270 0.320290
vt 0.624270 0.325790
vt 0.624270 0.391140
vt 0.608490 0.388100
vt 0.608490 0.383330
vt 0.608510 0.294490
vt 0.608500 0.301020
vt 0.608500 0.287950
vt 0.608500 0.282050
vt 0.608500 0.276260
vt 0.608490 0.270920
vt 0.608490 0.266160
vt 0.608490 0.377990
vt 0.608490 0.372190
vt 0.608490 0.366280
vt 0.608490 0.359740
vt 0.608490 0.353210
vt 0.608490 0.347330
vt 0.608490 0.341460
vt 0.608490 0.335940
vt 0.608490 0.330860
vt 0.608490 0.318310
vt 0.608490 0.323400
vt 0.608500 0.312790
vt 0.608500 0.306910
vt 0.608450 0.263240
vt 0.614290 0.263200
vt 0.614360 0.265760
vt 0.608430 0.265770
vt 0.624290 0.265780
vt 0.614390 0.267920
vt 0.608480 0.268840
vt 0.790260 0.138860
vt 0.790210 0.141090
vt 0.794550 0.141610
vt 0.604170 0.267910
vt 0.604190 0.264110
vt 0.608450 0.391020
vt 0.608430 0.388490
vt 0.614350 0.388490
vt 0.614280 0.391060
vt 0.624290 0.388480
vt 0.608480 0.385420
vt 0.614390 0.386330
vt 0.604160 0.386340
vt 0.604190 0.390150
vt 0.608580 0.323670
vt 0.608540 0.321380
vt 0.614510 0.321410
vt 0.614470 0.323860
vt 0.624480 0.320810
vt 0.624500 0.323630
vt 0.614470 0.319060
vt 0.794560 0.193500
vt 0.790280 0.190710
vt 0.790230 0.193110
vt 0.604200 0.321450
vt 0.604230 0.323420
vt 0.608580 0.330590
vt 0.614470 0.330400
vt 0.614500 0.332850
vt 0.608540 0.332870
vt 0.624500 0.330630
vt 0.624480 0.333440
vt 0.614460 0.335190
vt 0.604190 0.332800
vt 0.604230 0.330830
vt 0.794530 0.138560
vt 0.841110 0.167140
vt 0.794530 0.140080
vt 0.794530 0.151140
vt 0.794530 0.144790
vt 0.794530 0.190030
vt 0.794530 0.194020
vt 0.794530 0.190530
vt 0.794530 0.194820
vt 0.794530 0.140710
vt 0.794530 0.176260
vt 0.794530 0.183980
vt 0.794530 0.159000
vt 0.794530 0.167660
vt 0.794530 0.195230
vt 0.794530 0.144500
vt 0.794530 0.150990
vt 0.794530 0.184230
vt 0.794530 0.176340
vt 0.794530 0.158980
vt 0.657970 0.121900
vt 0.657970 0.116640
vt 0.657970 0.239400
vt 0.657970 0.187480
vt 0.657970 0.182000
vt 0.657970 0.173810
vt 0.657970 0.179310
vt 0.657970 0.244660
vt 0.673750 0.236850
vt 0.673750 0.241630
vt 0.673740 0.148020
vt 0.673740 0.154550
vt 0.673740 0.141480
vt 0.673740 0.135570
vt 0.673740 0.129780
vt 0.673750 0.124440
vt 0.673750 0.119680
vt 0.673750 0.231510
vt 0.673750 0.225710
vt 0.673750 0.219800
vt 0.673750 0.213260
vt 0.673750 0.206730
vt 0.673750 0.200850
vt 0.673750 0.194980
vt 0.673750 0.189460
vt 0.673750 0.184380
vt 0.673750 0.171830
vt 0.673750 0.176920
vt 0.673740 0.166310
vt 0.673740 0.160430
vt 0.673790 0.116760
vt 0.673810 0.119290
vt 0.667890 0.119280
vt 0.667950 0.116720
vt 0.657940 0.119300
vt 0.673760 0.122360
vt 0.667850 0.121450
vt 0.678080 0.121430
vt 0.678050 0.117630
vt 0.673790 0.244540
vt 0.667950 0.244580
vt 0.667890 0.242020
vt 0.673810 0.242010
vt 0.657950 0.242000
vt 0.667850 0.239850
vt 0.673760 0.238940
vt 0.678080 0.239860
vt 0.678050 0.243670
vt 0.673660 0.177190
vt 0.667770 0.177380
vt 0.667730 0.174930
vt 0.673700 0.174910
vt 0.657740 0.177150
vt 0.657760 0.174330
vt 0.667770 0.172580
vt 0.678040 0.174970
vt 0.678010 0.176950
vt 0.673660 0.184110
vt 0.673700 0.186390
vt 0.667740 0.186370
vt 0.667770 0.183920
vt 0.657760 0.186970
vt 0.657740 0.184150
vt 0.667780 0.188710
vt 0.678050 0.186320
vt 0.678010 0.184350
vt 0.223700 0.276500
vt 0.226830 0.278580
vt 0.225450 0.274200
vt 0.224420 0.273580
vt 0.222610 0.275780
vt 0.443440 0.277360
vt 0.442850 0.276920
vt 0.445240 0.274840
vt 0.249360 0.239360
vt 0.252360 0.241450
vt 0.248400 0.238690
vt 0.467150 0.238690
vt 0.469200 0.240130
vt 0.443170 0.273580
vt 0.441360 0.275780
vt 0.442680 0.276670
vt 0.442450 0.276500
vt 0.442260 0.276360
vt 0.468110 0.239360
vt 0.467950 0.239250
vt 0.467810 0.239170
vt 0.194320 0.316460
vt 0.194570 0.313270
vt 0.149320 0.314420
vt 0.149200 0.316230
vt 0.191830 0.309830
vt 0.195050 0.308890
vt 0.149430 0.312230
vt 0.114320 0.276500
vt 0.116080 0.274200
vt 0.117450 0.278580
vt 0.115050 0.273580
vt 0.113240 0.275780
vt 0.334070 0.277360
vt 0.335860 0.274840
vt 0.333480 0.276920
vt 0.139980 0.239360
vt 0.142990 0.241450
vt 0.139030 0.238690
vt 0.357780 0.238690
vt 0.333800 0.273580
vt 0.359820 0.240130
vt 0.331990 0.275780
vt 0.333070 0.276500
vt 0.332890 0.276360
vt 0.358730 0.239360
vt 0.358440 0.239170
vt 0.411890 0.072600
vt 0.405290 0.069770
vt 0.370890 0.147330
vt 0.383270 0.152750
vt 0.302520 0.072600
vt 0.273900 0.152750
vt 0.267170 0.149820
vt 0.299530 0.071390
vt 0.405280 0.069830
vt 0.404940 0.069650
vt 0.407040 0.070610
vt 0.408910 0.071390
vt 0.370280 0.147070
vt 0.370950 0.147370
vt 0.373410 0.148450
vt 0.376540 0.149820
vt 0.297660 0.070610
vt 0.264040 0.148450
vt 0.261570 0.147370
vt 0.295900 0.069830
vt 0.260900 0.147070
vt 0.295560 0.069650
vt 0.360880 0.035650
vt 0.360900 0.032680
vt 0.367190 0.033910
vt 0.367750 0.035460
vt 0.360890 0.031460
vt 0.360890 0.029350
vt 0.366830 0.029000
vt 0.367160 0.030840
vt 0.360870 0.038380
vt 0.360870 0.036530
vt 0.367750 0.037080
vt 0.367750 0.038860
vt 0.369990 0.034540
vt 0.369990 0.035360
vt 0.369990 0.037320
vt 0.369990 0.038270
vt 0.372020 0.035180
vt 0.372020 0.035090
vt 0.372220 0.035140
vt 0.371960 0.030280
vt 0.371960 0.030090
vt 0.372160 0.030190
vt 0.372240 0.039500
vt 0.372040 0.039540
vt 0.372030 0.039470
vt 0.372240 0.037680
vt 0.372030 0.037770
vt 0.372030 0.037590
vt 0.369990 0.039090
vt 0.370020 0.040320
vt 0.360870 0.036220
vt 0.367750 0.035860
vt 0.360900 0.032110
vt 0.367200 0.033510
vt 0.369980 0.035680
vt 0.369990 0.034270
vt 0.372020 0.035260
vt 0.372020 0.035010
vt 0.369950 0.030540
vt 0.369950 0.029660
vt 0.372040 0.039630
vt 0.372030 0.039380
vt 0.370020 0.040410
vt 0.369990 0.039000
vt 0.366910 0.041240
vt 0.358040 0.032290
vt 0.355440 0.035700
vt 0.358660 0.029500
vt 0.358440 0.031740
vt 0.355280 0.037940
vt 0.355110 0.036200
vt 0.356770 0.015770
vt 0.356750 0.013350
vt 0.360950 0.014100
vt 0.361410 0.015560
vt 0.356730 0.012320
vt 0.356730 0.010600
vt 0.360480 0.010390
vt 0.360900 0.011890
vt 0.356770 0.018170
vt 0.356770 0.016580
vt 0.361420 0.017040
vt 0.361420 0.018520
vt 0.363660 0.014710
vt 0.363660 0.015380
vt 0.363680 0.017310
vt 0.363680 0.018030
vt 0.365570 0.015220
vt 0.365570 0.015140
vt 0.365740 0.015180
vt 0.365470 0.011420
vt 0.365470 0.011260
vt 0.365640 0.011340
vt 0.365770 0.019110
vt 0.365600 0.019140
vt 0.365600 0.019080
vt 0.365770 0.017620
vt 0.365600 0.017690
vt 0.365600 0.017540
vt 0.363710 0.019780
vt 0.363680 0.018770
vt 0.356770 0.016250
vt 0.361410 0.015900
vt 0.356740 0.012890
vt 0.360950 0.013770
vt 0.363670 0.015660
vt 0.363650 0.014500
vt 0.365570 0.015290
vt 0.365570 0.015080
vt 0.363580 0.011640
vt 0.363580 0.010960
vt 0.365600 0.019210
vt 0.365600 0.019010
vt 0.363710 0.019860
vt 0.363680 0.018690
vt 0.360610 0.020790
vt 0.354370 0.013030
vt 0.352270 0.015890
vt 0.354880 0.010730
vt 0.354730 0.012520
vt 0.352140 0.017750
vt 0.352000 0.016310
vt 0.388270 0.018110
vt 0.351770 0.032170
vt 0.350260 0.035670
vt 0.351770 0.029980
vt 0.351770 0.031710
vt 0.350360 0.037800
vt 0.350440 0.036190
vt 0.348690 0.032210
vt 0.348460 0.031470
vt 0.348380 0.030050
vt 0.348460 0.031770
vt 0.375260 0.018620
vt 0.375250 0.013700
vt 0.379650 0.017130
vt 0.379640 0.020520
vt 0.379640 0.021940
vt 0.379200 0.022450
vt 0.375730 0.022460
vt 0.375270 0.021980
vt 0.375260 0.020430
vt 0.375250 0.009930
vt 0.375250 0.008190
vt 0.375750 0.007720
vt 0.379110 0.007720
vt 0.379630 0.008240
vt 0.379620 0.010230
vt 0.386120 0.012040
vt 0.386120 0.011200
vt 0.390320 0.011200
vt 0.390320 0.012040
vt 0.386110 0.008970
vt 0.390320 0.008970
vt 0.390320 0.009810
vt 0.386110 0.009820
vt 0.390320 0.013420
vt 0.386110 0.013420
vt 0.349820 0.013000
vt 0.348770 0.015880
vt 0.349820 0.011160
vt 0.349820 0.012620
vt 0.348960 0.017660
vt 0.348950 0.016310
vt 0.347450 0.013130
vt 0.347290 0.012420
vt 0.347290 0.011240
vt 0.347290 0.012800
vt 0.227620 0.164520
vt 0.206710 0.215170
vt 0.200670 0.212600
vt 0.221630 0.162060
vt 0.566540 0.217450
vt 0.566540 0.281280
vt 0.574190 0.281290
vt 0.574200 0.217450
vt 0.336990 0.164520
vt 0.331010 0.162060
vt 0.310050 0.212600
vt 0.316090 0.215170
vt 0.313900 0.035650
vt 0.307030 0.035460
vt 0.307580 0.033910
vt 0.313880 0.032680
vt 0.313880 0.031460
vt 0.307610 0.030840
vt 0.307940 0.029000
vt 0.313880 0.029350
vt 0.313900 0.038380
vt 0.307020 0.038860
vt 0.307020 0.037080
vt 0.313900 0.036530
vt 0.304790 0.035360
vt 0.304780 0.034540
vt 0.304780 0.038270
vt 0.304780 0.037320
vt 0.302750 0.035180
vt 0.302550 0.035140
vt 0.302750 0.035090
vt 0.302810 0.030280
vt 0.302610 0.030190
vt 0.302810 0.030090
vt 0.302530 0.039500
vt 0.302740 0.039470
vt 0.302740 0.039540
vt 0.302530 0.037680
vt 0.302740 0.037590
vt 0.302740 0.037770
vt 0.304780 0.039090
vt 0.304750 0.040320
vt 0.313900 0.036220
vt 0.307030 0.035860
vt 0.307580 0.033510
vt 0.313870 0.032110
vt 0.304790 0.035680
vt 0.304780 0.034270
vt 0.302750 0.035260
vt 0.302750 0.035010
vt 0.304830 0.029660
vt 0.304830 0.030540
vt 0.302740 0.039630
vt 0.302740 0.039380
vt 0.304750 0.040410
vt 0.304780 0.039000
vt 0.307860 0.041240
vt 0.316730 0.032290
vt 0.319330 0.035700
vt 0.316110 0.029500
vt 0.316330 0.031740
vt 0.319670 0.036200
vt 0.319490 0.037940
vt 0.318030 0.015770
vt 0.313390 0.015560
vt 0.313850 0.014100
vt 0.318050 0.013350
vt 0.318070 0.012320
vt 0.313900 0.011890
vt 0.314310 0.010390
vt 0.318070 0.010600
vt 0.318020 0.018170
vt 0.313380 0.018520
vt 0.313380 0.017040
vt 0.318020 0.016580
vt 0.311140 0.015380
vt 0.311140 0.014710
vt 0.311120 0.018030
vt 0.311120 0.017310
vt 0.309230 0.015220
vt 0.309060 0.015180
vt 0.309230 0.015140
vt 0.309330 0.011420
vt 0.309160 0.011340
vt 0.309330 0.011260
vt 0.309030 0.019110
vt 0.309200 0.019080
vt 0.309200 0.019140
vt 0.309030 0.017620
vt 0.309200 0.017540
vt 0.309200 0.017690
vt 0.311110 0.018770
vt 0.311090 0.019780
vt 0.318020 0.016250
vt 0.313390 0.015900
vt 0.313850 0.013770
vt 0.318060 0.012890
vt 0.311130 0.015660
vt 0.311150 0.014500
vt 0.309230 0.015290
vt 0.309230 0.015080
vt 0.311220 0.011640
vt 0.311220 0.010960
vt 0.309200 0.019210
vt 0.309200 0.019010
vt 0.311090 0.019860
vt 0.311120 0.018690
vt 0.314180 0.020790
vt 0.320430 0.013030
vt 0.322530 0.015890
vt 0.319920 0.010730
vt 0.320070 0.012520
vt 0.322800 0.016310
vt 0.322660 0.017750
vt 0.323010 0.032170
vt 0.324510 0.035670
vt 0.323000 0.029980
vt 0.323000 0.031710
vt 0.324410 0.037800
vt 0.324330 0.036190
vt 0.326090 0.032210
vt 0.326390 0.030050
vt 0.326320 0.031470
vt 0.326320 0.031770
vt 0.324970 0.013000
vt 0.326030 0.015880
vt 0.324980 0.011160
vt 0.324980 0.012620
vt 0.325840 0.017660
vt 0.325850 0.016310
vt 0.327350 0.013130
vt 0.327510 0.011240
vt 0.327510 0.012420
vt 0.327510 0.012800
vt 0.104350 0.359300
vt 0.100410 0.359300
vt 0.100410 0.346160
vt 0.104350 0.346160
vt 0.097830 0.359250
vt 0.097830 0.346100
vt 0.099120 0.344880
vt 0.107270 0.346100
vt 0.107270 0.359300
vt 0.105980 0.344880
vt 0.093890 0.359250
vt 0.093890 0.346100
vt 0.097830 0.344880
vt 0.093890 0.344880
vt 0.100410 0.344880
vt 0.104350 0.344880
vt 0.114360 0.343780
vt 0.115710 0.343770
vt 0.115730 0.359400
vt 0.114380 0.359410
vt 0.117060 0.343770
vt 0.117080 0.359390
vt 0.299200 0.268220
vt 0.307610 0.268880
vt 0.309640 0.237300
vt 0.301300 0.236690
vt 0.556850 0.244240
vt 0.556850 0.281100
vt 0.547010 0.281100
vt 0.547010 0.244240
vt 0.316280 0.052530
vt 0.316280 0.054710
vt 0.316280 0.049340
vt 0.316280 0.051990
vt 0.316280 0.057920
vt 0.316280 0.055250
vt 0.322110 0.054710
vt 0.322090 0.055250
vt 0.322230 0.052530
vt 0.322280 0.049730
vt 0.322260 0.051810
vt 0.322090 0.055410
vt 0.322110 0.057560
vt 0.322260 0.051990
vt 0.375260 0.015710
vt 0.375260 0.020390
vt 0.379630 0.020430
vt 0.379630 0.015710
vt 0.375260 0.022080
vt 0.375980 0.022500
vt 0.378910 0.022500
vt 0.379630 0.022070
vt 0.375420 0.010220
vt 0.379480 0.010220
vt 0.379480 0.008160
vt 0.378730 0.007740
vt 0.376170 0.007750
vt 0.375420 0.008180
vt 0.668350 0.980510
vt 0.668730 0.984340
vt 0.726770 0.323470
vt 0.735540 0.323260
vt 0.753220 0.323260
vt 0.017780 0.397370
vt 0.064200 0.397370
vt 0.063920 0.402370
vt 0.017000 0.393050
vt 0.064450 0.393050
vt 0.015620 0.386050
vt 0.064630 0.386050
vt 0.015620 0.373150
vt 0.064630 0.373150
vt 0.017780 0.363020
vt 0.063920 0.363020
vt 0.506320 0.261770
vt 0.507850 0.259020
vt 0.511900 0.259020
vt 0.512970 0.263900
vt 0.508420 0.263900
vt 0.035140 0.350690
vt 0.030420 0.350690
vt 0.028630 0.347480
vt 0.036390 0.345000
vt 0.031090 0.345000
vt 0.871020 0.324450
vt 0.984450 0.257580
vt 0.874180 0.306260
vt 0.189830 0.268220
vt 0.191930 0.236690
vt 0.200270 0.237300
vt 0.198240 0.268880
vt 0.358510 0.052530
vt 0.358510 0.054710
vt 0.358510 0.049340
vt 0.358510 0.051990
vt 0.358510 0.057920
vt 0.358510 0.055250
vt 0.352700 0.055250
vt 0.352680 0.054710
vt 0.352560 0.052530
vt 0.352530 0.051810
vt 0.352510 0.049730
vt 0.352680 0.057560
vt 0.352700 0.055410
vt 0.352530 0.051990
vt 0.668350 0.738240
vt 0.668730 0.734420
vt 0.819140 0.323260
vt 0.827920 0.323470
vt 0.801460 0.323260
vt 0.402530 0.259020
vt 0.398480 0.259020
vt 0.396940 0.261770
vt 0.403600 0.263900
vt 0.399050 0.263900
vt 0.777340 0.925230
vt 0.777340 0.911080
vt 0.777340 0.895590
vt 0.022470 0.416810
vt 0.033090 0.416810
vt 0.033090 0.425720
vt 0.022470 0.425720
vt 0.015630 0.425720
vt 0.015630 0.416810
vt 0.044700 0.416810
vt 0.044700 0.425720
vt 0.449320 0.005480
vt 0.449320 0.049640
vt 0.447080 0.049640
vt 0.447080 0.005480
vt 0.451650 0.005480
vt 0.451650 0.049640
vt 0.454580 0.005480
vt 0.454580 0.049640
vt 0.457410 0.005480
vt 0.457410 0.049640
vt 0.441310 0.005480
vt 0.444140 0.005480
vt 0.444140 0.049640
vt 0.441310 0.049640
vt 0.458790 0.006910
vt 0.464950 0.006910
vt 0.464950 0.008490
vt 0.458790 0.008490
vt 0.445510 0.011900
vt 0.439350 0.010810
vt 0.439350 0.008490
vt 0.445510 0.006910
vt 0.464950 0.011900
vt 0.458790 0.011900
vt 0.458790 0.010810
vt 0.464950 0.010810
vt 0.453210 0.006910
vt 0.459370 0.008490
vt 0.459370 0.010810
vt 0.453210 0.011900
vt 0.483400 0.007050
vt 0.484440 0.007050
vt 0.484440 0.011370
vt 0.483390 0.011370
vt 0.486250 0.007050
vt 0.485440 0.007050
vt 0.481380 0.007050
vt 0.482330 0.007050
vt 0.486250 0.011370
vt 0.485440 0.011370
vt 0.481380 0.011380
vt 0.482330 0.011370
vt 0.472710 0.007050
vt 0.473570 0.007050
vt 0.473570 0.011370
vt 0.472710 0.011370
vt 0.475370 0.007050
vt 0.474460 0.007050
vt 0.470940 0.007050
vt 0.471800 0.007050
vt 0.475380 0.011370
vt 0.474460 0.011370
vt 0.470940 0.011370
vt 0.471800 0.011370
vt 0.485510 0.012800
vt 0.485480 0.012840
vt 0.484560 0.011390
vt 0.484590 0.011350
vt 0.484820 0.013550
vt 0.483140 0.011370
vt 0.484790 0.013600
vt 0.483100 0.011410
vt 0.474270 0.011940
vt 0.474250 0.011950
vt 0.473740 0.011380
vt 0.473750 0.011370
vt 0.473570 0.012830
vt 0.472530 0.011370
vt 0.473550 0.012840
vt 0.472520 0.011380
vt 0.394190 0.279330
vt 0.394190 0.281130
vt 0.407390 0.281130
vt 0.407180 0.280210
vt 0.406550 0.277300
vt 0.394190 0.277220
vt 0.394940 0.265360
vt 0.385710 0.276360
vt 0.386560 0.277220
vt 0.408630 0.279970
vt 0.408400 0.278520
vt 0.025420 0.327000
vt 0.025420 0.329460
vt 0.039830 0.329360
vt 0.040580 0.325980
vt 0.026300 0.343300
vt 0.016510 0.329460
vt 0.015530 0.330470
vt 0.040810 0.324900
vt 0.025420 0.324900
vt 0.042000 0.327950
vt 0.042260 0.326260
vt 0.421230 0.014640
vt 0.408810 0.014640
vt 0.408810 0.012930
vt 0.421230 0.012930
vt 0.408810 0.016340
vt 0.421230 0.016340
vt 0.425680 0.020860
vt 0.425680 0.016740
vt 0.421130 0.016740
vt 0.421130 0.020860
vt 0.425680 0.012650
vt 0.421130 0.012650
vt 0.421130 0.008520
vt 0.425680 0.008520
vt 0.425680 0.015760
vt 0.425680 0.013410
vt 0.429130 0.020860
vt 0.429130 0.016740
vt 0.429130 0.013620
vt 0.429130 0.008520
vt 0.429130 0.012650
vt 0.471160 0.041010
vt 0.477740 0.041010
vt 0.474500 0.030040
vt 0.476530 0.030040
vt 0.486850 0.038580
vt 0.486850 0.039980
vt 0.480290 0.039980
vt 0.480290 0.038580
vt 0.477720 0.039980
vt 0.471160 0.039980
vt 0.471160 0.038580
vt 0.477720 0.038580
vt 0.468630 0.041010
vt 0.467970 0.039980
vt 0.467970 0.038580
vt 0.470540 0.038580
vt 0.470540 0.039980
vt 0.469880 0.041010
vt 0.468560 0.030560
vt 0.468910 0.030040
vt 0.469600 0.030040
vt 0.469950 0.030560
vt 0.469960 0.032020
vt 0.468550 0.032020
vt 0.479630 0.041010
vt 0.478380 0.041010
vt 0.474500 0.032020
vt 0.476620 0.032020
vt 0.481390 0.032020
vt 0.483520 0.032020
vt 0.479710 0.032020
vt 0.478310 0.032020
vt 0.476540 0.030560
vt 0.474500 0.030560
vt 0.481470 0.030560
vt 0.483520 0.030560
vt 0.478310 0.030560
vt 0.478660 0.030040
vt 0.479350 0.030040
vt 0.479700 0.030560
vt 0.486850 0.041010
vt 0.480280 0.041010
vt 0.481490 0.030040
vt 0.483520 0.030040
vt 0.429900 0.053200
vt 0.391530 0.053200
vt 0.391530 0.056250
vt 0.429900 0.056250
vt 0.391530 0.050140
vt 0.429900 0.050140
vt 0.421390 0.036330
vt 0.418330 0.033270
vt 0.424450 0.033270
vt 0.421390 0.030210
vt 0.425620 0.051410
vt 0.410770 0.048350
vt 0.395930 0.051410
vt 0.424200 0.046900
vt 0.424200 0.047490
vt 0.391480 0.047490
vt 0.391480 0.046900
vt 0.424200 0.046300
vt 0.391480 0.046300
vt 0.416650 0.030940
vt 0.417510 0.027240
vt 0.418420 0.033680
vt 0.416650 0.033680
vt 0.426140 0.033680
vt 0.425280 0.027240
vt 0.424360 0.033680
vt 0.426140 0.030940
vt 0.418420 0.030940
vt 0.424360 0.030940
vt 0.407890 0.033680
vt 0.434900 0.033680
vt 0.434900 0.036420
vt 0.407890 0.036420
vt 0.434900 0.030940
vt 0.407890 0.030940
vt 0.410890 0.033690
vt 0.416550 0.033690
vt 0.416550 0.040020
vt 0.410890 0.040020
vt 0.416550 0.027360
vt 0.410890 0.027360
vt 0.431890 0.033690
vt 0.431890 0.040020
vt 0.426240 0.040020
vt 0.426240 0.033690
vt 0.431890 0.027360
vt 0.426240 0.027360
vt 0.477710 0.055770
vt 0.471150 0.055770
vt 0.474370 0.046730
vt 0.472340 0.046730
vt 0.480280 0.053340
vt 0.486840 0.053340
vt 0.486840 0.054740
vt 0.480280 0.054740
vt 0.471150 0.054740
vt 0.471150 0.053340
vt 0.477710 0.053340
vt 0.477710 0.054740
vt 0.479620 0.055770
vt 0.478370 0.055770
vt 0.478290 0.048710
vt 0.478300 0.047250
vt 0.478650 0.046730
vt 0.479340 0.046730
vt 0.479690 0.047250
vt 0.479700 0.048710
vt 0.469900 0.055770
vt 0.468650 0.055770
vt 0.467990 0.054740
vt 0.467990 0.053340
vt 0.470560 0.053340
vt 0.470560 0.054740
vt 0.474370 0.048710
vt 0.472250 0.048710
vt 0.483620 0.048710
vt 0.485740 0.048710
vt 0.468580 0.048710
vt 0.469970 0.048710
vt 0.472320 0.047250
vt 0.474370 0.047250
vt 0.483620 0.047250
vt 0.485660 0.047250
vt 0.468580 0.047250
vt 0.468930 0.046730
vt 0.469620 0.046730
vt 0.469970 0.047250
vt 0.480280 0.055770
vt 0.486840 0.055770
vt 0.485640 0.046730
vt 0.483620 0.046730
vt 0.512380 0.024240
vt 0.509980 0.024240
vt 0.509940 0.008990
vt 0.512410 0.008990
vt 0.514010 0.024240
vt 0.513970 0.008990
vt 0.516480 0.024240
vt 0.516520 0.008990
vt 0.518060 0.024240
vt 0.518080 0.008990
vt 0.512380 0.024780
vt 0.509980 0.024780
vt 0.512380 0.025010
vt 0.509980 0.025010
vt 0.514010 0.025010
vt 0.514010 0.024780
vt 0.516480 0.024780
vt 0.516480 0.025010
vt 0.513750 0.024780
vt 0.513200 0.025010
vt 0.512660 0.024780
vt 0.517840 0.024780
vt 0.517290 0.025010
vt 0.516750 0.024780
vt 0.513970 0.008400
vt 0.516520 0.008400
vt 0.513970 0.008150
vt 0.516520 0.008150
vt 0.512410 0.008150
vt 0.512410 0.008400
vt 0.509940 0.008400
vt 0.509940 0.008150
vt 0.512640 0.008400
vt 0.513200 0.008150
vt 0.513760 0.008400
vt 0.516740 0.008400
vt 0.517290 0.008150
vt 0.517850 0.008400
vt 0.508860 0.034510
vt 0.512510 0.034510
vt 0.511970 0.057290
vt 0.509280 0.057290
vt 0.513980 0.034510
vt 0.513950 0.057290
vt 0.512540 0.057290
vt 0.517630 0.034510
vt 0.517090 0.057290
vt 0.514400 0.057290
vt 0.518360 0.034510
vt 0.519830 0.034510
vt 0.519790 0.057290
vt 0.518390 0.057290
vt 0.513860 0.033990
vt 0.517630 0.033990
vt 0.513860 0.033770
vt 0.517630 0.033770
vt 0.512510 0.033770
vt 0.512510 0.033990
vt 0.508740 0.033990
vt 0.508740 0.033770
vt 0.512730 0.033990
vt 0.513240 0.033770
vt 0.513760 0.033990
vt 0.518570 0.033990
vt 0.519090 0.033770
vt 0.519610 0.033990
vt 0.441560 0.078630
vt 0.441560 0.078930
vt 0.438680 0.078930
vt 0.438680 0.078630
vt 0.432460 0.078930
vt 0.432460 0.078630
vt 0.435340 0.078630
vt 0.435340 0.078930
vt 0.429920 0.078630
vt 0.429470 0.078930
vt 0.429030 0.078630
vt 0.438140 0.078630
vt 0.437690 0.078930
vt 0.437250 0.078630
vt 0.442440 0.069380
vt 0.437800 0.069380
vt 0.438860 0.063530
vt 0.441380 0.063530
vt 0.430950 0.069390
vt 0.429370 0.069380
vt 0.429350 0.063520
vt 0.430210 0.063520
vt 0.436220 0.069390
vt 0.431570 0.069390
vt 0.432640 0.063520
vt 0.435160 0.063520
vt 0.436960 0.063520
vt 0.437820 0.063520
vt 0.441380 0.063010
vt 0.438860 0.063010
vt 0.429780 0.063010
vt 0.435160 0.063010
vt 0.432640 0.063010
vt 0.437380 0.063010
vt 0.437800 0.071210
vt 0.442440 0.071210
vt 0.429360 0.071210
vt 0.430990 0.071210
vt 0.431580 0.071210
vt 0.436210 0.071210
vt 0.399410 0.037570
vt 0.397420 0.037570
vt 0.397400 0.030650
vt 0.399440 0.030650
vt 0.394540 0.037570
vt 0.393630 0.037570
vt 0.393640 0.030650
vt 0.394530 0.030650
vt 0.396510 0.037570
vt 0.396520 0.030650
vt 0.397350 0.038230
vt 0.399470 0.038230
vt 0.394080 0.038230
vt 0.394490 0.038230
vt 0.396560 0.038230
vt 0.396970 0.038230
vt 0.399440 0.030080
vt 0.397390 0.030080
vt 0.394080 0.030080
vt 0.396520 0.030080
vt 0.394530 0.030080
vt 0.396970 0.030080
vt 0.450870 0.064650
vt 0.450870 0.064260
vt 0.464930 0.064260
vt 0.464930 0.064650
vt 0.450870 0.063870
vt 0.464930 0.063870
vt 0.450870 0.063480
vt 0.464930 0.063480
vt 0.450870 0.063090
vt 0.464930 0.063090
vt 0.450870 0.070470
vt 0.450870 0.070080
vt 0.464930 0.070080
vt 0.464930 0.070470
vt 0.450870 0.069680
vt 0.464930 0.069680
vt 0.450870 0.069290
vt 0.464930 0.069290
vt 0.450870 0.068900
vt 0.464930 0.068900
vt 0.496230 0.022730
vt 0.494050 0.022730
vt 0.493810 0.010340
vt 0.496460 0.010340
vt 0.498280 0.022730
vt 0.496840 0.022730
vt 0.496790 0.010340
vt 0.498330 0.010340
vt 0.501070 0.022730
vt 0.498890 0.022730
vt 0.498650 0.010340
vt 0.501310 0.010340
vt 0.503120 0.022730
vt 0.501690 0.022730
vt 0.501630 0.010340
vt 0.503180 0.010340
vt 0.496230 0.024000
vt 0.494050 0.024000
vt 0.496230 0.024820
vt 0.494050 0.024820
vt 0.496230 0.025170
vt 0.494050 0.025170
vt 0.498890 0.025170
vt 0.498890 0.024820
vt 0.501070 0.024820
vt 0.501070 0.025170
vt 0.498890 0.024000
vt 0.501070 0.024000
vt 0.498730 0.024000
vt 0.498390 0.024820
vt 0.497560 0.025170
vt 0.496730 0.024820
vt 0.496390 0.024000
vt 0.503570 0.024000
vt 0.503230 0.024820
vt 0.502400 0.025170
vt 0.501580 0.024820
vt 0.501240 0.024000
vt 0.498650 0.009150
vt 0.501310 0.009150
vt 0.498650 0.008380
vt 0.501310 0.008380
vt 0.498650 0.008060
vt 0.501310 0.008060
vt 0.496460 0.008060
vt 0.496460 0.008380
vt 0.493810 0.008380
vt 0.493810 0.008060
vt 0.496460 0.009150
vt 0.493810 0.009150
vt 0.496790 0.008380
vt 0.497560 0.008060
vt 0.498330 0.008380
vt 0.501630 0.008380
vt 0.502400 0.008060
vt 0.503180 0.008380
vt 0.503500 0.009150
vt 0.493030 0.035620
vt 0.496560 0.035620
vt 0.496140 0.057180
vt 0.493450 0.057180
vt 0.496850 0.035620
vt 0.498280 0.035620
vt 0.498270 0.057180
vt 0.496860 0.057180
vt 0.498570 0.035620
vt 0.502100 0.035620
vt 0.501680 0.057180
vt 0.498990 0.057180
vt 0.502750 0.035620
vt 0.504340 0.035620
vt 0.504340 0.057180
vt 0.502750 0.057180
vt 0.498570 0.034530
vt 0.502100 0.034530
vt 0.498570 0.033820
vt 0.502100 0.033820
vt 0.498570 0.033520
vt 0.502100 0.033520
vt 0.496560 0.033520
vt 0.496560 0.033820
vt 0.493030 0.033820
vt 0.493030 0.033520
vt 0.496560 0.034530
vt 0.493030 0.034530
vt 0.496850 0.033820
vt 0.497560 0.033520
vt 0.498280 0.033820
vt 0.502450 0.034530
vt 0.502750 0.033820
vt 0.503530 0.033520
vt 0.504340 0.033820
vt 0.504640 0.034530
vt 0.468010 0.019700
vt 0.469090 0.019700
vt 0.468960 0.024860
vt 0.468140 0.024860
vt 0.466430 0.019700
vt 0.467240 0.019700
vt 0.467230 0.024860
vt 0.466440 0.024860
vt 0.470370 0.019700
vt 0.471440 0.019700
vt 0.471320 0.024860
vt 0.470490 0.024860
vt 0.469330 0.019700
vt 0.470130 0.019700
vt 0.470120 0.024860
vt 0.469330 0.024860
vt 0.469140 0.017550
vt 0.469140 0.018260
vt 0.467970 0.018260
vt 0.467970 0.017550
vt 0.466240 0.018260
vt 0.466840 0.017550
vt 0.467430 0.018260
vt 0.471490 0.017550
vt 0.471490 0.018260
vt 0.470320 0.018260
vt 0.470320 0.017550
vt 0.469730 0.017550
vt 0.482420 0.018000
vt 0.482420 0.017700
vt 0.485320 0.017700
vt 0.485320 0.018000
vt 0.481440 0.017700
vt 0.481440 0.018000
vt 0.478550 0.018000
vt 0.478550 0.017700
vt 0.481930 0.017700
vt 0.485810 0.017700
vt 0.486300 0.018000
vt 0.485260 0.024450
vt 0.482480 0.024450
vt 0.481390 0.024450
vt 0.478680 0.024450
vt 0.486280 0.024450
vt 0.482550 0.024970
vt 0.485190 0.024970
vt 0.481930 0.024970
vt 0.478680 0.024970
vt 0.481310 0.024970
vt 0.485810 0.024970
vt 0.503570 0.279330
vt 0.516560 0.280210
vt 0.516760 0.281130
vt 0.503570 0.281130
vt 0.503570 0.277220
vt 0.515920 0.277300
vt 0.495930 0.277220
vt 0.495090 0.276360
vt 0.504320 0.265360
vt 0.517780 0.278520
vt 0.518000 0.279970
vt 0.970110 0.065450
vt 0.972150 0.065450
vt 0.972150 0.071210
vt 0.970110 0.071210
vt 0.976210 0.065450
vt 0.976210 0.071210
vt 0.978240 0.065450
vt 0.978240 0.071210
vt 0.021820 0.065450
vt 0.023850 0.065450
vt 0.023850 0.071210
vt 0.021820 0.071210
vt 0.027910 0.065450
vt 0.027910 0.071210
vt 0.029940 0.065450
vt 0.029940 0.071210
vt 0.926590 0.019840
vt 0.926590 0.024950
vt 0.923980 0.024950
vt 0.923980 0.019840
vt 0.923980 0.004270
vt 0.926590 0.004270
vt 0.939310 0.009350
vt 0.939310 0.014760
vt 0.937490 0.014760
vt 0.937490 0.009350
vt 0.931710 0.009350
vt 0.931710 0.014760
vt 0.926200 0.030730
vt 0.924380 0.030730
vt 0.918870 0.014760
vt 0.913090 0.014760
vt 0.913090 0.009350
vt 0.918870 0.009350
vt 0.934600 0.034270
vt 0.936010 0.034270
vt 0.936010 0.059190
vt 0.934600 0.059190
vt 0.938820 0.034270
vt 0.938820 0.059190
vt 0.940230 0.034270
vt 0.940230 0.059190
vt 0.059750 0.034270
vt 0.061150 0.034270
vt 0.061150 0.059190
vt 0.059750 0.059190
vt 0.063970 0.034270
vt 0.063970 0.059190
vt 0.065370 0.034270
vt 0.065370 0.059190
vt 0.065370 0.044470
vt 0.065370 0.046470
vt 0.059750 0.046470
vt 0.059750 0.044470
vt 0.065370 0.042820
vt 0.059750 0.042820
vt 0.070950 0.042820
vt 0.070950 0.046470
vt 0.054170 0.046470
vt 0.054170 0.042820
vt 0.065600 0.029800
vt 0.065600 0.032100
vt 0.059510 0.032100
vt 0.059510 0.029800
vt 0.065600 0.034300
vt 0.059510 0.034300
vt 0.934370 0.034300
vt 0.940460 0.034300
vt 0.934370 0.032100
vt 0.940460 0.032100
vt 0.934370 0.029800
vt 0.940460 0.029800
vt 0.067250 0.031310
vt 0.067250 0.034270
vt 0.057870 0.034270
vt 0.057870 0.031310
vt 0.932730 0.034270
vt 0.942100 0.034270
vt 0.932730 0.031310
vt 0.942100 0.031310
vt 0.932730 0.029480
vt 0.942100 0.029480
vt 0.067250 0.029480
vt 0.057870 0.029480
vt 0.691540 0.621050
vt 0.698210 0.621050
vt 0.698210 0.627720
vt 0.691540 0.627720
vt 0.691540 0.618550
vt 0.698210 0.618550
vt 0.700710 0.621050
vt 0.700710 0.627720
vt 0.698210 0.630220
vt 0.691540 0.630220
vt 0.689040 0.627720
vt 0.689040 0.621050
vt 0.070350 0.020420
vt 0.077230 0.020420
vt 0.077230 0.021660
vt 0.070350 0.021660
vt 0.059780 0.021660
vt 0.058550 0.020420
vt 0.061010 0.020420
vt 0.067890 0.020420
vt 0.067890 0.021660
vt 0.061010 0.021660
vt 0.069120 0.021660
vt 0.070350 0.018500
vt 0.077230 0.018500
vt 0.058550 0.018500
vt 0.061010 0.018500
vt 0.067890 0.018500
vt 0.072690 0.009850
vt 0.074890 0.009850
vt 0.058860 0.009850
vt 0.060700 0.009850
vt 0.063350 0.009850
vt 0.065550 0.009850
vt 0.068200 0.009850
vt 0.070040 0.009850
vt 0.072690 0.008750
vt 0.074890 0.008750
vt 0.058890 0.008750
vt 0.060670 0.008750
vt 0.063350 0.008750
vt 0.065550 0.008750
vt 0.068230 0.008750
vt 0.070010 0.008750
vt 0.072690 0.007430
vt 0.074890 0.007430
vt 0.059400 0.007430
vt 0.060160 0.007430
vt 0.063350 0.007430
vt 0.065550 0.007430
vt 0.068750 0.007430
vt 0.069500 0.007430
vt 0.195490 0.018690
vt 0.202370 0.018690
vt 0.202370 0.019920
vt 0.195490 0.019920
vt 0.204090 0.018690
vt 0.203670 0.019920
vt 0.202780 0.019920
vt 0.210960 0.018690
vt 0.210960 0.019920
vt 0.204090 0.019920
vt 0.212680 0.018690
vt 0.212270 0.019920
vt 0.211370 0.019920
vt 0.195490 0.017210
vt 0.202370 0.017210
vt 0.204090 0.017210
vt 0.210960 0.017210
vt 0.212680 0.017210
vt 0.196750 0.016410
vt 0.201100 0.016410
vt 0.202370 0.016410
vt 0.204090 0.016410
vt 0.205350 0.016410
vt 0.209700 0.016410
vt 0.210960 0.016410
vt 0.212680 0.016410
vt 0.196750 0.011350
vt 0.201100 0.011350
vt 0.202370 0.011350
vt 0.204090 0.011350
vt 0.205350 0.011350
vt 0.209700 0.011350
vt 0.210960 0.011350
vt 0.212680 0.011350
vt 0.196750 0.010230
vt 0.201100 0.010230
vt 0.202870 0.010230
vt 0.203580 0.010230
vt 0.205350 0.010230
vt 0.209700 0.010230
vt 0.211470 0.010230
vt 0.212170 0.010230
vt 0.273840 0.022820
vt 0.273840 0.024820
vt 0.272110 0.025820
vt 0.270380 0.024820
vt 0.270380 0.022820
vt 0.272110 0.021820
vt 0.270370 0.009570
vt 0.270370 0.007560
vt 0.272110 0.006560
vt 0.273850 0.007560
vt 0.273850 0.009570
vt 0.272110 0.010580
vt 0.274310 0.021810
vt 0.273900 0.010570
vt 0.269900 0.021810
vt 0.270310 0.010570
vt 0.267780 0.021790
vt 0.268200 0.010550
vt 0.265580 0.021780
vt 0.265580 0.010540
vt 0.267370 0.010550
vt 0.263380 0.021790
vt 0.263790 0.010550
vt 0.276290 0.021790
vt 0.275880 0.010550
vt 0.287600 0.014540
vt 0.287600 0.012780
vt 0.280070 0.012780
vt 0.280070 0.014540
vt 0.062560 0.416810
vt 0.062560 0.425720
vt 0.970110 0.063080
vt 0.972150 0.063080
vt 0.976210 0.063080
vt 0.978240 0.063080
vt 0.021820 0.063080
vt 0.023850 0.063080
vt 0.027910 0.063080
vt 0.029940 0.063080
vt 0.974180 0.059520
vt 0.025880 0.059520
vt 0.972150 0.088130
vt 0.970110 0.088130
vt 0.976210 0.088130
vt 0.978240 0.088130
vt 0.023850 0.088130
vt 0.021820 0.088130
vt 0.027910 0.088130
vt 0.029940 0.088130
vt 0.972210 0.098010
vt 0.970250 0.098010
vt 0.976140 0.098010
vt 0.978110 0.098010
vt 0.023910 0.098010
vt 0.021950 0.098010
vt 0.027840 0.098010
vt 0.029810 0.098010
vt 0.991950 0.073080
vt 0.989600 0.073080
vt 0.989600 0.063080
vt 0.991950 0.063080
vt 0.985680 0.073080
vt 0.985680 0.063080
vt 0.988040 0.063080
vt 0.988040 0.073080
vt 0.988820 0.073080
vt 0.988820 0.063080
vt 0.988820 0.059950
vt 0.988820 0.076200
vt 0.014300 0.115160
vt 0.018640 0.115160
vt 0.018640 0.123830
vt 0.014300 0.123830
vt 0.027170 0.115160
vt 0.027170 0.123830
vt 0.024600 0.123830
vt 0.024600 0.115160
vt 0.033130 0.115160
vt 0.033130 0.123830
vt 0.027170 0.129790
vt 0.022830 0.129790
vt 0.022830 0.109200
vt 0.027170 0.109200
vt 0.992360 0.181720
vt 0.993450 0.181720
vt 0.990850 0.177750
vt 0.986510 0.177750
vt 0.987880 0.181710
vt 0.987880 0.182730
vt 0.992360 0.182730
vt 0.986510 0.183900
vt 0.985490 0.182810
vt 0.986510 0.181710
vt 0.987880 0.183900
vt 0.990740 0.203740
vt 0.989370 0.203740
vt 0.989370 0.197460
vt 0.990740 0.197460
vt 0.988000 0.203740
vt 0.988000 0.197460
vt 0.993490 0.203740
vt 0.992120 0.203740
vt 0.992120 0.197460
vt 0.993490 0.197460
vt 0.990740 0.206490
vt 0.989370 0.205110
vt 0.992120 0.205110
vt 0.989370 0.196090
vt 0.990740 0.194710
vt 0.992120 0.196090
vt 0.991260 0.181720
vt 0.991260 0.186520
vt 0.992360 0.186520
vt 0.993450 0.186520
vt 0.993450 0.187610
vt 0.991260 0.187610
vt 0.992360 0.188700
vt 0.988090 0.081150
vt 0.994340 0.081150
vt 0.996070 0.102360
vt 0.991990 0.102360
vt 0.025880 0.080940
vt 0.025880 0.096980
vt 0.008070 0.105540
vt 0.008070 0.102360
vt 0.025880 0.103230
vt 0.008070 0.109630
vt 0.974180 0.096980
vt 0.974180 0.080940
vt 0.991990 0.105540
vt 0.960260 0.081150
vt 0.956360 0.102360
vt 0.952280 0.102360
vt 0.954010 0.081150
vt 0.043690 0.102360
vt 0.043690 0.105540
vt 0.043690 0.109630
vt 0.956360 0.105540
vt 0.974170 0.111090
vt 0.974170 0.118460
vt 0.961360 0.119610
vt 0.961360 0.109950
vt 0.961360 0.107770
vt 0.974170 0.108910
vt 0.986980 0.121790
vt 0.974170 0.120650
vt 0.986980 0.119610
vt 0.986980 0.109950
vt 0.045500 0.066950
vt 0.045500 0.079450
vt 0.040200 0.079450
vt 0.040200 0.066950
vt 0.049970 0.066950
vt 0.055280 0.066950
vt 0.055280 0.079450
vt 0.049970 0.079450
vt 0.040200 0.062480
vt 0.045500 0.062480
vt 0.035730 0.079450
vt 0.035730 0.066950
vt 0.045500 0.083920
vt 0.040200 0.083920
vt 0.023220 0.169240
vt 0.005170 0.169240
vt 0.005170 0.168460
vt 0.023220 0.168460
vt 0.005170 0.137480
vt 0.010170 0.151040
vt 0.009390 0.151040
vt 0.004390 0.137480
vt 0.018220 0.151040
vt 0.023220 0.137480
vt 0.024000 0.137480
vt 0.019000 0.151040
vt 0.005170 0.165390
vt 0.010170 0.151830
vt 0.018220 0.151830
vt 0.023220 0.165390
vt 0.005170 0.134410
vt 0.023220 0.134410
vt 0.004390 0.134410
vt 0.024000 0.134410
vt 0.994860 0.169240
vt 0.976810 0.169240
vt 0.976810 0.168460
vt 0.994860 0.168460
vt 0.976810 0.137480
vt 0.981810 0.151040
vt 0.981030 0.151040
vt 0.976030 0.137480
vt 0.989860 0.151040
vt 0.994860 0.137480
vt 0.995640 0.137480
vt 0.990640 0.151040
vt 0.976810 0.165390
vt 0.981810 0.151830
vt 0.989860 0.151830
vt 0.994860 0.165390
vt 0.976810 0.134410
vt 0.994860 0.134410
vt 0.976030 0.134410
vt 0.995640 0.134410
vt 0.947870 0.065720
vt 0.953500 0.065720
vt 0.953500 0.069120
vt 0.947870 0.069120
vt 0.959150 0.073000
vt 0.953500 0.070690
vt 0.959150 0.066820
vt 0.953500 0.074090
vt 0.947870 0.074090
vt 0.947870 0.070690
vt 0.942220 0.066820
vt 0.942220 0.073000
vt 0.225140 0.023120
vt 0.225140 0.020470
vt 0.240450 0.020470
vt 0.240450 0.023120
vt 0.252940 0.020470
vt 0.252940 0.023120
vt 0.224870 0.015750
vt 0.252940 0.015750
vt 0.240450 0.018970
vt 0.252940 0.019470
vt 0.224870 0.013090
vt 0.252940 0.013090
vt 0.225140 0.008380
vt 0.240450 0.009880
vt 0.252940 0.009370
vt 0.009360 0.194860
vt 0.006270 0.191760
vt 0.004990 0.194860
vt 0.009360 0.190480
vt 0.012460 0.191760
vt 0.013740 0.194860
vt 0.012460 0.197950
vt 0.009360 0.199230
vt 0.006270 0.197950
vt 0.691580 0.641580
vt 0.694920 0.640200
vt 0.698260 0.641580
vt 0.699650 0.644930
vt 0.698260 0.648270
vt 0.694920 0.649650
vt 0.691580 0.648270
vt 0.690200 0.644930
vt 0.000500 0.500000
vt 0.999500 0.500000
vt 0.999500 0.970590
vt 0.000500 0.970590
vt 0.829320 0.254400
vt 0.828860 0.257330
vt 0.826150 0.256440
vt 0.826470 0.254400
vt 0.827510 0.259970
vt 0.825210 0.258290
vt 0.825420 0.262060
vt 0.823740 0.259760
vt 0.822780 0.263410
vt 0.821890 0.260700
vt 0.819850 0.263870
vt 0.819850 0.261020
vt 0.816920 0.263410
vt 0.817800 0.260700
vt 0.814280 0.262060
vt 0.815950 0.259760
vt 0.812180 0.259970
vt 0.814490 0.258290
vt 0.810840 0.257330
vt 0.813550 0.256440
vt 0.810370 0.254400
vt 0.813220 0.254400
vt 0.810840 0.251470
vt 0.813550 0.252350
vt 0.812180 0.248830
vt 0.814490 0.250510
vt 0.814280 0.246730
vt 0.815950 0.249040
vt 0.816920 0.245390
vt 0.817800 0.248100
vt 0.819850 0.244920
vt 0.819850 0.247780
vt 0.822780 0.245390
vt 0.821890 0.248100
vt 0.825420 0.246730
vt 0.823740 0.249040
vt 0.827510 0.248830
vt 0.825210 0.250510
vt 0.828860 0.251470
vt 0.826150 0.252350
vt 0.819850 0.254400
vt 0.788380 0.249410
vt 0.814860 0.222930
vt 0.848230 0.239930
vt 0.805380 0.282780
vt 0.842370 0.276930
vt 0.791460 0.239930
vt 0.824830 0.222930
vt 0.851310 0.249410
vt 0.834310 0.282780
vt 0.797320 0.276930
vt 0.000500 0.750000
vt 0.999500 0.750000
vt 0.999500 1.000000
vt 0.000500 1.000000
vt 0.105470 0.280630
vt 0.108210 0.279610
vt 0.110560 0.279610
vt 0.140400 0.236690
vt 0.141810 0.236690
vt 0.362330 0.236690
vt 0.359150 0.236690
vt 0.166130 0.236690
vt 0.182930 0.236690
vt 0.164690 0.279610
vt 0.142650 0.279610
vt 0.153140 0.236690
vt 0.125670 0.279610
vt 0.344710 0.279330
vt 0.364140 0.236690
vt 0.336840 0.276810
vt 0.334970 0.279450
vt 0.329320 0.279610
vt 0.326970 0.279610
vt 0.324220 0.280630
vt 0.383010 0.279330
vt 0.437400 0.141430
vt 0.452170 0.140080
vt 0.479710 0.092280
vt 0.467840 0.090610
vt 0.458770 0.142910
vt 0.212520 0.141430
vt 0.150420 0.232310
vt 0.382630 0.236690
vt 0.412130 0.236670
vt 0.417770 0.217640
vt 0.419840 0.218550
vt 0.200240 0.218210
vt 0.223270 0.141430
vt 0.174360 0.281130
vt 0.197450 0.281130
vt 0.260960 0.092280
vt 0.240020 0.142910
vt 0.237030 0.141710
vt 0.204670 0.220130
vt 0.463810 0.088450
vt 0.462590 0.087690
vt 0.459790 0.090270
vt 0.461680 0.091490
vt 0.247410 0.090380
vt 0.272560 0.072060
vt 0.270670 0.072060
vt 0.268760 0.072060
vt 0.244470 0.088100
vt 0.243840 0.087690
vt 0.268270 0.072060
vt 0.487580 0.072060
vt 0.487020 0.072060
vt 0.489390 0.072060
vt 0.491310 0.072060
vt 0.493770 0.071410
vt 0.241870 0.090800
vt 0.241040 0.090270
vt 0.275020 0.071410
vt 0.272060 0.071640
vt 0.269590 0.071640
vt 0.269070 0.071640
vt 0.488350 0.071640
vt 0.487820 0.071640
vt 0.490800 0.071640
vt 0.272060 0.071410
vt 0.270140 0.071420
vt 0.488890 0.071420
vt 0.490810 0.071410
vt 0.146860 0.236690
vt 0.245470 0.093220
vt 0.116710 0.279610
vt 0.427700 0.141430
vt 0.366670 0.230880
vt 0.372300 0.233310
vt 0.145390 0.229460
vt 0.146390 0.230020
vt 0.364140 0.229460
vt 0.361640 0.279330
vt 0.115000 0.276940
vt 0.114730 0.276920
vt 0.140540 0.239760
vt 0.140520 0.239740
vt 0.359290 0.239760
vt 0.333750 0.276940
vt 0.334060 0.277400
vt 0.146930 0.230330
vt 0.147660 0.230740
vt 0.242730 0.091550
vt 0.242950 0.091530
vt 0.426810 0.141740
vt 0.365590 0.230410
vt 0.208060 0.141740
vt 0.461530 0.091500
vt 0.194980 0.336290
vt 0.181290 0.339760
vt 0.149340 0.339420
vt 0.149800 0.336480
vt 0.172510 0.336390
vt 0.194470 0.339600
vt 0.420520 0.268880
vt 0.412110 0.268220
vt 0.411360 0.281170
vt 0.419740 0.281130
vt 0.194870 0.324840
vt 0.189510 0.327600
vt 0.138850 0.327730
vt 0.116010 0.327440
vt 0.116750 0.326130
vt 0.194440 0.327300
vt 0.421270 0.216400
vt 0.422890 0.217150
vt 0.429360 0.214100
vt 0.423320 0.211530
vt 0.419940 0.218310
vt 0.417880 0.217390
vt 0.427320 0.219070
vt 0.458630 0.144860
vt 0.453520 0.142640
vt 0.443230 0.165210
vt 0.449210 0.167670
vt 0.450680 0.139490
vt 0.455790 0.141710
vt 0.345950 0.054200
vt 0.345950 0.053040
vt 0.349070 0.052530
vt 0.349070 0.054710
vt 0.345950 0.050640
vt 0.345950 0.050020
vt 0.349070 0.049900
vt 0.349070 0.051340
vt 0.345950 0.057300
vt 0.345950 0.056600
vt 0.349070 0.055900
vt 0.349070 0.057380
vt 0.344530 0.057250
vt 0.344530 0.050050
vt 0.344540 0.053620
vt 0.345950 0.052140
vt 0.349070 0.051990
vt 0.349070 0.055250
vt 0.345950 0.055100
vt 0.344540 0.054760
vt 0.344540 0.052480
vt 0.343230 0.053620
vt 0.345210 0.032970
vt 0.348350 0.035600
vt 0.345200 0.034810
vt 0.345200 0.030590
vt 0.345200 0.030140
vt 0.345210 0.037660
vt 0.345210 0.037270
vt 0.348350 0.036400
vt 0.348350 0.037740
vt 0.345210 0.032390
vt 0.348350 0.036040
vt 0.345190 0.035390
vt 0.343290 0.033880
vt 0.344330 0.032780
vt 0.344340 0.037650
vt 0.344320 0.035000
vt 0.344310 0.030190
vt 0.344970 0.013750
vt 0.347320 0.015810
vt 0.344980 0.015270
vt 0.344940 0.011700
vt 0.344940 0.011300
vt 0.345010 0.017560
vt 0.345010 0.017220
vt 0.347330 0.016480
vt 0.347330 0.017610
vt 0.344960 0.013280
vt 0.347320 0.016160
vt 0.344990 0.015760
vt 0.343390 0.014540
vt 0.344240 0.013620
vt 0.344290 0.017550
vt 0.344260 0.015450
vt 0.344210 0.011360
vt 0.386570 0.022490
vt 0.388080 0.018110
vt 0.386530 0.018110
vt 0.386050 0.018570
vt 0.386060 0.022050
vt 0.409410 0.281130
vt 0.410760 0.259020
vt 0.107710 0.281130
vt 0.105470 0.281290
vt 0.324220 0.281290
vt 0.326460 0.281130
vt 0.214840 0.280630
vt 0.219940 0.279610
vt 0.217590 0.279610
vt 0.249780 0.236690
vt 0.251190 0.236690
vt 0.274070 0.279610
vt 0.292300 0.236690
vt 0.275510 0.236690
vt 0.252020 0.279610
vt 0.262510 0.236690
vt 0.235050 0.279610
vt 0.454080 0.279330
vt 0.446220 0.276810
vt 0.473520 0.236690
vt 0.444350 0.279450
vt 0.438700 0.279610
vt 0.433590 0.280630
vt 0.436340 0.279610
vt 0.492380 0.279330
vt 0.546770 0.141430
vt 0.577210 0.090610
vt 0.589080 0.092280
vt 0.561540 0.140080
vt 0.568140 0.142910
vt 0.321900 0.141430
vt 0.259800 0.232310
vt 0.492010 0.236690
vt 0.527140 0.217640
vt 0.521500 0.236670
vt 0.529220 0.218550
vt 0.309620 0.218210
vt 0.332650 0.141430
vt 0.283730 0.281130
vt 0.306830 0.281130
vt 0.370340 0.092280
vt 0.346410 0.141710
vt 0.349390 0.142910
vt 0.314040 0.220130
vt 0.381930 0.072060
vt 0.356780 0.090380
vt 0.380040 0.072060
vt 0.378140 0.072060
vt 0.377650 0.072060
vt 0.353210 0.087690
vt 0.353840 0.088100
vt 0.571960 0.087690
vt 0.596400 0.072060
vt 0.596960 0.072060
vt 0.573190 0.088450
vt 0.598770 0.072060
vt 0.600680 0.072060
vt 0.603150 0.071410
vt 0.350410 0.090270
vt 0.351240 0.090800
vt 0.384400 0.071410
vt 0.381440 0.071640
vt 0.378960 0.071640
vt 0.378450 0.071640
vt 0.597200 0.071640
vt 0.597730 0.071640
vt 0.600170 0.071640
vt 0.381440 0.071410
vt 0.379520 0.071420
vt 0.598270 0.071420
vt 0.600180 0.071410
vt 0.256230 0.236690
vt 0.354840 0.093220
vt 0.226090 0.279610
vt 0.254760 0.229460
vt 0.255770 0.230020
vt 0.471010 0.279330
vt 0.224370 0.276940
vt 0.249910 0.239760
vt 0.256310 0.230330
vt 0.352100 0.091550
vt 0.317440 0.141740
vt 0.527280 0.217320
vt 0.529350 0.218210
vt 0.560050 0.139490
vt 0.565160 0.141710
vt 0.520140 0.259020
vt 0.518780 0.281130
vt 0.214840 0.281290
vt 0.217090 0.281130
vt 0.435840 0.281130
vt 0.433590 0.281290
vt 0.328840 0.054200
vt 0.325720 0.054710
vt 0.325720 0.052530
vt 0.328840 0.053040
vt 0.328840 0.050640
vt 0.325720 0.051340
vt 0.325720 0.049900
vt 0.328840 0.050020
vt 0.328840 0.057300
vt 0.325720 0.057380
vt 0.325720 0.055900
vt 0.328840 0.056600
vt 0.330250 0.057250
vt 0.330250 0.050050
vt 0.330250 0.053620
vt 0.328840 0.052140
vt 0.325720 0.051990
vt 0.328840 0.055100
vt 0.325720 0.055250
vt 0.330250 0.054760
vt 0.330250 0.052480
vt 0.331550 0.053620
vt 0.329560 0.032970
vt 0.329580 0.034810
vt 0.326420 0.035600
vt 0.329570 0.030590
vt 0.329570 0.030140
vt 0.329570 0.037660
vt 0.326420 0.037740
vt 0.326420 0.036400
vt 0.329570 0.037270
vt 0.324420 0.037800
vt 0.329560 0.032390
vt 0.329580 0.035390
vt 0.326420 0.036040
vt 0.330440 0.032780
vt 0.331490 0.033880
vt 0.330430 0.037650
vt 0.330460 0.035000
vt 0.330460 0.030190
vt 0.329830 0.013750
vt 0.329820 0.015270
vt 0.327480 0.015810
vt 0.329860 0.011700
vt 0.329860 0.011300
vt 0.329790 0.017560
vt 0.327470 0.017610
vt 0.327470 0.016480
vt 0.329790 0.017220
vt 0.329840 0.013280
vt 0.329810 0.015760
vt 0.327470 0.016160
vt 0.330560 0.013620
vt 0.331410 0.014540
vt 0.330510 0.017550
vt 0.330540 0.015450
vt 0.330590 0.011360
vt 0.330260 0.281130
vt 0.331540 0.279550
vt 0.440910 0.279550
vt 0.439630 0.281130
vt 0.571050 0.091490
vt 0.569160 0.090270
vt 0.476050 0.230880
vt 0.537070 0.141430
vt 0.481670 0.233310
vt 0.257030 0.230740
vt 0.352330 0.091530
vt 0.474970 0.230410
vt 0.536190 0.141740
vt 0.570900 0.091500
vt 0.115470 0.277400
vt 0.468530 0.236690
vt 0.471700 0.236690
vt 0.473520 0.229460
vt 0.224100 0.276920
vt 0.249890 0.239740
vt 0.443120 0.276940
vt 0.468660 0.239760
vt 0.443430 0.277400
vt 0.224850 0.277400
vt 0.315250 0.141430
vt 0.254770 0.229460
vt 0.316380 0.141430
vt 0.537080 0.141430
vt 0.534000 0.141430
vt 0.474520 0.230020
vt 0.474350 0.229920
vt 0.569990 0.090800
vt 0.569680 0.090610
vt 0.025200 0.301370
vt 0.083750 0.301260
vt 0.087120 0.300200
vt 0.025350 0.300760
vt 0.086390 0.299160
vt 0.025350 0.299940
vt 0.194710 0.297330
vt 0.194670 0.299220
vt 0.194090 0.300900
vt 0.205880 0.141430
vt 0.207000 0.141430
vt 0.424630 0.141430
vt 0.365140 0.230020
vt 0.364970 0.229920
vt 0.460620 0.090800
vt 0.460310 0.090610
vt 0.211400 0.223060
vt 0.207820 0.237850
vt 0.426570 0.237850
vt 0.430150 0.223060
vt 0.317200 0.237850
vt 0.320770 0.223060
vt 0.539520 0.223060
vt 0.535950 0.237850
vt 0.876060 0.363600
vt 0.868670 0.363600
vt 0.868670 0.373520
vt 0.876060 0.373520
vt 0.868670 0.383450
vt 0.876060 0.383450
vt 0.972160 0.007980
vt 0.972160 0.011950
vt 0.964220 0.014080
vt 0.962240 0.010640
vt 0.876060 0.356340
vt 0.868670 0.356340
vt 0.017930 0.010640
vt 0.027850 0.007980
vt 0.027850 0.011950
vt 0.019910 0.014080
vt 0.868670 0.390710
vt 0.876060 0.390710
vt 0.868670 0.393370
vt 0.876060 0.393370
vt 0.868670 0.353680
vt 0.876060 0.353680
vt 0.980100 0.014080
vt 0.985910 0.019890
vt 0.988040 0.027820
vt 0.985910 0.035760
vt 0.980100 0.041570
vt 0.972160 0.043700
vt 0.964220 0.041570
vt 0.958410 0.035760
vt 0.956290 0.027820
vt 0.958410 0.019890
vt 0.027850 0.027820
vt 0.019910 0.041570
vt 0.014100 0.035760
vt 0.010660 0.037750
vt 0.008000 0.027820
vt 0.011970 0.027820
vt 0.017930 0.045010
vt 0.027850 0.043700
vt 0.027850 0.047670
vt 0.035790 0.041570
vt 0.037770 0.045010
vt 0.041600 0.035760
vt 0.045030 0.037750
vt 0.043720 0.027820
vt 0.047690 0.027820
vt 0.041600 0.019890
vt 0.045030 0.017900
vt 0.035790 0.014080
vt 0.037770 0.010640
vt 0.014100 0.019890
vt 0.010660 0.017900
vt 0.982080 0.045010
vt 0.972160 0.047670
vt 0.989350 0.037750
vt 0.992010 0.027820
vt 0.989350 0.017900
vt 0.982080 0.010640
vt 0.954980 0.017900
vt 0.952320 0.027820
vt 0.954980 0.037750
vt 0.962240 0.045010
vt 0.860980 0.363600
vt 0.860980 0.373520
vt 0.860980 0.383450
vt 0.860980 0.356340
vt 0.860980 0.390710
vt 0.860980 0.393370
vt 0.860980 0.353680
vt 0.687960 0.567520
vt 0.687960 0.562170
vt 0.680620 0.562170
vt 0.680620 0.567520
vt 0.673270 0.562170
vt 0.673270 0.567520
vt 0.669250 0.582200
vt 0.665930 0.582200
vt 0.667900 0.589550
vt 0.670770 0.587890
vt 0.693330 0.567520
vt 0.693330 0.562170
vt 0.695300 0.542140
vt 0.691990 0.542140
vt 0.690460 0.536460
vt 0.693330 0.534800
vt 0.667900 0.562170
vt 0.667900 0.567520
vt 0.665930 0.562170
vt 0.665930 0.567520
vt 0.695300 0.562170
vt 0.695300 0.567520
vt 0.674930 0.592050
vt 0.680620 0.593570
vt 0.686300 0.592050
vt 0.690460 0.587890
vt 0.691990 0.582200
vt 0.690460 0.576520
vt 0.686300 0.572360
vt 0.680620 0.570830
vt 0.674930 0.572360
vt 0.670770 0.576520
vt 0.680620 0.542140
vt 0.673270 0.554860
vt 0.674930 0.551990
vt 0.680620 0.553510
vt 0.680620 0.556830
vt 0.670770 0.536460
vt 0.674930 0.532300
vt 0.667900 0.534800
vt 0.673270 0.529420
vt 0.693330 0.549480
vt 0.690460 0.547830
vt 0.687960 0.554860
vt 0.686300 0.551990
vt 0.669250 0.542140
vt 0.665930 0.542140
vt 0.680620 0.527460
vt 0.680620 0.530770
vt 0.667900 0.549480
vt 0.670770 0.547830
vt 0.686300 0.532300
vt 0.687960 0.529420
vt 0.673270 0.569490
vt 0.687960 0.569490
vt 0.693330 0.574860
vt 0.695300 0.582200
vt 0.693330 0.589550
vt 0.687960 0.594920
vt 0.680620 0.596890
vt 0.673270 0.594920
vt 0.667900 0.574860
vt 0.687960 0.556830
vt 0.673270 0.556830
vt 0.693330 0.556830
vt 0.667900 0.556830
vt 0.665930 0.556830
vt 0.695300 0.556830
s 1
usemtl material01
f 1/1/1 2/2/2 3/3/3
f 3/3/3 4/4/4 1/1/1
f 5/5/5 6/6/6 7/7/7
f 7/7/7 8/8/8 5/5/5
f 7/7/7 9/9/9 10/10/10
f 10/10/10 8/8/8 7/7/7
f 11/11/11 12/12/12 13/13/13
f 13/13/13 14/10/10 11/11/11
f 12/12/12 15/14/14 16/15/15
f 16/15/15 13/13/13 12/12/12
f 15/14/14 17/16/16 18/17/17
f 18/17/17 16/15/15 15/14/14
f 18/17/17 17/16/16 19/18/18
f 19/18/18 20/19/19 18/17/17
f 20/19/19 19/18/18 21/20/20
f 21/20/20 22/21/21 20/19/19
f 23/21/22 24/22/23 1/1/1
f 1/1/1 4/4/4 23/21/22
f 2/2/2 1/1/1 25/23/24
f 25/23/24 26/24/25 2/2/2
f 6/6/6 27/25/26 28/26/27
f 28/26/27 7/7/7 6/6/6
f 28/26/27 29/27/28 9/9/9
f 9/9/9 7/7/7 28/26/27
f 30/28/29 31/29/30 12/12/12
f 12/12/12 11/11/11 30/28/29
f 31/29/30 32/30/31 15/14/14
f 15/14/14 12/12/12 31/29/30
f 17/16/16 15/14/14 32/30/31
f 32/30/31 33/31/32 17/16/16
f 17/16/16 33/31/32 34/32/33
f 34/32/33 19/18/18 17/16/16
f 19/18/18 34/32/33 35/33/34
f 35/33/34 21/20/20 19/18/18
f 24/22/23 36/34/35 25/23/24
f 25/23/24 1/1/1 24/22/23
f 26/24/25 25/23/24 37/35/36
f 28/26/27 27/25/26 38/36/37
f 29/27/28 28/26/27 38/36/37
f 38/36/37 39/37/38 29/27/28
f 31/29/30 30/28/29 40/38/39
f 32/30/31 31/29/30 40/38/39
f 40/38/39 41/39/40 32/30/31
f 33/31/32 32/30/31 42/40/41
f 33/31/32 43/41/42 44/42/43
f 44/42/43 34/32/33 33/31/32
f 35/33/34 34/32/33 44/42/43
f 37/35/36 25/23/24 36/34/35
f 36/34/35 45/43/43 37/35/36
f 33/31/32 42/40/41 43/41/42
f 42/40/41 32/30/31 41/39/40
s 0
f 46/44/44 47/45/44 48/46/44
f 49/46/45 50/47/45 51/44/45
s 1
f 52/48/46 4/4/4 3/3/3
f 3/3/3 53/49/47 52/48/46
f 4/4/4 52/48/46 23/21/22
f 10/10/10 54/50/48 8/8/8
f 5/5/5 55/51/49 56/52/50
f 54/50/48 57/53/51 55/51/49
f 58/54/52 59/55/52 60/44/53
f 60/44/53 61/47/53 58/54/52
f 52/48/46 62/56/54 63/57/55
f 57/53/51 64/58/56 65/59/57
f 59/55/52 58/54/52 66/60/58
f 63/57/55 62/56/54 67/61/59
f 57/53/51 54/50/48 64/58/56
f 62/56/54 52/48/46 53/49/47
f 5/5/5 8/8/8 54/50/48
f 54/50/48 55/51/49 5/5/5
f 53/49/47 3/3/3 68/62/60
f 64/58/56 69/63/61 70/64/62
f 70/64/62 65/59/57 64/58/56
f 67/61/59 71/65/63 72/66/64
f 72/66/64 63/57/55 67/61/59
f 69/63/61 73/67/65 74/68/66
f 71/65/63 75/69/67 72/66/64
f 69/63/61 74/68/66 70/64/62
f 72/66/64 75/69/67 76/70/68
f 77/71/69 78/72/70 79/73/71
f 79/73/71 80/74/72 77/71/69
f 81/75/73 82/76/74 83/77/75
f 83/77/75 84/78/76 81/75/73
f 85/79/77 82/76/74 81/75/73
f 86/80/78 87/81/79 88/82/80
f 88/82/80 89/83/81 86/80/78
f 89/83/81 88/82/80 84/78/76
f 84/78/76 83/77/75 89/83/81
f 87/81/79 86/80/78 79/73/71
f 79/73/71 78/72/70 87/81/79
f 90/84/82 78/72/70 77/71/69
f 77/71/69 91/85/83 90/84/82
f 92/86/84 93/87/85 94/88/83
f 94/88/83 95/89/86 92/86/84
f 96/90/87 92/86/84 95/89/86
f 95/89/86 97/91/88 96/90/87
f 98/92/89 99/93/90 100/94/91
f 78/72/70 90/84/82 101/95/92
f 101/95/92 87/81/79 78/72/70
f 93/87/85 92/86/84 102/96/93
f 102/96/93 103/97/94 93/87/85
f 92/86/84 96/90/87 104/98/95
f 104/98/95 102/96/93 92/86/84
f 96/90/87 99/93/90 105/99/96
f 105/99/96 104/98/95 96/90/87
f 87/81/79 101/95/92 106/100/97
f 106/100/97 88/82/80 87/81/79
f 103/97/94 102/96/93 107/101/98
f 107/101/98 108/102/99 103/97/94
f 102/96/93 104/98/95 109/103/100
f 109/103/100 107/101/98 102/96/93
f 104/98/95 105/99/96 110/104/101
f 110/104/101 109/103/100 104/98/95
f 108/102/99 107/101/98 111/105/102
f 111/105/102 112/106/103 108/102/99
f 113/107/104 114/108/105 111/105/102
f 112/106/103 111/105/102 115/109/106
f 115/109/106 116/110/107 112/106/103
f 116/110/107 115/109/106 117/111/108
f 118/112/109 111/105/102 114/108/105
f 109/103/100 110/104/101 113/107/104
f 113/107/104 111/105/102 107/101/98
f 107/101/98 109/103/100 113/107/104
f 85/79/77 119/113/110 82/76/74
f 119/113/110 120/114/111 83/77/75
f 83/77/75 82/76/74 119/113/110
f 120/114/111 121/115/112 89/83/81
f 89/83/81 83/77/75 120/114/111
f 121/115/112 122/116/113 86/80/78
f 86/80/78 89/83/81 121/115/112
f 122/116/113 123/117/114 79/73/71
f 79/73/71 86/80/78 122/116/113
f 123/117/114 124/118/72 125/119/72
s 0
f 126/120/89 127/121/89 128/122/89
f 129/122/89 130/123/89 131/120/89
s 1
f 96/90/87 97/91/88 100/94/91
f 100/94/91 99/93/90 96/90/87
f 132/124/115 133/125/116 134/126/117
f 134/126/117 135/127/118 132/124/115
f 136/128/119 137/129/120 138/130/121
f 138/130/121 139/131/122 136/128/119
f 137/129/120 140/132/123 141/133/124
f 141/133/124 138/130/121 137/129/120
f 140/132/123 142/134/125 143/122/91
f 143/122/91 141/133/124 140/132/123
f 143/122/91 142/134/125 144/123/89
f 145/135/126 146/136/127 133/125/116
f 133/125/116 132/124/115 145/135/126
f 140/132/123 147/137/128 142/134/125
f 146/136/127 145/135/126 148/138/129
f 148/138/129 149/139/130 146/136/127
f 150/140/131 151/141/132 152/142/133
f 151/141/132 150/140/131 153/143/134
f 149/139/130 148/138/129 154/144/135
f 154/144/135 155/145/136 149/139/130
f 156/146/137 150/140/131 157/147/138
f 157/147/138 158/148/139 156/146/137
f 147/137/128 140/132/123 153/143/134
f 140/132/123 151/141/132 153/143/134
f 158/148/139 159/149/140 156/146/137
f 160/150/141 161/151/142 162/152/143
f 163/153/144 164/154/145 165/155/146
f 163/153/144 166/156/147 162/152/143
f 167/157/148 155/145/136 154/144/135
f 154/144/135 168/158/149 167/157/148
f 161/151/142 169/159/150 170/160/151
f 171/161/152 165/155/146 164/154/145
f 154/144/135 171/161/152 168/158/149
f 169/159/150 172/162/153 170/160/151
f 173/163/154 167/157/148 168/158/149
f 174/164/155 175/165/156 176/166/157
f 176/166/157 175/165/156 158/148/139
f 158/148/139 177/167/158 176/166/157
f 177/167/158 158/148/139 157/147/138
f 157/147/138 178/168/159 177/167/158
f 178/168/159 157/147/138 179/169/160
f 179/169/160 180/170/161 178/168/159
f 164/154/145 170/160/151 172/162/153
f 167/157/148 173/163/154 181/171/162
f 168/158/149 164/154/145 182/172/163
f 183/173/164 184/174/165 154/144/135
f 154/144/135 148/138/129 183/173/164
f 185/175/166 186/176/167 160/150/141
f 160/150/141 162/152/143 185/175/166
f 166/156/147 185/175/166 162/152/143
f 187/177/168 186/176/167 185/175/166
f 185/175/166 188/178/72 187/177/168
f 189/179/72 190/180/72 191/181/72
f 125/119/72 80/74/72 79/73/71
f 125/119/72 79/73/71 123/117/114
f 192/182/169 81/75/73 84/78/76
f 84/78/76 193/183/170 192/182/169
f 193/183/170 84/78/76 88/82/80
f 88/82/80 106/100/97 193/183/170
f 81/75/73 194/184/171 85/79/77
f 81/75/73 192/182/169 194/184/171
f 111/105/102 118/112/109 115/109/106
f 168/158/149 182/172/163 173/163/154
f 195/185/172 182/172/163 164/154/145
f 164/154/145 172/162/153 195/185/172
f 163/153/144 162/152/143 170/160/151
f 170/160/151 162/152/143 161/151/142
f 171/161/152 164/154/145 168/158/149
f 154/144/135 184/174/165 171/161/152
f 158/148/139 175/165/156 159/149/140
f 170/160/151 164/154/145 163/153/144
f 196/186/173 137/129/120 197/187/174
f 198/188/175 199/189/176 152/142/133
f 152/142/133 200/190/177 198/188/175
f 201/191/178 202/192/179 203/193/180
f 203/193/180 204/194/181 201/191/178
f 205/195/182 206/196/183 201/191/178
f 201/191/178 204/194/181 205/195/182
f 179/169/160 197/187/174 180/170/161
f 197/187/174 136/128/119 180/170/161
f 137/129/120 136/128/119 197/187/174
f 137/129/120 196/186/173 200/190/177
f 200/190/177 140/132/123 137/129/120
f 207/197/184 208/198/185 179/169/160
f 209/196/186 210/199/187 211/191/188
f 210/199/187 212/200/189 213/192/190
f 213/192/190 211/191/188 210/199/187
f 214/200/191 215/201/192 216/193/193
f 216/193/193 217/192/194 214/200/191
f 215/201/192 218/202/195 216/193/193
f 219/202/196 220/203/197 221/194/198
f 221/194/198 222/193/199 219/202/196
f 220/203/197 223/195/200 221/194/198
f 199/189/176 207/197/184 179/169/160
f 179/169/160 152/142/133 199/189/176
f 152/142/133 179/169/160 157/147/138
f 152/142/133 157/147/138 150/140/131
f 152/142/133 140/132/123 200/190/177
f 152/142/133 151/141/132 140/132/123
f 179/169/160 208/198/185 197/187/174
f 224/204/201 225/205/202 226/206/203
f 226/206/203 227/207/204 224/204/201
f 228/208/205 229/209/206 230/210/207
f 230/210/207 231/211/208 228/208/205
f 232/212/209 228/208/205 231/211/208
f 233/213/210 234/214/211 235/215/212
f 235/215/212 236/216/213 233/213/210
f 234/214/211 230/210/207 229/209/206
f 229/209/206 235/215/212 234/214/211
f 236/216/213 227/207/204 226/206/203
f 226/206/203 233/213/210 236/216/213
f 237/217/214 238/218/215 224/204/201
f 224/204/201 227/207/204 237/217/214
f 239/219/216 240/220/217 241/221/215
f 241/221/215 242/222/218 239/219/216
f 243/223/219 244/224/220 240/220/217
f 240/220/217 239/219/216 243/223/219
f 245/225/221 246/226/222 247/227/223
f 227/207/204 236/216/213 248/228/224
f 248/228/224 237/217/214 227/207/204
f 242/222/218 249/229/225 250/230/226
f 250/230/226 239/219/216 242/222/218
f 239/219/216 250/230/226 251/231/227
f 251/231/227 243/223/219 239/219/216
f 243/223/219 251/231/227 252/232/228
f 252/232/228 247/227/223 243/223/219
f 236/216/213 235/215/212 253/233/229
f 253/233/229 248/228/224 236/216/213
f 249/229/225 254/234/230 255/235/231
f 255/235/231 250/230/226 249/229/225
f 250/230/226 255/235/231 256/236/232
f 256/236/232 251/231/227 250/230/226
f 251/231/227 256/236/232 257/237/233
f 257/237/233 252/232/228 251/231/227
f 254/234/230 258/238/234 259/239/235
f 259/239/235 255/235/231 254/234/230
f 260/240/236 259/239/235 261/241/237
f 258/238/234 262/242/238 263/243/239
f 263/243/239 259/239/235 258/238/234
f 262/242/238 264/244/240 263/243/239
f 265/245/241 261/241/237 259/239/235
f 256/236/232 260/240/236 257/237/233
f 260/240/236 256/236/232 255/235/231
f 255/235/231 259/239/235 260/240/236
f 232/212/209 231/211/208 266/246/242
f 266/246/242 231/211/208 230/210/207
f 230/210/207 267/247/243 266/246/242
f 267/247/243 230/210/207 234/214/211
f 234/214/211 268/248/244 267/247/243
f 268/248/244 234/214/211 233/213/210
f 233/213/210 269/249/245 268/248/244
f 269/249/245 233/213/210 226/206/203
f 226/206/203 270/250/246 269/249/245
f 270/250/246 271/251/202 272/252/202
s 0
f 273/253/221 274/254/221 275/255/221
f 276/255/221 277/256/221 278/253/221
s 1
f 243/223/219 246/226/222 244/224/220
f 246/226/222 243/223/219 247/227/223
f 279/257/247 280/258/248 281/259/249
f 281/259/249 282/260/250 279/257/247
f 283/261/251 284/262/252 285/263/253
f 285/263/253 286/264/254 283/261/251
f 286/264/254 285/263/253 287/265/255
f 287/265/255 288/266/256 286/264/254
f 288/266/256 287/265/255 289/255/222
f 289/255/222 290/267/257 288/266/256
f 289/255/222 291/254/221 290/267/257
f 292/268/258 279/257/247 282/260/250
f 282/260/250 293/269/259 292/268/258
f 288/266/256 290/267/257 294/270/260
f 295/271/261 296/272/262 297/273/263
f 297/273/263 298/274/264 295/271/261
f 299/275/265 295/271/261 300/276/266
f 300/276/266 301/277/267 299/275/265
f 294/270/260 298/274/264 288/266/256
f 288/266/256 298/274/264 297/273/263
f 301/277/267 300/276/266 302/278/268
f 303/279/269 304/280/270 305/281/271
f 306/282/272 307/283/273 308/284/274
f 306/282/272 304/280/270 309/285/275
f 305/281/271 310/286/276 311/287/277
f 312/288/278 308/284/274 307/283/273
f 313/289/279 314/290/280 312/288/278
f 311/287/277 310/286/276 315/291/281
f 316/292/282 314/290/280 317/293/283
f 318/294/284 319/295/285 320/296/286
f 308/284/274 315/291/281 310/286/276
f 317/293/283 321/297/287 316/292/282
f 314/290/280 322/298/288 308/284/274
f 323/299/289 313/289/279 324/300/290
f 325/301/291 304/280/270 303/279/269
f 303/279/269 326/302/292 325/301/291
f 309/285/275 304/280/270 325/301/291
f 327/303/293 328/304/202 325/301/291
f 325/301/291 326/302/292 327/303/293
f 329/305/202 330/306/202 331/307/202
f 271/251/202 226/206/203 225/205/202
f 271/251/202 270/250/246 226/206/203
f 332/308/294 333/309/295 229/209/206
f 229/209/206 228/208/205 332/308/294
f 333/309/295 253/233/229 235/215/212
f 235/215/212 229/209/206 333/309/295
f 228/208/205 232/212/209 334/310/296
f 228/208/205 334/310/296 332/308/294
f 259/239/235 263/243/239 265/245/241
f 314/290/280 316/292/282 322/298/288
f 335/311/297 308/284/274 322/298/288
f 308/284/274 335/311/297 315/291/281
f 306/282/272 310/286/276 304/280/270
f 310/286/276 305/281/271 304/280/270
f 312/288/278 314/290/280 308/284/274
f 313/289/279 312/288/278 336/312/298
f 301/277/267 302/278/268 320/296/286
f 310/286/276 306/282/272 308/284/274
f 337/313/299 338/314/300 286/264/254
f 339/315/301 340/316/302 296/272/262
f 296/272/262 341/317/303 339/315/301
f 342/318/304 343/319/305 344/320/306
f 344/320/306 345/321/307 342/318/304
f 346/322/308 343/319/305 342/318/304
f 342/318/304 347/323/309 346/322/308
f 348/324/310 349/325/311 338/314/300
f 338/314/300 349/325/311 283/261/251
f 286/264/254 338/314/300 283/261/251
f 286/264/254 340/316/302 337/313/299
f 340/316/302 286/264/254 288/266/256
f 350/326/312 348/324/310 351/327/313
f 352/323/314 353/318/315 354/328/316
f 354/328/316 353/318/315 355/321/317
f 355/321/317 356/329/318 354/328/316
f 357/329/319 358/321/320 359/320/321
f 359/320/321 360/330/322 357/329/319
f 360/330/322 359/320/321 361/331/323
f 362/331/324 363/320/325 364/319/326
f 364/319/326 365/332/327 362/331/324
f 365/332/327 364/319/326 366/322/328
f 341/317/303 296/272/262 348/324/310
f 348/324/310 350/326/312 341/317/303
f 296/272/262 299/275/265 348/324/310
f 296/272/262 295/271/261 299/275/265
f 296/272/262 340/316/302 288/266/256
f 296/272/262 288/266/256 297/273/263
f 348/324/310 338/314/300 351/327/313
f 367/333/329 368/334/330 369/335/331
f 369/335/331 370/336/332 367/333/329
f 371/337/333 368/334/330 367/333/329
f 367/333/329 372/338/334 371/337/333
f 373/339/335 374/340/336 375/341/337
f 376/342/338 377/343/339 378/344/340
f 378/344/340 379/345/341 376/342/338
f 370/336/332 380/346/342 381/347/343
f 381/347/343 367/333/329 370/336/332
f 367/333/329 381/347/343 382/348/344
f 382/348/344 372/338/334 367/333/329
f 383/349/345 384/350/346 381/347/343
f 385/351/347 383/349/345 381/347/343
f 380/346/342 385/351/347 381/347/343
f 381/347/343 384/350/346 382/348/344
f 385/351/347 386/352/348 387/353/349
f 387/353/349 383/349/345 385/351/347
f 369/335/331 368/334/330 374/340/336
f 374/340/336 388/354/350 369/335/331
f 368/334/330 371/337/333 375/341/337
f 375/341/337 374/340/336 368/334/330
f 388/354/350 374/340/336 373/339/335
f 373/339/335 389/355/351 388/354/350
f 389/355/351 373/339/335 379/345/341
f 379/345/341 378/344/340 389/355/351
f 390/333/352 391/336/353 392/335/354
f 392/335/354 393/334/355 390/333/352
f 394/337/356 395/338/357 390/333/352
f 390/333/352 393/334/355 394/337/356
f 396/339/358 397/341/359 398/340/360
f 399/342/361 400/345/362 401/344/363
f 401/344/363 402/343/364 399/342/361
f 391/336/353 390/333/352 403/347/365
f 403/347/365 404/346/366 391/336/353
f 390/333/352 395/338/357 405/348/367
f 405/348/367 403/347/365 390/333/352
f 403/347/365 406/350/368 407/349/369
f 403/347/365 407/349/369 408/351/370
f 404/346/366 403/347/365 408/351/370
f 403/347/365 405/348/367 406/350/368
f 408/351/370 407/349/369 409/353/371
f 409/353/371 410/352/372 408/351/370
f 392/335/354 411/354/373 398/340/360
f 398/340/360 393/334/355 392/335/354
f 393/334/355 398/340/360 397/341/359
f 397/341/359 394/337/356 393/334/355
f 411/354/373 412/355/374 396/339/358
f 396/339/358 398/340/360 411/354/373
f 412/355/374 401/344/363 400/345/362
f 400/345/362 396/339/358 412/355/374
f 293/269/259 413/356/375 323/299/289
f 323/299/289 292/268/258 293/269/259
f 413/356/375 414/357/376 313/289/279
f 313/289/279 323/299/289 413/356/375
f 317/293/283 314/290/280 313/289/279
f 313/289/279 414/357/376 317/293/283
f 319/295/285 415/358/377 301/277/267
f 301/277/267 320/296/286 319/295/285
f 415/358/377 416/359/378 299/275/265
f 299/275/265 301/277/267 415/358/377
f 416/359/378 349/325/311 348/324/310
f 348/324/310 299/275/265 416/359/378
f 148/138/129 417/360/379 418/361/380
f 418/361/380 183/173/164 148/138/129
f 148/138/129 145/135/126 419/362/381
f 419/362/381 417/360/379 148/138/129
f 145/135/126 420/124/382 421/363/383
f 421/363/383 419/362/381 145/135/126
f 422/127/384 423/364/385 421/363/383
f 421/363/383 420/124/382 422/127/384
f 423/364/385 422/127/384 424/365/386
f 424/365/386 425/366/387 423/364/385
f 323/299/289 426/367/388 427/368/389
f 427/368/389 292/268/258 323/299/289
f 292/268/258 427/368/389 428/369/390
f 428/369/390 429/257/391 292/268/258
f 430/258/392 429/257/391 428/369/390
f 428/369/390 431/370/393 430/258/392
f 431/370/393 432/371/394 433/372/395
f 433/372/395 430/258/392 431/370/393
f 434/373/396 435/374/397 436/375/398
f 437/376/399 438/377/400 439/178/401
f 439/178/401 440/378/402 437/376/399
f 441/379/403 442/175/404 443/156/405
f 443/156/405 444/380/406 441/379/403
f 440/378/402 439/178/401 442/175/404
f 442/175/404 441/379/403 440/378/402
f 445/381/407 446/382/408 447/383/409
f 447/383/409 448/384/410 445/381/407
f 445/381/407 449/385/411 450/304/412
f 450/304/412 446/382/408 445/381/407
f 451/386/413 452/387/414 453/285/415
f 453/285/415 454/301/416 451/386/413
f 449/385/411 451/386/413 454/301/416
f 454/301/416 450/304/412 449/385/411
f 435/374/397 438/377/400 437/376/399
f 437/376/399 436/375/398 435/374/397
f 447/383/409 455/388/417 448/384/410
f 323/299/289 324/300/290 456/389/418
f 456/389/418 426/367/388 323/299/289
f 313/289/279 336/312/298 324/300/290
f 457/390/419 458/391/420 459/392/421
f 459/392/421 460/393/422 457/390/419
f 458/391/420 457/390/419 461/394/423
f 461/394/423 462/395/424 458/391/420
f 463/396/425 460/393/422 464/397/426
f 457/390/419 465/398/427 461/394/423
f 466/399/428 467/400/429 468/401/430
f 468/401/430 469/402/425 466/399/428
f 460/393/422 465/398/427 457/390/419
f 460/393/422 463/396/425 465/398/427
f 470/403/431 471/404/432 472/405/433
f 472/405/433 473/406/434 470/403/431
f 474/407/435 470/403/431 473/406/434
f 473/406/434 475/408/436 474/407/435
f 476/409/437 474/407/435 475/408/436
f 475/408/436 477/410/438 476/409/437
f 478/411/439 476/409/437 477/410/438
f 477/410/438 479/412/440 478/411/439
f 480/413/441 478/411/439 479/412/440
f 479/412/440 481/414/442 480/413/441
f 482/415/443 480/413/441 481/414/442
f 481/414/442 483/416/444 482/415/443
f 484/417/445 485/418/446 486/419/447
f 486/419/447 487/420/448 484/417/445
f 485/418/446 484/417/445 488/421/449
f 488/421/449 489/422/450 485/418/446
f 490/423/451 491/424/449 492/425/452
f 492/425/452 493/426/453 490/423/451
f 493/426/453 492/425/452 494/427/454
f 494/427/454 495/428/455 493/426/453
f 495/428/455 494/427/454 496/429/456
f 496/429/456 497/430/457 495/428/455
f 498/431/458 499/432/459 473/406/434
f 473/406/434 472/405/433 498/431/458
f 499/432/459 500/433/460 475/408/436
f 475/408/436 473/406/434 499/432/459
f 500/433/460 501/434/461 477/410/438
f 477/410/438 475/408/436 500/433/460
f 502/435/462 503/436/463 481/414/442
f 481/414/442 479/412/440 502/435/462
f 503/436/463 504/437/464 483/416/444
f 483/416/444 481/414/442 503/436/463
f 505/438/465 506/439/466 507/440/467
f 507/440/467 508/441/468 505/438/465
f 509/442/469 488/421/449 484/417/445
f 484/417/445 508/441/468 509/442/469
f 491/424/449 510/443/469 511/444/470
f 511/444/470 492/425/452 491/424/449
f 492/425/452 511/444/470 512/445/471
f 512/445/471 494/427/454 492/425/452
f 513/446/472 496/429/456 494/427/454
f 494/427/454 512/445/471 513/446/472
f 514/447/473 515/448/474 516/449/475
f 516/449/475 517/450/476 514/447/473
f 518/451/477 514/447/473 517/450/476
f 517/450/476 519/452/478 518/451/477
f 520/453/479 518/451/477 519/452/478
f 519/452/478 521/454/480 520/453/479
f 522/455/421 523/456/481 524/457/422
f 517/450/476 516/449/475 525/458/482
f 519/452/478 526/459/483 527/460/426
f 521/454/480 519/452/478 527/460/426
f 526/459/483 528/461/484 529/462/485
f 527/460/426 526/459/483 530/463/429
f 526/459/483 529/462/485 530/463/429
f 526/459/483 519/452/478 517/450/476
f 526/459/483 525/458/482 528/461/484
f 525/458/482 526/459/483 517/450/476
f 531/464/486 532/465/487 533/466/423
f 533/466/423 534/467/488 531/464/486
f 535/468/489 536/469/490 537/470/491
f 537/470/491 538/471/492 535/468/489
f 539/472/493 540/473/494 538/471/492
f 538/471/492 537/470/491 539/472/493
f 541/474/495 542/475/496 543/476/497
f 543/476/497 544/477/498 541/474/495
f 534/467/488 533/466/423 545/478/499
f 545/478/499 546/479/500 534/467/488
f 536/469/490 547/480/501 548/481/502
f 548/481/502 537/470/491 536/469/490
f 537/470/491 548/481/502 549/482/503
f 549/482/503 539/472/493 537/470/491
f 542/475/496 550/483/504 551/484/505
f 551/484/505 543/476/497 542/475/496
f 546/479/500 545/478/499 552/485/506
f 552/485/506 553/486/507 546/479/500
f 547/480/501 554/487/508 555/488/509
f 555/488/509 548/481/502 547/480/501
f 556/489/510 549/482/503 548/481/502
f 548/481/502 555/488/509 556/489/510
f 557/490/511 551/484/505 550/483/504
f 550/483/504 558/491/510 557/490/511
f 559/492/512 560/493/513 551/484/505
f 551/484/505 557/490/511 559/492/512
f 560/493/513 559/492/512 561/494/514
f 561/494/514 562/495/515 560/493/513
f 563/496/516 545/478/499 533/466/423
f 533/466/423 564/497/427 563/496/516
f 565/498/517 566/499/518 567/500/519
f 564/497/427 568/498/425 563/496/516
f 569/501/520 552/485/506 545/478/499
f 570/502/521 571/503/522 572/504/523
f 573/505/524 574/506/525 575/507/526
f 575/507/526 576/508/527 573/505/524
f 567/500/519 566/499/518 577/509/528
f 577/509/528 578/510/529 567/500/519
f 574/506/525 567/500/519 578/510/529
f 578/510/529 575/507/526 574/506/525
f 579/511/530 580/512/531 581/513/532
f 581/513/532 582/514/533 579/511/530
f 583/515/534 584/516/535 585/517/536
f 585/517/536 586/518/537 583/515/534
f 587/519/538 588/520/539 589/521/540
f 589/521/540 590/522/541 587/519/538
f 591/523/542 592/524/543 590/522/541
f 590/522/541 589/521/540 591/523/542
f 593/525/544 594/526/545 592/524/543
f 592/524/543 591/523/542 593/525/544
f 595/527/546 596/528/547 597/529/548
f 597/529/548 598/530/549 595/527/546
f 599/531/550 600/532/551 601/533/552
f 601/533/552 602/534/553 599/531/550
f 596/528/547 599/531/550 602/534/553
f 602/534/553 597/529/548 596/528/547
f 580/512/531 603/535/554 604/536/555
f 604/536/555 581/513/532 580/512/531
f 603/535/554 595/527/546 598/530/549
f 598/530/549 604/536/555 603/535/554
f 582/514/533 581/513/532 605/537/556
f 584/516/535 605/537/556 585/517/536
f 588/520/539 585/517/536 605/537/556
f 589/521/540 588/520/539 605/537/556
f 591/523/542 589/521/540 605/537/556
f 593/525/544 591/523/542 605/537/556
f 598/530/549 597/529/548 605/537/556
f 602/534/553 601/533/552 605/537/556
f 597/529/548 602/534/553 605/537/556
f 581/513/532 604/536/555 605/537/556
f 604/536/555 598/530/549 605/537/556
f 606/538/557 607/539/558 580/512/531
f 580/512/531 579/511/530 606/538/557
f 608/540/559 583/515/534 586/518/537
f 586/518/537 609/541/560 608/540/559
f 590/522/541 610/542/561 611/543/562
f 611/543/562 587/519/538 590/522/541
f 610/542/561 590/522/541 592/524/543
f 592/524/543 612/544/563 610/542/561
f 612/544/563 592/524/543 594/526/545
f 594/526/545 613/545/564 612/544/563
f 614/546/565 615/547/566 596/528/547
f 596/528/547 595/527/546 614/546/565
f 616/548/567 617/549/568 600/532/551
f 600/532/551 599/531/550 616/548/567
f 615/547/566 616/548/567 599/531/550
f 599/531/550 596/528/547 615/547/566
f 607/539/558 618/550/569 603/535/554
f 603/535/554 580/512/531 607/539/558
f 618/550/569 614/546/565 595/527/546
f 595/527/546 603/535/554 618/550/569
f 588/520/539 587/519/538 586/518/537
f 586/518/537 585/517/536 588/520/539
f 587/519/538 611/543/562 609/541/560
f 609/541/560 586/518/537 587/519/538
f 611/543/562 619/551/570 620/552/571
f 620/552/571 609/541/560 611/543/562
f 621/553/509 620/552/571 619/551/570
f 619/551/570 622/554/572 621/553/509
f 515/448/474 514/447/473 623/555/573
f 623/555/573 624/556/574 515/448/474
f 514/447/473 518/451/477 625/557/575
f 625/557/575 623/555/573 514/447/473
f 518/451/477 520/453/479 626/558/576
f 626/558/576 625/557/575 518/451/477
f 627/559/577 522/455/421 628/560/420
f 628/560/420 532/465/487 629/561/578
f 627/559/577 628/560/420 629/561/578
f 532/465/487 531/464/486 630/562/579
f 630/562/579 629/561/578 532/465/487
f 506/439/466 535/468/489 538/471/492
f 538/471/492 507/440/467 506/439/466
f 540/473/494 631/563/580 507/440/467
f 507/440/467 538/471/492 540/473/494
f 544/477/498 632/564/581 633/565/582
f 633/565/582 541/474/495 544/477/498
f 471/404/432 470/403/431 634/566/583
f 634/566/583 635/567/584 471/404/432
f 470/403/431 474/407/435 636/568/585
f 636/568/585 634/566/583 470/403/431
f 474/407/435 476/409/437 637/569/586
f 637/569/586 636/568/585 474/407/435
f 476/409/437 478/411/439 638/570/587
f 638/570/587 637/569/586 476/409/437
f 478/411/439 480/413/441 639/571/588
f 639/571/588 638/570/587 478/411/439
f 480/413/441 482/415/443 640/572/589
f 640/572/589 639/571/588 480/413/441
f 641/573/590 640/572/589 642/574/591
f 485/418/446 642/574/591 486/419/447
f 489/422/450 643/575/592 644/576/593
f 644/576/593 485/418/446 489/422/450
f 493/426/453 645/577/594 646/578/595
f 646/578/595 490/423/451 493/426/453
f 495/428/455 647/579/596 645/577/594
f 645/577/594 493/426/453 495/428/455
f 497/430/457 648/580/597 647/579/596
f 647/579/596 495/428/455 497/430/457
f 649/581/584 650/582/583 651/583/598
f 651/583/598 652/584/599 649/581/584
f 650/582/583 653/585/585 654/586/600
f 654/586/600 651/583/598 650/582/583
f 653/585/585 655/587/586 656/588/601
f 656/588/601 654/586/600 653/585/585
f 655/587/586 657/589/587 658/590/602
f 658/590/602 656/588/601 655/587/586
f 657/589/587 659/591/588 660/592/603
f 660/592/603 658/590/602 657/589/587
f 659/591/588 661/593/589 662/594/604
f 662/594/604 660/592/603 659/591/588
f 663/595/605 662/594/604 661/593/589
f 661/593/589 664/118/590 663/595/605
f 665/596/593 666/597/606 663/595/605
f 663/595/605 664/118/590 665/596/593
f 667/598/592 668/599/607 666/597/606
f 666/597/606 665/596/593 667/598/592
f 669/600/594 670/601/608 671/602/609
f 671/602/609 672/603/595 669/600/594
f 673/604/596 674/605/610 670/601/608
f 670/601/608 669/600/594 673/604/596
f 675/606/597 676/607/611 674/605/610
f 674/605/610 673/604/596 675/606/597
f 652/584/599 651/583/598 677/608/612
f 677/608/612 678/609/613 652/584/599
f 651/583/598 654/586/600 679/610/614
f 679/610/614 677/608/612 651/583/598
f 654/586/600 656/588/601 680/611/615
f 680/611/615 679/610/614 654/586/600
f 656/588/601 658/590/602 681/612/616
f 681/612/616 680/611/615 656/588/601
f 658/590/602 660/592/603 682/613/617
f 682/613/617 681/612/616 658/590/602
f 683/614/618 684/615/619 682/613/617
f 662/594/604 663/595/605 685/616/620
f 685/616/620 683/614/618 662/594/604
f 666/597/606 686/617/621 685/616/620
f 685/616/620 663/595/605 666/597/606
f 668/599/607 687/618/622 686/617/621
f 686/617/621 666/597/606 668/599/607
f 670/601/608 688/619/623 689/620/624
f 689/620/624 671/602/609 670/601/608
f 674/605/610 690/621/625 688/619/623
f 688/619/623 670/601/608 674/605/610
f 676/607/611 691/622/626 690/621/625
f 690/621/625 674/605/610 676/607/611
f 678/609/613 677/608/612 692/623/627
f 677/608/612 679/610/614 693/624/628
f 693/624/628 694/625/629 677/608/612
f 679/610/614 680/611/615 695/626/630
f 695/626/630 693/624/628 679/610/614
f 680/611/615 681/612/616 696/627/631
f 696/627/631 697/628/632 680/611/615
f 681/612/616 682/613/617 698/629/633
f 698/629/633 696/627/631 681/612/616
f 682/613/617 684/615/619 699/630/634
f 699/630/634 698/629/633 682/613/617
f 684/615/619 700/631/635 701/632/636
f 701/632/636 699/630/634 684/615/619
f 702/633/637 703/634/638 701/632/636
f 701/632/636 700/631/635 702/633/637
f 704/635/639 705/636/640 703/634/638
f 703/634/638 702/633/637 704/635/639
f 706/637/641 707/638/639 708/639/642
f 708/639/642 709/640/643 706/637/641
f 710/641/644 711/642/645 709/640/643
f 709/640/643 708/639/642 710/641/644
f 712/643/646 713/644/647 711/642/645
f 711/642/645 710/641/644 712/643/646
f 683/614/618 685/616/620 700/631/635
f 700/631/635 684/615/619 683/614/618
f 686/617/621 702/633/637 700/631/635
f 700/631/635 685/616/620 686/617/621
f 687/618/622 704/635/639 702/633/637
f 702/633/637 686/617/621 687/618/622
f 707/638/639 689/620/624 688/619/623
f 688/619/623 708/639/642 707/638/639
f 690/621/625 710/641/644 708/639/642
f 708/639/642 688/619/623 690/621/625
f 691/622/626 712/643/646 710/641/644
f 710/641/644 690/621/625 691/622/626
f 714/645/648 715/646/649 716/647/650
f 716/647/650 694/625/629 714/645/648
f 694/625/629 693/624/628 717/648/651
f 717/648/651 714/645/648 694/625/629
f 693/624/628 695/626/630 718/649/652
f 718/649/652 717/648/651 693/624/628
f 697/628/632 696/627/631 719/650/653
f 719/650/653 720/651/654 697/628/632
f 696/627/631 698/629/633 721/652/655
f 721/652/655 719/650/653 696/627/631
f 698/629/633 699/630/634 722/653/656
f 722/653/656 721/652/655 698/629/633
f 699/630/634 701/632/636 723/654/657
f 723/654/657 722/653/656 699/630/634
f 703/634/638 724/655/658 723/654/657
f 723/654/657 701/632/636 703/634/638
f 705/636/640 725/656/659 724/655/658
f 724/655/658 703/634/638 705/636/640
f 726/657/660 706/637/641 709/640/643
f 709/640/643 727/658/661 726/657/660
f 711/642/645 728/659/662 727/658/661
f 727/658/661 709/640/643 711/642/645
f 713/644/647 729/660/663 728/659/662
f 728/659/662 711/642/645 713/644/647
f 715/646/649 714/645/648 730/661/664
f 730/661/664 731/662/665 715/646/649
f 714/645/648 717/648/651 732/663/666
f 732/663/666 730/661/664 714/645/648
f 717/648/651 718/649/652 733/664/667
f 733/664/667 732/663/666 717/648/651
f 720/651/654 719/650/653 734/665/668
f 734/665/668 735/666/669 720/651/654
f 719/650/653 721/652/655 736/667/670
f 736/667/670 737/668/671 734/665/668
f 719/650/653 736/667/670 734/665/668
f 725/656/659 738/669/672 739/670/673
f 726/657/660 727/658/661 740/671/674
f 728/659/662 741/672/675 740/671/674
f 740/671/674 727/658/661 728/659/662
f 741/672/675 728/659/662 729/660/663
f 729/660/663 742/673/676 741/672/675
f 743/674/677 744/675/678 736/667/670
f 736/667/670 721/652/655 722/653/656
f 722/653/656 743/674/677 736/667/670
f 724/655/658 745/676/679 744/675/678
f 744/675/678 723/654/657 724/655/658
f 744/675/678 743/674/677 722/653/656
f 722/653/656 723/654/657 744/675/678
f 737/668/671 736/667/670 744/675/678
f 744/675/678 745/676/679 737/668/671
f 745/676/679 739/670/673 746/677/680
f 746/677/680 747/678/681 745/676/679
f 748/679/682 746/677/680 739/670/673
f 739/670/673 738/669/672 748/679/682
f 740/671/674 741/672/675 749/680/683
f 749/680/683 750/681/684 740/671/674
f 749/680/683 741/672/675 742/673/676
f 742/673/676 751/682/685 749/680/683
f 745/676/679 747/678/681 752/683/686
f 752/683/686 737/668/671 745/676/679
f 753/684/687 754/685/688 731/662/665
f 731/662/665 730/661/664 753/684/687
f 755/686/689 753/684/687 730/661/664
f 730/661/664 732/663/666 755/686/689
f 756/687/690 755/686/689 732/663/666
f 732/663/666 733/664/667 756/687/690
f 735/666/669 734/665/668 757/688/691
f 757/688/691 758/689/692 735/666/669
f 737/668/671 752/683/686 757/688/691
f 757/688/691 734/665/668 737/668/671
f 747/678/681 746/677/680 759/690/693
f 759/690/693 760/691/694 747/678/681
f 746/677/680 748/679/682 761/692/695
f 761/692/695 759/690/693 746/677/680
f 750/681/684 749/680/683 762/693/696
f 762/693/696 763/694/697 750/681/684
f 752/683/686 747/678/681 760/691/694
f 764/695/698 765/696/699 754/685/688
f 754/685/688 753/684/687 764/695/698
f 766/697/700 764/695/698 753/684/687
f 753/684/687 755/686/689 766/697/700
f 755/686/689 756/687/690 766/697/700
f 760/691/694 767/698/701 757/688/691
f 757/688/691 752/683/686 760/691/694
f 768/699/702 760/691/694 759/690/693
f 759/690/693 769/700/703 768/699/702
f 759/690/693 761/692/695 770/701/704
f 770/701/704 769/700/703 759/690/693
f 763/694/697 762/693/696 771/702/705
f 772/703/706 765/696/699 764/695/698
f 764/695/698 773/704/707 772/703/706
f 764/695/698 766/697/700 773/704/707
f 774/705/708 775/706/709 776/707/710
f 776/707/710 767/698/701 774/705/708
f 768/699/702 774/705/708 767/698/701
f 767/698/701 760/691/694 768/699/702
f 777/708/711 768/699/702 769/700/703
f 769/700/703 778/709/712 777/708/711
f 779/710/713 778/709/712 769/700/703
f 769/700/703 770/701/704 779/710/713
f 771/702/705 780/711/714 781/712/715
f 772/703/706 773/704/707 782/713/716
f 783/714/717 784/715/718 785/716/719
f 785/716/719 775/706/709 783/714/717
f 786/717/720 783/714/717 775/706/709
f 775/706/709 774/705/708 786/717/720
f 777/708/711 786/717/720 774/705/708
f 774/705/708 768/699/702 777/708/711
f 787/718/721 777/708/711 778/709/712
f 778/709/712 788/719/722 787/718/721
f 788/719/722 778/709/712 779/710/713
f 779/710/713 789/720/723 788/719/722
f 789/720/723 779/710/713 790/721/715
f 790/721/715 791/722/724 789/720/723
f 792/723/725 793/724/726 794/725/716
f 794/725/716 784/715/718 792/723/725
f 792/723/725 784/715/718 783/714/717
f 795/726/727 792/723/725 783/714/717
f 783/714/717 786/717/720 795/726/727
f 787/718/721 795/726/727 786/717/720
f 786/717/720 777/708/711 787/718/721
f 660/592/603 662/594/604 683/614/618
f 682/613/617 660/592/603 683/614/618
f 796/727/728 797/728/729 798/729/730
f 798/729/730 799/730/731 796/727/728
f 800/731/732 799/730/731 798/729/730
f 798/729/730 801/732/733 800/731/732
f 801/732/733 802/733/734 803/734/735
f 803/734/735 800/731/732 801/732/733
f 804/735/736 805/736/737 806/737/738
f 806/737/738 807/738/739 804/735/736
f 805/736/737 808/739/740 809/740/741
f 809/740/741 806/737/738 805/736/737
f 810/741/742 811/742/743 809/740/741
f 809/740/741 808/739/740 810/741/742
f 812/743/744 813/744/745 798/729/730
f 813/744/745 814/745/746 802/733/734
f 802/733/734 801/732/733 813/744/745
f 809/740/741 815/746/747 806/737/738
f 811/742/743 816/747/746 815/746/747
f 815/746/747 809/740/741 811/742/743
f 796/727/728 817/748/748 818/749/749
f 799/730/731 819/750/750 817/748/748
f 817/748/748 796/727/728 799/730/731
f 799/730/731 800/731/732 820/751/751
f 820/751/751 819/750/750 799/730/731
f 821/752/752 820/751/751 800/731/732
f 800/731/732 803/734/735 821/752/752
f 822/753/753 823/754/754 804/735/736
f 823/754/754 824/755/755 805/736/737
f 805/736/737 804/735/736 823/754/754
f 805/736/737 824/755/755 825/756/751
f 825/756/751 808/739/740 805/736/737
f 808/739/740 826/757/756 810/741/742
f 808/739/740 825/756/751 826/757/756
f 797/728/729 796/727/728 827/758/757
f 827/758/757 828/759/758 797/728/729
f 796/727/728 818/749/749 827/758/757
f 829/760/759 804/735/736 807/738/739
f 807/738/739 830/761/760 829/760/759
f 813/744/745 801/732/733 798/729/730
f 812/743/744 831/762/761 814/745/746
f 814/745/746 813/744/745 812/743/744
f 815/746/747 832/763/762 806/737/738
f 816/747/746 833/764/763 832/763/762
f 832/763/762 815/746/747 816/747/746
f 822/753/753 829/760/759 834/765/764
f 818/749/749 835/766/765 827/758/757
f 822/753/753 804/735/736 829/760/759
f 836/767/766 837/759/767 838/758/768
f 838/758/768 839/758/769 836/767/766
f 840/766/202 841/758/202 842/758/202
f 486/419/447 482/415/443 483/416/444
f 483/416/444 487/420/448 486/419/447
f 487/420/448 483/416/444 504/437/464
f 504/437/464 505/438/465 487/420/448
f 506/439/466 630/562/579 531/464/486
f 531/464/486 535/468/489 506/439/466
f 535/468/489 531/464/486 534/467/488
f 534/467/488 536/469/490 535/468/489
f 536/469/490 534/467/488 546/479/500
f 546/479/500 547/480/501 536/469/490
f 547/480/501 546/479/500 553/486/507
f 553/486/507 554/487/508 547/480/501
f 608/540/559 606/538/557 579/511/530
f 579/511/530 583/515/534 608/540/559
f 583/515/534 579/511/530 582/514/533
f 582/514/533 584/516/535 583/515/534
f 584/516/535 582/514/533 605/537/556
f 482/415/443 486/419/447 642/574/591
f 640/572/589 482/415/443 642/574/591
f 485/418/446 644/576/593 642/574/591
f 843/179/72 844/181/72 641/573/590
f 843/179/72 641/573/590 642/574/591
f 843/179/72 642/574/591 845/178/72
f 624/556/574 623/555/573 499/432/459
f 499/432/459 498/431/458 624/556/574
f 623/555/573 625/557/575 500/433/460
f 500/433/460 499/432/459 623/555/573
f 625/557/575 626/558/576 501/434/461
f 501/434/461 500/433/460 625/557/575
f 627/559/577 629/561/578 503/436/463
f 503/436/463 502/435/462 627/559/577
f 629/561/578 630/562/579 504/437/464
f 504/437/464 503/436/463 629/561/578
f 508/441/468 484/417/445 487/420/448
f 487/420/448 505/438/465 508/441/468
f 508/441/468 507/440/467 631/563/580
f 631/563/580 509/442/469 508/441/468
f 510/443/469 633/565/582 632/564/581
f 632/564/581 511/444/470 510/443/469
f 630/562/579 506/439/466 505/438/465
f 505/438/465 504/437/464 630/562/579
f 846/768/770 847/769/771 632/564/581
f 632/564/581 544/477/498 846/768/770
f 511/444/470 632/564/581 847/769/771
f 847/769/771 512/445/471 511/444/470
f 560/493/513 562/495/515 848/770/772
f 848/770/772 849/771/773 560/493/513
f 544/477/498 543/476/497 850/772/774
f 850/772/774 846/768/770 544/477/498
f 849/771/773 850/772/774 543/476/497
f 543/476/497 551/484/505 849/771/773
f 551/484/505 560/493/513 849/771/773
f 479/412/440 477/410/438 851/773/775
f 851/773/775 502/435/462 479/412/440
f 502/435/462 851/773/775 852/774/776
f 852/774/776 627/559/577 502/435/462
f 523/456/481 522/455/421 627/559/577
f 627/559/577 852/774/776 523/456/481
f 716/647/650 692/623/627 677/608/612
f 677/608/612 694/625/629 716/647/650
f 758/689/692 757/688/691 767/698/701
f 767/698/701 776/707/710 758/689/692
f 776/707/710 775/706/709 785/716/719
f 785/716/719 784/715/718 794/725/716
f 853/775/777 854/776/778 855/777/779
f 855/777/779 856/778/506 853/775/777
f 857/779/780 858/780/781 620/552/571
f 620/552/571 621/553/509 857/779/780
f 622/554/572 619/551/570 859/781/782
f 859/781/782 860/782/511 622/554/572
f 860/782/511 859/781/782 861/783/783
f 861/783/783 862/784/512 860/782/511
f 862/784/512 861/783/783 863/785/784
f 863/785/784 864/786/514 862/784/512
f 856/778/506 865/787/785 866/788/786
f 866/788/786 853/775/777 856/778/506
f 854/776/778 858/780/781 857/779/780
f 857/779/780 855/777/779 854/776/778
f 867/789/787 868/790/788 869/791/789
f 869/791/789 870/792/790 867/789/787
f 871/793/791 872/794/792 873/795/793
f 873/795/793 874/796/794 871/793/791
f 874/796/794 869/791/789 868/790/788
f 868/790/788 871/793/791 874/796/794
f 866/788/786 865/787/785 875/797/523
f 870/792/790 866/788/786 875/797/523
f 867/789/787 870/792/790 875/797/523
f 876/798/785 569/501/520 572/504/523
f 607/539/558 606/538/557 854/776/778
f 854/776/778 853/775/777 607/539/558
f 858/780/781 608/540/559 609/541/560
f 609/541/560 620/552/571 858/780/781
f 619/551/570 611/543/562 610/542/561
f 610/542/561 859/781/782 619/551/570
f 859/781/782 610/542/561 612/544/563
f 612/544/563 861/783/783 859/781/782
f 861/783/783 612/544/563 613/545/564
f 613/545/564 863/785/784 861/783/783
f 870/792/790 869/791/789 615/547/566
f 615/547/566 614/546/565 870/792/790
f 617/549/568 616/548/567 874/796/794
f 874/796/794 873/795/793 617/549/568
f 616/548/567 615/547/566 869/791/789
f 869/791/789 874/796/794 616/548/567
f 618/550/569 607/539/558 853/775/777
f 853/775/777 866/788/786 618/550/569
f 614/546/565 618/550/569 866/788/786
f 866/788/786 870/792/790 614/546/565
f 606/538/557 608/540/559 858/780/781
f 858/780/781 854/776/778 606/538/557
f 570/502/521 569/501/520 563/496/516
f 563/496/516 568/498/425 570/502/521
f 569/501/520 876/798/785 552/485/506
f 569/501/520 570/502/521 572/504/523
f 545/478/499 563/496/516 569/501/520
f 790/721/715 779/710/713 770/701/704
f 749/680/683 751/682/685 877/799/795
f 877/799/795 762/693/696 749/680/683
f 762/693/696 877/799/795 780/711/714
f 780/711/714 771/702/705 762/693/696
f 739/670/673 745/676/679 724/655/658
f 739/670/673 724/655/658 725/656/659
f 878/800/796 879/801/797 880/802/798
f 880/802/798 881/803/799 878/800/796
f 882/804/800 878/800/796 881/803/799
f 881/803/799 883/805/801 882/804/800
f 884/806/802 885/807/803 879/801/797
f 878/800/796 882/804/800 886/808/804
f 887/809/805 888/810/806 468/401/430
f 468/401/430 467/400/429 887/809/805
f 879/801/797 878/800/796 886/808/804
f 879/801/797 886/808/804 884/806/802
f 889/811/807 890/812/808 472/405/433
f 472/405/433 471/404/432 889/811/807
f 891/813/809 892/814/810 890/812/808
f 890/812/808 889/811/807 891/813/809
f 893/815/811 894/816/812 892/814/810
f 892/814/810 891/813/809 893/815/811
f 895/817/813 896/818/814 894/816/812
f 894/816/812 893/815/811 895/817/813
f 897/819/815 898/820/816 896/818/814
f 896/818/814 895/817/813 897/819/815
f 899/821/817 900/822/818 898/820/816
f 898/820/816 897/819/815 899/821/817
f 901/823/819 902/824/820 903/825/821
f 903/825/821 904/826/822 901/823/819
f 904/826/822 905/827/823 906/828/824
f 906/828/824 901/823/819 904/826/822
f 907/829/825 908/830/826 909/831/827
f 909/831/827 910/832/824 907/829/825
f 908/830/826 911/833/828 912/834/829
f 912/834/829 909/831/827 908/830/826
f 911/833/828 497/430/457 496/429/456
f 496/429/456 912/834/829 911/833/828
f 498/431/458 472/405/433 890/812/808
f 890/812/808 913/835/830 498/431/458
f 913/835/830 890/812/808 892/814/810
f 892/814/810 914/836/831 913/835/830
f 914/836/831 892/814/810 894/816/812
f 894/816/812 915/837/832 914/836/831
f 916/838/833 896/818/814 898/820/816
f 898/820/816 917/839/834 916/838/833
f 917/839/834 898/820/816 900/822/818
f 900/822/818 918/840/835 917/839/834
f 919/841/836 920/842/837 921/843/838
f 921/843/838 922/844/839 919/841/836
f 923/845/840 920/842/837 901/823/819
f 901/823/819 906/828/824 923/845/840
f 910/832/824 909/831/827 924/846/841
f 924/846/841 925/847/840 910/832/824
f 909/831/827 912/834/829 926/848/842
f 926/848/842 924/846/841 909/831/827
f 513/446/472 926/848/842 912/834/829
f 912/834/829 496/429/456 513/446/472
f 927/849/843 928/850/844 516/449/475
f 516/449/475 515/448/474 927/849/843
f 929/851/845 930/852/846 928/850/844
f 928/850/844 927/849/843 929/851/845
f 931/853/847 932/854/848 930/852/846
f 930/852/846 929/851/845 931/853/847
f 933/855/798 934/856/849 935/857/850
f 928/850/844 525/458/482 516/449/475
f 930/852/846 936/858/803 937/859/851
f 932/854/848 936/858/803 930/852/846
f 937/859/851 529/462/485 528/461/484
f 936/858/803 530/463/429 937/859/851
f 937/859/851 530/463/429 529/462/485
f 937/859/851 928/850/844 930/852/846
f 937/859/851 528/461/484 525/458/482
f 525/458/482 928/850/844 937/859/851
f 938/860/852 939/861/853 940/862/800
f 940/862/800 941/863/801 938/860/852
f 942/864/854 943/865/855 944/866/856
f 944/866/856 945/867/857 942/864/854
f 946/868/858 944/866/856 943/865/855
f 943/865/855 947/869/859 946/868/858
f 948/870/860 949/871/861 950/872/862
f 950/872/862 951/873/863 948/870/860
f 939/861/853 952/874/864 953/875/865
f 953/875/865 940/862/800 939/861/853
f 945/867/857 944/866/856 954/876/866
f 954/876/866 955/877/867 945/867/857
f 944/866/856 946/868/858 956/878/868
f 956/878/868 954/876/866 944/866/856
f 951/873/863 950/872/862 957/879/869
f 957/879/869 958/880/870 951/873/863
f 952/874/864 959/881/871 960/882/872
f 960/882/872 953/875/865 952/874/864
f 955/877/867 954/876/866 961/883/873
f 961/883/873 962/884/874 955/877/867
f 963/885/875 961/883/873 954/876/866
f 954/876/866 956/878/868 963/885/875
f 964/886/876 965/887/877 958/880/870
f 958/880/870 957/879/869 964/886/876
f 966/888/878 964/886/876 957/879/869
f 957/879/869 967/889/879 966/888/878
f 967/889/879 562/495/515 561/494/514
f 561/494/514 966/888/878 967/889/879
f 968/890/880 969/891/804 940/862/800
f 940/862/800 953/875/865 968/890/880
f 969/891/804 968/890/880 970/892/802
f 971/892/802 972/893/881 973/894/882
f 974/895/883 953/875/865 960/882/872
f 975/896/884 976/897/885 977/898/886
f 972/893/881 978/899/887 979/900/888
f 979/900/888 973/894/882 972/893/881
f 980/901/889 981/902/890 982/903/891
f 982/903/891 983/904/518 980/901/889
f 973/894/882 979/900/888 981/902/890
f 981/902/890 980/901/889 973/894/882
f 984/905/892 985/906/893 986/907/894
f 986/907/894 987/908/895 984/905/892
f 988/909/896 989/910/897 990/911/898
f 990/911/898 991/912/899 988/909/896
f 992/913/900 993/914/901 994/915/902
f 994/915/902 995/916/903 992/913/900
f 996/917/904 994/915/902 993/914/901
f 993/914/901 997/918/905 996/917/904
f 593/525/544 996/917/904 997/918/905
f 997/918/905 594/526/545 593/525/544
f 998/919/906 999/920/907 1000/921/908
f 1000/921/908 1001/922/909 998/919/906
f 1002/923/910 1003/924/911 601/533/552
f 601/533/552 600/532/551 1002/923/910
f 1001/922/909 1000/921/908 1003/924/911
f 1003/924/911 1002/923/910 1001/922/909
f 987/908/895 986/907/894 1004/925/912
f 1004/925/912 1005/926/913 987/908/895
f 1005/926/913 1004/925/912 999/920/907
f 999/920/907 998/919/906 1005/926/913
f 985/906/893 605/537/556 986/907/894
f 991/912/899 990/911/898 605/537/556
f 995/916/903 605/537/556 990/911/898
f 994/915/902 605/537/556 995/916/903
f 996/917/904 605/537/556 994/915/902
f 593/525/544 605/537/556 996/917/904
f 999/920/907 605/537/556 1000/921/908
f 1003/924/911 605/537/556 601/533/552
f 1000/921/908 605/537/556 1003/924/911
f 986/907/894 605/537/556 1004/925/912
f 1004/925/912 605/537/556 999/920/907
f 1006/927/914 984/905/892 987/908/895
f 987/908/895 1007/928/915 1006/927/914
f 1008/929/916 1009/930/917 989/910/897
f 989/910/897 988/909/896 1008/929/916
f 993/914/901 992/913/900 1010/931/918
f 1010/931/918 1011/932/919 993/914/901
f 1011/932/919 1012/933/920 997/918/905
f 997/918/905 993/914/901 1011/932/919
f 1012/933/920 613/545/564 594/526/545
f 594/526/545 997/918/905 1012/933/920
f 1013/934/921 998/919/906 1001/922/909
f 1001/922/909 1014/935/922 1013/934/921
f 1015/936/923 1002/923/910 600/532/551
f 600/532/551 617/549/568 1015/936/923
f 1014/935/922 1001/922/909 1002/923/910
f 1002/923/910 1015/936/923 1014/935/922
f 1007/928/915 987/908/895 1005/926/913
f 1005/926/913 1016/937/924 1007/928/915
f 1016/937/924 1005/926/913 998/919/906
f 998/919/906 1013/934/921 1016/937/924
f 995/916/903 990/911/898 989/910/897
f 989/910/897 992/913/900 995/916/903
f 992/913/900 989/910/897 1009/930/917
f 1009/930/917 1010/931/918 992/913/900
f 1010/931/918 1009/930/917 1017/938/925
f 1017/938/925 1018/939/926 1010/931/918
f 1019/940/873 1020/941/877 1018/939/926
f 1018/939/926 1017/938/925 1019/940/873
f 515/448/474 624/556/574 1021/942/927
f 1021/942/927 927/849/843 515/448/474
f 927/849/843 1021/942/927 1022/943/928
f 1022/943/928 929/851/845 927/849/843
f 929/851/845 1022/943/928 1023/944/929
f 1023/944/929 931/853/847 929/851/845
f 1024/945/930 941/863/801 1025/946/799
f 1026/947/931 1024/945/930 1025/946/799
f 1026/947/931 1025/946/799 933/855/798
f 941/863/801 1024/945/930 1027/948/932
f 1027/948/932 938/860/852 941/863/801
f 922/844/839 921/843/838 943/865/855
f 943/865/855 942/864/854 922/844/839
f 947/869/859 943/865/855 921/843/838
f 921/843/838 1028/949/933 947/869/859
f 949/871/861 948/870/860 1029/950/934
f 1029/950/934 1030/951/935 949/871/861
f 471/404/432 635/567/584 1031/952/936
f 1031/952/936 889/811/807 471/404/432
f 889/811/807 1031/952/936 1032/953/937
f 1032/953/937 891/813/809 889/811/807
f 891/813/809 1032/953/937 1033/954/938
f 1033/954/938 893/815/811 891/813/809
f 893/815/811 1033/954/938 1034/955/939
f 1034/955/939 895/817/813 893/815/811
f 895/817/813 1034/955/939 1035/956/940
f 1035/956/940 897/819/815 895/817/813
f 897/819/815 1035/956/940 1036/957/941
f 1036/957/941 899/821/817 897/819/815
f 1037/958/942 1038/959/943 1036/957/941
f 904/826/822 903/825/821 1038/959/943
f 905/827/823 904/826/822 1039/960/944
f 1039/960/944 1040/961/945 905/827/823
f 908/830/826 907/829/825 1041/962/946
f 1041/962/946 1042/963/947 908/830/826
f 911/833/828 908/830/826 1042/963/947
f 1042/963/947 1043/964/948 911/833/828
f 497/430/457 911/833/828 1043/964/948
f 1043/964/948 648/580/597 497/430/457
f 649/581/584 652/584/599 1044/965/949
f 1044/965/949 1045/966/936 649/581/584
f 1045/966/936 1044/965/949 1046/967/950
f 1046/967/950 1047/968/937 1045/966/936
f 1047/968/937 1046/967/950 1048/969/951
f 1048/969/951 1049/970/938 1047/968/937
f 1049/970/938 1048/969/951 1050/971/952
f 1050/971/952 1051/972/939 1049/970/938
f 1051/972/939 1050/971/952 1052/973/953
f 1052/973/953 1053/974/940 1051/972/939
f 1053/974/940 1052/973/953 1054/975/954
f 1054/975/954 1055/976/941 1053/974/940
f 1056/977/955 1057/252/942 1055/976/941
f 1055/976/941 1054/975/954 1056/977/955
f 1058/978/944 1057/252/942 1056/977/955
f 1056/977/955 1059/979/956 1058/978/944
f 1060/980/945 1058/978/944 1059/979/956
f 1059/979/956 1061/981/957 1060/980/945
f 1062/982/947 1063/983/946 1064/984/958
f 1064/984/958 1065/985/959 1062/982/947
f 1066/986/948 1062/982/947 1065/985/959
f 1065/985/959 1067/987/960 1066/986/948
f 675/606/597 1066/986/948 1067/987/960
f 1067/987/960 676/607/611 675/606/597
f 652/584/599 678/609/613 1068/988/961
f 1068/988/961 1044/965/949 652/584/599
f 1044/965/949 1068/988/961 1069/989/962
f 1069/989/962 1046/967/950 1044/965/949
f 1046/967/950 1069/989/962 1070/990/963
f 1070/990/963 1048/969/951 1046/967/950
f 1048/969/951 1070/990/963 1071/991/964
f 1071/991/964 1050/971/952 1048/969/951
f 1050/971/952 1071/991/964 1072/992/965
f 1072/992/965 1052/973/953 1050/971/952
f 1073/993/966 1072/992/965 1074/994/967
f 1054/975/954 1073/993/966 1075/995/968
f 1075/995/968 1056/977/955 1054/975/954
f 1059/979/956 1056/977/955 1075/995/968
f 1075/995/968 1076/996/969 1059/979/956
f 1061/981/957 1059/979/956 1076/996/969
f 1076/996/969 1077/997/970 1061/981/957
f 1065/985/959 1064/984/958 1078/998/971
f 1078/998/971 1079/999/972 1065/985/959
f 1067/987/960 1065/985/959 1079/999/972
f 1079/999/972 1080/1000/973 1067/987/960
f 676/607/611 1067/987/960 1080/1000/973
f 1080/1000/973 691/622/626 676/607/611
f 678/609/613 692/623/627 1068/988/961
f 1068/988/961 1081/1001/974 1082/1002/975
f 1082/1002/975 1069/989/962 1068/988/961
f 1069/989/962 1082/1002/975 1083/1003/976
f 1083/1003/976 1070/990/963 1069/989/962
f 1070/990/963 1084/1004/977 1085/1005/978
f 1085/1005/978 1071/991/964 1070/990/963
f 1071/991/964 1085/1005/978 1086/1006/979
f 1086/1006/979 1072/992/965 1071/991/964
f 1072/992/965 1086/1006/979 1087/1007/980
f 1087/1007/980 1074/994/967 1072/992/965
f 1074/994/967 1087/1007/980 1088/1008/981
f 1088/1008/981 1089/1009/982 1074/994/967
f 1090/1010/983 1089/1009/982 1088/1008/981
f 1088/1008/981 1091/1011/984 1090/1010/983
f 1092/1012/985 1090/1010/983 1091/1011/984
f 1091/1011/984 1093/1013/986 1092/1012/985
f 1094/1014/987 1095/1015/988 1096/1016/989
f 1096/1016/989 1097/1017/990 1094/1014/987
f 1098/1018/991 1096/1016/989 1095/1015/988
f 1095/1015/988 1099/1019/992 1098/1018/991
f 712/643/646 1098/1018/991 1099/1019/992
f 1099/1019/992 713/644/647 712/643/646
f 1073/993/966 1074/994/967 1089/1009/982
f 1089/1009/982 1075/995/968 1073/993/966
f 1076/996/969 1075/995/968 1089/1009/982
f 1089/1009/982 1090/1010/983 1076/996/969
f 1077/997/970 1076/996/969 1090/1010/983
f 1090/1010/983 1092/1012/985 1077/997/970
f 1097/1017/990 1096/1016/989 1079/999/972
f 1079/999/972 1078/998/971 1097/1017/990
f 1080/1000/973 1079/999/972 1096/1016/989
f 1096/1016/989 1098/1018/991 1080/1000/973
f 691/622/626 1080/1000/973 1098/1018/991
f 1098/1018/991 712/643/646 691/622/626
f 1100/1020/993 1081/1001/974 716/647/650
f 716/647/650 715/646/649 1100/1020/993
f 1081/1001/974 1100/1020/993 1101/1021/994
f 1101/1021/994 1082/1002/975 1081/1001/974
f 1082/1002/975 1101/1021/994 1102/1022/995
f 1102/1022/995 1083/1003/976 1082/1002/975
f 1084/1004/977 1103/1023/996 1104/1024/997
f 1104/1024/997 1085/1005/978 1084/1004/977
f 1085/1005/978 1104/1024/997 1105/1025/998
f 1105/1025/998 1086/1006/979 1085/1005/978
f 1086/1006/979 1105/1025/998 1106/1026/999
f 1106/1026/999 1087/1007/980 1086/1006/979
f 1087/1007/980 1106/1026/999 1107/1027/1000
f 1107/1027/1000 1088/1008/981 1087/1007/980
f 1091/1011/984 1088/1008/981 1107/1027/1000
f 1107/1027/1000 1108/1028/1001 1091/1011/984
f 1093/1013/986 1091/1011/984 1108/1028/1001
f 1108/1028/1001 1109/1029/1002 1093/1013/986
f 1110/1030/1003 1111/1031/1004 1095/1015/988
f 1095/1015/988 1094/1014/987 1110/1030/1003
f 1099/1019/992 1095/1015/988 1111/1031/1004
f 1111/1031/1004 1112/1032/1005 1099/1019/992
f 713/644/647 1099/1019/992 1112/1032/1005
f 1112/1032/1005 729/660/663 713/644/647
f 715/646/649 731/662/665 1113/1033/1006
f 1113/1033/1006 1100/1020/993 715/646/649
f 1100/1020/993 1113/1033/1006 1114/1034/1007
f 1114/1034/1007 1101/1021/994 1100/1020/993
f 1101/1021/994 1114/1034/1007 1115/1035/1008
f 1115/1035/1008 1102/1022/995 1101/1021/994
f 1103/1023/996 1116/1036/1009 1117/1037/1010
f 1117/1037/1010 1104/1024/997 1103/1023/996
f 1117/1037/1010 1118/1038/1011 1119/1039/1012
f 1104/1024/997 1117/1037/1010 1119/1039/1012
f 1104/1024/997 1119/1039/1012 1105/1025/998
f 1109/1029/1002 1120/1040/1013 1121/1041/1014
f 1110/1030/1003 1122/1042/1015 1111/1031/1004
f 1112/1032/1005 1111/1031/1004 1122/1042/1015
f 1122/1042/1015 1123/1043/1016 1112/1032/1005
f 1123/1043/1016 742/673/676 729/660/663
f 729/660/663 1112/1032/1005 1123/1043/1016
f 1124/1044/1017 1119/1039/1012 1125/1045/1018
f 1119/1039/1012 1124/1044/1017 1106/1026/999
f 1106/1026/999 1105/1025/998 1119/1039/1012
f 1108/1028/1001 1107/1027/1000 1125/1045/1018
f 1125/1045/1018 1126/1046/1019 1108/1028/1001
f 1125/1045/1018 1107/1027/1000 1106/1026/999
f 1106/1026/999 1124/1044/1017 1125/1045/1018
f 1118/1038/1011 1126/1046/1019 1125/1045/1018
f 1125/1045/1018 1119/1039/1012 1118/1038/1011
f 1126/1046/1019 1127/1047/1020 1128/1048/1021
f 1128/1048/1021 1120/1040/1013 1126/1046/1019
f 1120/1040/1013 1128/1048/1021 1129/1049/1022
f 1129/1049/1022 1121/1041/1014 1120/1040/1013
f 1130/1050/1023 1123/1043/1016 1122/1042/1015
f 1122/1042/1015 1131/1051/1024 1130/1050/1023
f 1130/1050/1023 751/682/685 742/673/676
f 742/673/676 1123/1043/1016 1130/1050/1023
f 1126/1046/1019 1118/1038/1011 1132/1052/1025
f 1132/1052/1025 1127/1047/1020 1126/1046/1019
f 1133/1053/1026 1113/1033/1006 731/662/665
f 731/662/665 754/685/688 1133/1053/1026
f 1134/1054/1027 1114/1034/1007 1113/1033/1006
f 1113/1033/1006 1133/1053/1026 1134/1054/1027
f 1135/1055/1028 1115/1035/1008 1114/1034/1007
f 1114/1034/1007 1134/1054/1027 1135/1055/1028
f 1116/1036/1009 1136/1056/1029 1137/1057/1030
f 1137/1057/1030 1117/1037/1010 1116/1036/1009
f 1118/1038/1011 1117/1037/1010 1137/1057/1030
f 1137/1057/1030 1132/1052/1025 1118/1038/1011
f 1138/1058/1031 1128/1048/1021 1127/1047/1020
f 1127/1047/1020 1139/1059/1032 1138/1058/1031
f 1140/1060/1033 1129/1049/1022 1128/1048/1021
f 1128/1048/1021 1138/1058/1031 1140/1060/1033
f 1141/1061/1034 1130/1050/1023 1131/1051/1024
f 1131/1051/1024 1142/1062/1035 1141/1061/1034
f 1132/1052/1025 1139/1059/1032 1127/1047/1020
f 1143/1063/1036 1133/1053/1026 754/685/688
f 754/685/688 765/696/699 1143/1063/1036
f 1144/1064/1037 1134/1054/1027 1133/1053/1026
f 1133/1053/1026 1143/1063/1036 1144/1064/1037
f 1134/1054/1027 1144/1064/1037 1135/1055/1028
f 1139/1059/1032 1132/1052/1025 1137/1057/1030
f 1137/1057/1030 1145/1065/1038 1139/1059/1032
f 1138/1058/1031 1139/1059/1032 1146/1066/1039
f 1146/1066/1039 1147/1067/1040 1138/1058/1031
f 1148/1068/1041 1140/1060/1033 1138/1058/1031
f 1138/1058/1031 1147/1067/1040 1148/1068/1041
f 1142/1062/1035 1149/1069/1042 1141/1061/1034
f 772/703/706 1150/1070/1043 1143/1063/1036
f 1143/1063/1036 765/696/699 772/703/706
f 1143/1063/1036 1150/1070/1043 1144/1064/1037
f 1151/1071/1044 1145/1065/1038 1152/1072/1045
f 1152/1072/1045 1153/1073/1046 1151/1071/1044
f 1146/1066/1039 1139/1059/1032 1145/1065/1038
f 1145/1065/1038 1151/1071/1044 1146/1066/1039
f 1154/1074/1047 1155/1075/1048 1147/1067/1040
f 1147/1067/1040 1146/1066/1039 1154/1074/1047
f 1147/1067/1040 1155/1075/1048 1156/1076/1049
f 1156/1076/1049 1148/1068/1041 1147/1067/1040
f 1149/1069/1042 781/712/715 780/711/714
f 772/703/706 782/713/716 1150/1070/1043
f 1157/1077/1050 1153/1073/1046 1158/1078/1051
f 1158/1078/1051 1159/1079/1052 1157/1077/1050
f 1160/1080/1053 1151/1071/1044 1153/1073/1046
f 1153/1073/1046 1157/1077/1050 1160/1080/1053
f 1154/1074/1047 1146/1066/1039 1151/1071/1044
f 1151/1071/1044 1160/1080/1053 1154/1074/1047
f 1161/1081/1054 1162/1082/1055 1155/1075/1048
f 1155/1075/1048 1154/1074/1047 1161/1081/1054
f 1162/1082/1055 1163/1083/1056 1156/1076/1049
f 1156/1076/1049 1155/1075/1048 1162/1082/1055
f 1163/1083/1056 1164/1084/1057 1165/1085/1058
f 1165/1085/1058 1156/1076/1049 1163/1083/1056
f 1166/1086/1059 1159/1079/1052 1167/1087/716
f 1167/1087/716 1168/1088/1060 1166/1086/1059
f 1166/1086/1059 1157/1077/1050 1159/1079/1052
f 1169/1089/1061 1160/1080/1053 1157/1077/1050
f 1157/1077/1050 1166/1086/1059 1169/1089/1061
f 1161/1081/1054 1154/1074/1047 1160/1080/1053
f 1160/1080/1053 1169/1089/1061 1161/1081/1054
f 1052/973/953 1073/993/966 1054/975/954
f 1072/992/965 1073/993/966 1052/973/953
f 1170/727/1062 1171/730/1063 1172/729/1064
f 1172/729/1064 1173/728/1065 1170/727/1062
f 1172/729/1064 1171/730/1063 1174/731/1066
f 1174/731/1066 1175/732/1067 1172/729/1064
f 1175/732/1067 1174/731/1066 1176/734/1068
f 1176/734/1068 1177/733/1069 1175/732/1067
f 1178/735/1070 1179/738/1071 1180/737/1072
f 1180/737/1072 1181/736/1073 1178/735/1070
f 1181/736/1073 1180/737/1072 1182/740/1074
f 1182/740/1074 1183/739/1075 1181/736/1073
f 1182/740/1074 1184/742/1076 1185/741/1068
f 1185/741/1068 1183/739/1075 1182/740/1074
f 1186/743/1077 1172/729/1064 1187/744/1078
f 1187/744/1078 1175/732/1067 1177/733/1069
f 1177/733/1069 1188/745/1079 1187/744/1078
f 1182/740/1074 1180/737/1072 1189/746/1080
f 1184/742/1076 1182/740/1074 1189/746/1080
f 1189/746/1080 1190/747/1079 1184/742/1076
f 1170/727/1062 1191/749/1081 1192/748/1082
f 1171/730/1063 1170/727/1062 1192/748/1082
f 1192/748/1082 1193/750/1083 1171/730/1063
f 1171/730/1063 1193/750/1083 1194/751/1084
f 1194/751/1084 1174/731/1066 1171/730/1063
f 1195/752/1085 1174/731/1066 1194/751/1084
f 1174/731/1066 1195/752/1085 1176/734/1068
f 1196/753/1086 1178/735/1070 1197/754/1087
f 1197/754/1087 1178/735/1070 1181/736/1073
f 1181/736/1073 1198/755/1088 1197/754/1087
f 1181/736/1073 1183/739/1075 1199/756/1084
f 1199/756/1084 1198/755/1088 1181/736/1073
f 1183/739/1075 1185/741/1068 1200/757/1089
f 1183/739/1075 1200/757/1089 1199/756/1084
f 1173/728/1065 1201/759/1090 1202/758/1091
f 1202/758/1091 1170/727/1062 1173/728/1065
f 1170/727/1062 1202/758/1091 1191/749/1081
f 1203/760/1092 1204/761/1093 1179/738/1071
f 1179/738/1071 1178/735/1070 1203/760/1092
f 1187/744/1078 1172/729/1064 1175/732/1067
f 1186/743/1077 1187/744/1078 1188/745/1079
f 1188/745/1079 1205/762/1094 1186/743/1077
f 1189/746/1080 1180/737/1072 1206/763/1095
f 1190/747/1079 1189/746/1080 1206/763/1095
f 1206/763/1095 1207/764/1096 1190/747/1079
f 1196/753/1086 1208/765/1097 1203/760/1092
f 1191/749/1081 1202/758/1091 1209/766/1098
f 1196/753/1086 1203/760/1092 1178/735/1070
f 1210/767/1099 1211/758/1100 1212/758/1101
f 1212/758/1101 1213/759/1102 1210/767/1099
f 1214/766/72 1215/758/72 1216/758/72
f 903/825/821 902/824/820 900/822/818
f 900/822/818 899/821/817 903/825/821
f 902/824/820 919/841/836 918/840/835
f 918/840/835 900/822/818 902/824/820
f 922/844/839 942/864/854 938/860/852
f 938/860/852 1027/948/932 922/844/839
f 942/864/854 945/867/857 939/861/853
f 939/861/853 938/860/852 942/864/854
f 945/867/857 955/877/867 952/874/864
f 952/874/864 939/861/853 945/867/857
f 955/877/867 962/884/874 959/881/871
f 959/881/871 952/874/864 955/877/867
f 1008/929/916 988/909/896 984/905/892
f 984/905/892 1006/927/914 1008/929/916
f 988/909/896 991/912/899 985/906/893
f 985/906/893 984/905/892 988/909/896
f 991/912/899 605/537/556 985/906/893
f 899/821/817 1038/959/943 903/825/821
f 1036/957/941 1038/959/943 899/821/817
f 904/826/822 1038/959/943 1039/960/944
f 1217/305/202 1218/304/202 1038/959/943
f 1217/305/202 1038/959/943 1037/958/942
f 1217/305/202 1037/958/942 1219/306/202
f 624/556/574 498/431/458 913/835/830
f 913/835/830 1021/942/927 624/556/574
f 1021/942/927 913/835/830 914/836/831
f 914/836/831 1022/943/928 1021/942/927
f 1022/943/928 914/836/831 915/837/832
f 915/837/832 1023/944/929 1022/943/928
f 1026/947/931 916/838/833 917/839/834
f 917/839/834 1024/945/930 1026/947/931
f 1024/945/930 917/839/834 918/840/835
f 918/840/835 1027/948/932 1024/945/930
f 920/842/837 919/841/836 902/824/820
f 902/824/820 901/823/819 920/842/837
f 920/842/837 923/845/840 1028/949/933
f 1028/949/933 921/843/838 920/842/837
f 925/847/840 924/846/841 1030/951/935
f 1030/951/935 1029/950/934 925/847/840
f 1027/948/932 918/840/835 919/841/836
f 919/841/836 922/844/839 1027/948/932
f 1220/1090/1103 949/871/861 1030/951/935
f 1030/951/935 1221/1091/1104 1220/1090/1103
f 924/846/841 926/848/842 1221/1091/1104
f 1221/1091/1104 1030/951/935 924/846/841
f 967/889/879 1222/1092/1105 848/770/772
f 848/770/772 562/495/515 967/889/879
f 949/871/861 1220/1090/1103 1223/1093/1106
f 1223/1093/1106 950/872/862 949/871/861
f 1222/1092/1105 957/879/869 950/872/862
f 950/872/862 1223/1093/1106 1222/1092/1105
f 957/879/869 1222/1092/1105 967/889/879
f 896/818/814 916/838/833 1224/1094/1107
f 1224/1094/1107 894/816/812 896/818/814
f 916/838/833 1026/947/931 1225/1095/1108
f 1225/1095/1108 1224/1094/1107 916/838/833
f 935/857/850 1225/1095/1108 1026/947/931
f 1026/947/931 933/855/798 935/857/850
f 716/647/650 1081/1001/974 1068/988/961
f 1068/988/961 692/623/627 716/647/650
f 1136/1056/1029 1152/1072/1045 1145/1065/1038
f 1145/1065/1038 1137/1057/1030 1136/1056/1029
f 1152/1072/1045 1158/1078/1051 1153/1073/1046
f 1158/1078/1051 1167/1087/716 1159/1079/1052
f 1226/1096/1109 1227/1097/872 1228/1098/1110
f 1228/1098/1110 1229/1099/1111 1226/1096/1109
f 1230/1100/1112 1019/940/873 1017/938/925
f 1017/938/925 1231/1101/1113 1230/1100/1112
f 1020/941/877 1232/1102/876 1233/1103/1114
f 1233/1103/1114 1018/939/926 1020/941/877
f 1232/1102/876 1234/1104/878 1235/1105/1115
f 1235/1105/1115 1233/1103/1114 1232/1102/876
f 1234/1104/878 864/786/514 863/785/784
f 863/785/784 1235/1105/1115 1234/1104/878
f 1227/1097/872 1226/1096/1109 1236/1106/1116
f 1236/1106/1116 1237/1107/1117 1227/1097/872
f 1229/1099/1111 1228/1098/1110 1230/1100/1112
f 1230/1100/1112 1231/1101/1113 1229/1099/1111
f 1238/1108/887 1239/1109/1118 1240/1110/1119
f 1240/1110/1119 1241/1111/1120 1238/1108/887
f 1242/1112/1121 1243/1113/1122 873/795/793
f 873/795/793 872/794/792 1242/1112/1121
f 1243/1113/1122 1242/1112/1121 1241/1111/1120
f 1241/1111/1120 1240/1110/1119 1243/1113/1122
f 1244/1114/885 1237/1107/1117 1236/1106/1116
f 1244/1114/885 1236/1106/1116 1239/1109/1118
f 1238/1108/887 1244/1114/885 1239/1109/1118
f 1245/1115/1117 976/897/885 974/895/883
f 1007/928/915 1226/1096/1109 1229/1099/1111
f 1229/1099/1111 1006/927/914 1007/928/915
f 1231/1101/1113 1017/938/925 1009/930/917
f 1009/930/917 1008/929/916 1231/1101/1113
f 1018/939/926 1233/1103/1114 1011/932/919
f 1011/932/919 1010/931/918 1018/939/926
f 1233/1103/1114 1235/1105/1115 1012/933/920
f 1012/933/920 1011/932/919 1233/1103/1114
f 1235/1105/1115 863/785/784 613/545/564
f 613/545/564 1012/933/920 1235/1105/1115
f 1239/1109/1118 1013/934/921 1014/935/922
f 1014/935/922 1240/1110/1119 1239/1109/1118
f 617/549/568 873/795/793 1243/1113/1122
f 1243/1113/1122 1015/936/923 617/549/568
f 1015/936/923 1243/1113/1122 1240/1110/1119
f 1240/1110/1119 1014/935/922 1015/936/923
f 1016/937/924 1236/1106/1116 1226/1096/1109
f 1226/1096/1109 1007/928/915 1016/937/924
f 1013/934/921 1239/1109/1118 1236/1106/1116
f 1236/1106/1116 1016/937/924 1013/934/921
f 1006/927/914 1229/1099/1111 1231/1101/1113
f 1231/1101/1113 1008/929/916 1006/927/914
f 975/896/884 970/892/802 968/890/880
f 968/890/880 974/895/883 975/896/884
f 974/895/883 960/882/872 1245/1115/1117
f 974/895/883 976/897/885 975/896/884
f 953/875/865 974/895/883 968/890/880
f 1165/1085/1058 1148/1068/1041 1156/1076/1049
f 1130/1050/1023 1141/1061/1034 877/799/795
f 877/799/795 751/682/685 1130/1050/1023
f 780/711/714 877/799/795 1141/1061/1034
f 1141/1061/1034 1149/1069/1042 780/711/714
f 1120/1040/1013 1108/1028/1001 1126/1046/1019
f 1120/1040/1013 1109/1029/1002 1108/1028/1001
s 0
f 1246/1116/1123 1247/1117/1123 1248/1118/1123
f 1249/1119/1123 1250/1116/1123 1251/1118/1123
f 1252/1118/1123 1253/1120/1123 1254/1121/1123
f 1252/1118/1123 1254/1121/1123 1255/1122/1123
s 1
f 1256/1123/1123 1257/1124/1123 1258/1125/1123
s 0
f 1259/1122/1123 1260/1123/1123 1261/1125/1123
f 1262/1118/1123 1263/1122/1123 1264/1125/1123
f 1249/1119/1123 1251/1118/1123 1265/1125/1123
f 1266/1126/1123 1249/1119/1123 1265/1125/1123
f 1267/1127/1123 1266/1126/1123 1265/1125/1123
s 1
f 1268/1128/1124 1269/1129/1125 1270/1130/1126
f 1271/1131/1127 1272/1132/1128 1273/1133/1129
s 0
f 1274/1134/1130 1275/1135/1130 1276/1136/1130
f 1277/1136/1130 1278/1137/1130 1279/1134/1130
s 1
f 1280/1138/1131 1281/1139/1132 1282/1140/1133
f 1282/1140/1133 1283/1141/1134 1280/1138/1131
f 1269/1129/1125 1268/1128/1124 1284/1142/1135
f 1270/1130/1126 1269/1129/1125 1285/1143/1136
f 1286/1144/1137 1287/1145/1138 1288/1146/1139
f 1288/1146/1139 1289/1147/1140 1286/1144/1137
f 1290/1148/1141 1273/1133/1129 1272/1132/1128
f 1271/1131/1127 1273/1133/1129 1291/1149/1142
f 1283/1141/1134 1270/1130/1126 1285/1143/1136
f 1285/1143/1136 1280/1138/1131 1283/1141/1134
f 1268/1128/1124 1289/1147/1140 1288/1146/1139
f 1288/1146/1139 1284/1142/1135 1268/1128/1124
f 1281/1139/1132 1290/1148/1141 1272/1132/1128
f 1272/1132/1128 1282/1140/1133 1281/1139/1132
f 1286/1144/1137 1271/1131/1127 1291/1149/1142
f 1291/1149/1142 1287/1145/1138 1286/1144/1137
f 1282/1140/1133 1272/1132/1128 1292/1150/1143
f 1286/1144/1137 1289/1147/1140 1293/1151/1144
f 1293/1151/1144 1294/1152/1145 1286/1144/1137
f 1289/1147/1140 1268/1128/1124 1293/1151/1144
f 1271/1131/1127 1294/1152/1145 1292/1150/1143
f 1292/1150/1143 1272/1132/1128 1271/1131/1127
f 1295/1153/1146 1283/1141/1134 1282/1140/1133
f 1282/1140/1133 1292/1150/1143 1295/1153/1146
f 1271/1131/1127 1286/1144/1137 1294/1152/1145
f 1270/1130/1126 1295/1153/1146 1293/1151/1144
f 1293/1151/1144 1268/1128/1124 1270/1130/1126
f 1270/1130/1126 1283/1141/1134 1295/1153/1146
s 0
f 1296/1153/72 1297/1150/72 1298/1136/72
f 1298/1136/72 1299/1135/72 1296/1153/72
f 1300/1150/1147 1301/1152/1147 1302/1137/1147
s 1
f 1303/1137/1148 1304/1136/1148 1305/1150/1148
s 0
f 1306/1152/202 1307/1151/202 1308/1134/202
s 1
f 1309/1134/202 1310/1137/202 1311/1152/202
s 0
f 1312/1151/1149 1313/1153/1149 1314/1135/1149
f 1315/1135/1150 1316/1134/1150 1317/1151/1150
s 1
f 574/506/525 573/505/524 565/498/517
f 567/500/519 574/506/525 565/498/517
f 973/894/882 980/901/889 971/892/802
f 980/901/889 983/904/518 971/892/802
f 1318/1154/1151 1319/1155/1152 1320/1156/1153
f 1320/1156/1153 1321/1157/1154 1318/1154/1151
f 1322/1158/1155 1323/1159/1156 1320/1156/1153
f 1320/1156/1153 1319/1155/1152 1322/1158/1155
f 1324/1160/1157 1323/1159/1156 1322/1158/1155
f 1325/1161/1158 1326/1162/1159 1327/1163/1160
f 1326/1162/1159 1328/1164/1161 1327/1163/1160
f 1321/1157/1154 1329/1165/1162 1330/1166/1163
f 1330/1166/1163 1331/1167/1164 1321/1157/1154
f 1320/1156/1153 1323/1159/1156 1329/1165/1162
f 1329/1165/1162 1332/1168/1165 1330/1166/1163
f 1323/1159/1156 1332/1168/1165 1329/1165/1162
f 1326/1162/1159 1331/1167/1164 1330/1166/1163
f 1329/1165/1162 1321/1157/1154 1320/1156/1153
f 1333/1169/1166 1334/1170/1167 1335/1171/1168
f 1335/1171/1168 1336/1172/1169 1333/1169/1166
f 1337/1173/1170 1334/1170/1167 1333/1169/1166
f 1338/1174/1171 1339/1175/1172 1340/1176/1173
f 1340/1176/1173 1341/1177/1174 1338/1174/1171
f 1342/1178/1175 1343/1179/1176 1339/1175/1172
f 1339/1175/1172 1338/1174/1171 1342/1178/1175
f 1334/1170/1167 1338/1174/1171 1341/1177/1174
f 1341/1177/1174 1335/1171/1168 1334/1170/1167
f 1337/1173/1170 1342/1178/1175 1338/1174/1171
f 1338/1174/1171 1334/1170/1167 1337/1173/1170
f 1344/1180/1177 1343/1179/1176 1342/1178/1175
f 1343/1179/1176 1344/1180/1177 1318/1154/1151
f 1343/1179/1176 1318/1154/1151 1321/1157/1154
f 1321/1157/1154 1331/1167/1164 1343/1179/1176
f 1343/1179/1176 1331/1167/1164 1326/1162/1159
f 1326/1162/1159 1339/1175/1172 1343/1179/1176
f 1339/1175/1172 1326/1162/1159 1325/1161/1158
f 1325/1161/1158 1340/1176/1173 1339/1175/1172
f 1326/1162/1159 1330/1166/1163 1328/1164/1161
f 1328/1164/1161 1345/1181/1178 1327/1163/1160
f 1332/1168/1165 1345/1181/1178 1328/1164/1161
f 1328/1164/1161 1330/1166/1163 1332/1168/1165
f 1346/1182/1179 1347/1183/1180 1348/1184/1181
f 1348/1184/1181 1349/1185/1182 1346/1182/1179
f 1350/1186/1183 1349/1185/1182 1348/1184/1181
f 1348/1184/1181 1351/1187/1184 1350/1186/1183
f 1352/1188/1185 1350/1186/1183 1351/1187/1184
f 1353/1189/1158 1354/1190/1186 1355/1191/1187
f 1355/1191/1187 1354/1190/1186 1356/1192/1188
f 1347/1183/1180 1357/1193/1189 1358/1194/1190
f 1358/1194/1190 1359/1195/1191 1347/1183/1180
f 1348/1184/1181 1359/1195/1191 1351/1187/1184
f 1359/1195/1191 1358/1194/1190 1360/1196/1165
f 1351/1187/1184 1359/1195/1191 1360/1196/1165
f 1355/1191/1187 1358/1194/1190 1357/1193/1189
f 1359/1195/1191 1348/1184/1181 1347/1183/1180
f 1361/1197/1192 1362/1198/1193 1363/1199/1194
f 1363/1199/1194 1364/1200/1195 1361/1197/1192
f 1365/1201/1196 1361/1197/1192 1364/1200/1195
f 1366/1202/1197 1367/1203/1174 1368/1204/1173
f 1368/1204/1173 1369/1205/1198 1366/1202/1197
f 1370/1206/1199 1366/1202/1197 1369/1205/1198
f 1369/1205/1198 1371/1207/1200 1370/1206/1199
f 1364/1200/1195 1363/1199/1194 1367/1203/1174
f 1367/1203/1174 1366/1202/1197 1364/1200/1195
f 1365/1201/1196 1364/1200/1195 1366/1202/1197
f 1366/1202/1197 1370/1206/1199 1365/1201/1196
f 1372/1208/1201 1370/1206/1199 1371/1207/1200
f 1371/1207/1200 1346/1182/1179 1372/1208/1201
f 1371/1207/1200 1357/1193/1189 1347/1183/1180
f 1347/1183/1180 1346/1182/1179 1371/1207/1200
f 1371/1207/1200 1369/1205/1198 1355/1191/1187
f 1355/1191/1187 1357/1193/1189 1371/1207/1200
f 1369/1205/1198 1368/1204/1173 1353/1189/1158
f 1353/1189/1158 1355/1191/1187 1369/1205/1198
f 1355/1191/1187 1356/1192/1188 1358/1194/1190
f 1356/1192/1188 1354/1190/1186 1373/1209/1178
f 1360/1196/1165 1356/1192/1188 1373/1209/1178
f 1356/1192/1188 1360/1196/1165 1358/1194/1190
f 1374/1210/1202 1375/1211/1203 1376/1212/1204
f 1376/1212/1204 1377/1213/1205 1374/1210/1202
f 1378/1214/1206 1374/1210/1202 1377/1213/1205
f 1377/1213/1205 1379/1215/1207 1378/1214/1206
f 1380/1216/1208 1378/1214/1206 1379/1215/1207
f 1379/1215/1207 1381/1217/1209 1380/1216/1208
f 1382/1218/1210 1380/1216/1208 1381/1217/1209
f 1381/1217/1209 1383/1219/1211 1382/1218/1210
f 1382/1218/1210 1383/1219/1211 1384/1220/1212
f 1384/1220/1212 1385/1221/1213 1382/1218/1210
f 1386/1222/1214 1387/1223/1215 1388/1224/1216
f 1388/1224/1216 1389/1225/1217 1386/1222/1214
f 1389/1225/1217 1388/1224/1216 1390/1226/1218
f 1390/1226/1218 1391/1227/1219 1389/1225/1217
f 1391/1227/1219 1390/1226/1218 1392/1228/1220
f 1392/1228/1220 1393/1229/1221 1391/1227/1219
f 1393/1229/1221 1392/1228/1220 1394/1230/1222
f 1394/1230/1222 1395/1231/1223 1393/1229/1221
f 1395/1231/1223 1394/1230/1222 1396/1232/1224
f 1396/1232/1224 1397/1233/1225 1395/1231/1223
f 1397/1233/1225 1396/1232/1224 1398/1234/1226
f 1398/1234/1226 1399/1235/1227 1397/1233/1225
f 1400/1236/1228 1399/1235/1227 1398/1234/1226
f 1398/1234/1226 1401/1237/1229 1400/1236/1228
f 1402/1238/1230 1400/1236/1228 1401/1237/1229
f 1401/1237/1229 1403/1239/1231 1402/1238/1230
f 1404/1240/1232 1402/1238/1230 1403/1239/1231
f 1403/1239/1231 1405/1241/1233 1404/1240/1232
f 1406/1242/1234 1404/1240/1232 1405/1241/1233
f 1405/1241/1233 1407/1243/1235 1406/1242/1234
f 1408/1244/1236 1409/1245/1237 1410/1246/1238
f 1410/1246/1238 1411/1247/1239 1408/1244/1236
f 1412/1248/1240 1408/1244/1236 1411/1247/1239
f 1411/1247/1239 1413/1249/1241 1412/1248/1240
f 1414/1250/1242 1412/1248/1240 1413/1249/1241
f 1413/1249/1241 1415/1251/1243 1414/1250/1242
f 1416/1252/1244 1414/1250/1242 1415/1251/1243
f 1415/1251/1243 1417/1253/1245 1416/1252/1244
f 1375/1211/1203 1416/1252/1244 1417/1253/1245
f 1417/1253/1245 1376/1212/1204 1375/1211/1203
f 1377/1213/1205 1376/1212/1204 1418/1254/1246
f 1418/1254/1246 1419/1255/1247 1377/1213/1205
f 1379/1215/1207 1377/1213/1205 1419/1255/1247
f 1419/1255/1247 1420/1256/1248 1379/1215/1207
f 1379/1215/1207 1420/1256/1248 1421/1257/1249
f 1421/1257/1249 1381/1217/1209 1379/1215/1207
f 1381/1217/1209 1421/1257/1249 1422/1258/1250
f 1422/1258/1250 1383/1219/1211 1381/1217/1209
f 1383/1219/1211 1422/1258/1250 1423/1259/1251
f 1423/1259/1251 1384/1220/1212 1383/1219/1211
f 1388/1224/1216 1387/1223/1215 1424/1260/1252
f 1424/1260/1252 1425/1261/1253 1388/1224/1216
f 1390/1226/1218 1388/1224/1216 1425/1261/1253
f 1425/1261/1253 1426/1262/1254 1390/1226/1218
f 1392/1228/1220 1390/1226/1218 1426/1262/1254
f 1426/1262/1254 1427/1263/1255 1392/1228/1220
f 1394/1230/1222 1392/1228/1220 1427/1263/1255
f 1427/1263/1255 1428/1264/1256 1394/1230/1222
f 1394/1230/1222 1428/1264/1256 1429/1265/1257
f 1429/1265/1257 1396/1232/1224 1394/1230/1222
f 1396/1232/1224 1429/1265/1257 1430/1266/1258
f 1430/1266/1258 1398/1234/1226 1396/1232/1224
f 1398/1234/1226 1430/1266/1258 1431/1267/1259
f 1431/1267/1259 1401/1237/1229 1398/1234/1226
f 1401/1237/1229 1431/1267/1259 1432/1268/1260
f 1432/1268/1260 1403/1239/1231 1401/1237/1229
f 1403/1239/1231 1432/1268/1260 1433/1269/1261
f 1433/1269/1261 1405/1241/1233 1403/1239/1231
f 1405/1241/1233 1433/1269/1261 1434/1270/1262
f 1434/1270/1262 1407/1243/1235 1405/1241/1233
f 1411/1247/1239 1410/1246/1238 1435/1271/1263
f 1435/1271/1263 1436/1272/1264 1411/1247/1239
f 1413/1249/1241 1411/1247/1239 1436/1272/1264
f 1436/1272/1264 1437/1273/1265 1413/1249/1241
f 1415/1251/1243 1413/1249/1241 1437/1273/1265
f 1437/1273/1265 1438/1274/1266 1415/1251/1243
f 1417/1253/1245 1415/1251/1243 1438/1274/1266
f 1438/1274/1266 1439/1275/1267 1417/1253/1245
f 1376/1212/1204 1417/1253/1245 1439/1275/1267
f 1439/1275/1267 1418/1254/1246 1376/1212/1204
f 1419/1255/1247 1418/1254/1246 1440/1276/1268
f 1440/1276/1268 1441/1277/1269 1419/1255/1247
f 1442/1278/1270 1420/1256/1248 1419/1255/1247
f 1419/1255/1247 1441/1277/1269 1442/1278/1270
f 1443/1279/1271 1421/1257/1249 1420/1256/1248
f 1420/1256/1248 1442/1278/1270 1443/1279/1271
f 1444/1280/1272 1422/1258/1250 1421/1257/1249
f 1421/1257/1249 1443/1279/1271 1444/1280/1272
f 1445/1281/1273 1423/1259/1251 1422/1258/1250
f 1422/1258/1250 1444/1280/1272 1445/1281/1273
f 1446/1282/1274 1425/1261/1253 1424/1260/1252
f 1424/1260/1252 1447/1283/1273 1446/1282/1274
f 1426/1262/1254 1425/1261/1253 1446/1282/1274
f 1446/1282/1274 1448/1284/1275 1426/1262/1254
f 1427/1263/1255 1426/1262/1254 1448/1284/1275
f 1448/1284/1275 1449/1285/1276 1427/1263/1255
f 1450/1286/1277 1428/1264/1256 1427/1263/1255
f 1427/1263/1255 1449/1285/1276 1450/1286/1277
f 1451/1287/1278 1429/1265/1257 1428/1264/1256
f 1428/1264/1256 1450/1286/1277 1451/1287/1278
f 1452/1288/1279 1430/1266/1258 1429/1265/1257
f 1429/1265/1257 1451/1287/1278 1452/1288/1279
f 1453/1289/1280 1431/1267/1259 1430/1266/1258
f 1430/1266/1258 1452/1288/1279 1453/1289/1280
f 1454/1290/1281 1432/1268/1260 1431/1267/1259
f 1431/1267/1259 1453/1289/1280 1454/1290/1281
f 1455/1291/1282 1433/1269/1261 1432/1268/1260
f 1432/1268/1260 1454/1290/1281 1455/1291/1282
f 1456/1292/1283 1434/1270/1262 1433/1269/1261
f 1433/1269/1261 1455/1291/1282 1456/1292/1283
f 1436/1272/1264 1435/1271/1263 1457/1293/1283
f 1457/1293/1283 1458/1294/1284 1436/1272/1264
f 1437/1273/1265 1436/1272/1264 1458/1294/1284
f 1458/1294/1284 1459/1295/1285 1437/1273/1265
f 1438/1274/1266 1437/1273/1265 1459/1295/1285
f 1459/1295/1285 1460/1296/1286 1438/1274/1266
f 1439/1275/1267 1438/1274/1266 1460/1296/1286
f 1460/1296/1286 1461/1297/1287 1439/1275/1267
f 1418/1254/1246 1439/1275/1267 1461/1297/1287
f 1461/1297/1287 1440/1276/1268 1418/1254/1246
f 1375/1211/1203 1374/1210/1202 1462/1298/1288
f 1462/1298/1288 1463/1299/1289 1375/1211/1203
f 1416/1252/1244 1375/1211/1203 1463/1299/1289
f 1463/1299/1289 1464/1300/1290 1416/1252/1244
f 1414/1250/1242 1416/1252/1244 1464/1300/1290
f 1464/1300/1290 1465/1301/1291 1414/1250/1242
f 1412/1248/1240 1414/1250/1242 1465/1301/1291
f 1465/1301/1291 1466/1302/1292 1412/1248/1240
f 1408/1244/1236 1412/1248/1240 1466/1302/1292
f 1466/1302/1292 1467/1303/1293 1408/1244/1236
f 1409/1245/1237 1408/1244/1236 1467/1303/1293
f 1467/1303/1293 1468/1304/1294 1409/1245/1237
f 1404/1240/1232 1406/1242/1234 1469/1305/1295
f 1469/1305/1295 1470/1306/1296 1404/1240/1232
f 1402/1238/1230 1404/1240/1232 1470/1306/1296
f 1470/1306/1296 1471/1307/1297 1402/1238/1230
f 1402/1238/1230 1471/1307/1297 1472/1308/1298
f 1472/1308/1298 1400/1236/1228 1402/1238/1230
f 1400/1236/1228 1472/1308/1298 1473/1309/1299
f 1473/1309/1299 1399/1235/1227 1400/1236/1228
f 1399/1235/1227 1473/1309/1299 1474/1310/1300
f 1474/1310/1300 1397/1233/1225 1399/1235/1227
f 1397/1233/1225 1474/1310/1300 1475/1311/1301
f 1475/1311/1301 1395/1231/1223 1397/1233/1225
f 1395/1231/1223 1475/1311/1301 1476/1312/1302
f 1476/1312/1302 1393/1229/1221 1395/1231/1223
f 1393/1229/1221 1476/1312/1302 1477/1313/1303
f 1477/1313/1303 1391/1227/1219 1393/1229/1221
f 1389/1225/1217 1391/1227/1219 1477/1313/1303
f 1477/1313/1303 1478/1314/1304 1389/1225/1217
f 1386/1222/1214 1389/1225/1217 1478/1314/1304
f 1478/1314/1304 1479/1315/1305 1386/1222/1214
f 1382/1218/1210 1385/1221/1213 1480/1315/1306
f 1480/1315/1306 1481/1316/1307 1382/1218/1210
f 1380/1216/1208 1382/1218/1210 1481/1316/1307
f 1481/1316/1307 1482/1317/1308 1380/1216/1208
f 1378/1214/1206 1380/1216/1208 1482/1317/1308
f 1482/1317/1308 1483/1318/1309 1378/1214/1206
f 1374/1210/1202 1378/1214/1206 1483/1318/1309
f 1483/1318/1309 1462/1298/1288 1374/1210/1202
f 1484/1319/1310 1463/1299/1289 1462/1298/1288
f 1462/1298/1288 1485/1320/1311 1484/1319/1310
f 1486/1321/1312 1464/1300/1290 1463/1299/1289
f 1463/1299/1289 1484/1319/1310 1486/1321/1312
f 1487/1322/1313 1465/1301/1291 1464/1300/1290
f 1464/1300/1290 1486/1321/1312 1487/1322/1313
f 1488/1323/1314 1466/1302/1292 1465/1301/1291
f 1465/1301/1291 1487/1322/1313 1488/1323/1314
f 1489/1324/1315 1467/1303/1293 1466/1302/1292
f 1466/1302/1292 1488/1323/1314 1489/1324/1315
f 1490/1325/1316 1468/1304/1294 1467/1303/1293
f 1467/1303/1293 1489/1324/1315 1490/1325/1316
f 1491/1326/1317 1470/1306/1296 1469/1305/1295
f 1469/1305/1295 1492/1327/1316 1491/1326/1317
f 1493/1328/1318 1471/1307/1297 1470/1306/1296
f 1470/1306/1296 1491/1326/1317 1493/1328/1318
f 1494/1329/1319 1472/1308/1298 1471/1307/1297
f 1471/1307/1297 1493/1328/1318 1494/1329/1319
f 1495/1330/1320 1473/1309/1299 1472/1308/1298
f 1472/1308/1298 1494/1329/1319 1495/1330/1320
f 1496/1331/1321 1474/1310/1300 1473/1309/1299
f 1473/1309/1299 1495/1330/1320 1496/1331/1321
f 1475/1311/1301 1474/1310/1300 1496/1331/1321
f 1496/1331/1321 1497/1332/1322 1475/1311/1301
f 1476/1312/1302 1475/1311/1301 1497/1332/1322
f 1497/1332/1322 1498/1333/1323 1476/1312/1302
f 1499/1334/1324 1477/1313/1303 1476/1312/1302
f 1476/1312/1302 1498/1333/1323 1499/1334/1324
f 1500/1335/1325 1478/1314/1304 1477/1313/1303
f 1477/1313/1303 1499/1334/1324 1500/1335/1325
f 1501/1336/1326 1479/1315/1305 1478/1314/1304
f 1478/1314/1304 1500/1335/1325 1501/1336/1326
f 1502/1337/1327 1481/1316/1307 1480/1315/1306
f 1480/1315/1306 1503/1338/1326 1502/1337/1327
f 1504/1339/1328 1482/1317/1308 1481/1316/1307
f 1481/1316/1307 1502/1337/1327 1504/1339/1328
f 1505/1340/1329 1483/1318/1309 1482/1317/1308
f 1482/1317/1308 1504/1339/1328 1505/1340/1329
f 1485/1320/1311 1462/1298/1288 1483/1318/1309
f 1483/1318/1309 1505/1340/1329 1485/1320/1311
f 1506/1341/1268 1507/1342/1330 1508/1343/1331
f 1508/1343/1331 1509/1344/1269 1506/1341/1268
f 1509/1344/1269 1508/1343/1331 1510/1345/1332
f 1510/1345/1332 1511/1346/1270 1509/1344/1269
f 1511/1346/1270 1510/1345/1332 1512/1347/1333
f 1512/1347/1333 1513/1348/1271 1511/1346/1270
f 1513/1348/1271 1512/1347/1333 1514/1349/1334
f 1514/1349/1334 1515/1350/1272 1513/1348/1271
f 1515/1350/1272 1514/1349/1334 1516/1351/1335
f 1516/1351/1335 1517/1352/1273 1515/1350/1272
f 1518/1353/1273 1519/1354/1336 1520/1355/1337
f 1520/1355/1337 1521/1356/1274 1518/1353/1273
f 1521/1356/1274 1520/1355/1337 1522/1357/1338
f 1522/1357/1338 1523/1358/1275 1521/1356/1274
f 1523/1358/1275 1522/1357/1338 1524/1359/1339
f 1524/1359/1339 1525/1360/1340 1523/1358/1275
f 1525/1360/1340 1524/1359/1339 1526/1361/1341
f 1526/1361/1341 1527/1362/1342 1525/1360/1340
f 1527/1362/1342 1526/1361/1341 1528/1363/1343
f 1528/1363/1343 1529/1364/1344 1527/1362/1342
f 1529/1364/1344 1528/1363/1343 1530/1365/1345
f 1530/1365/1345 1531/1366/1346 1529/1364/1344
f 1531/1366/1346 1530/1365/1345 1532/1367/1347
f 1532/1367/1347 1533/1368/1348 1531/1366/1346
f 1533/1368/1348 1532/1367/1347 1534/1369/1349
f 1534/1369/1349 1535/1370/1350 1533/1368/1348
f 1535/1370/1350 1534/1369/1349 1536/1371/1351
f 1536/1371/1351 1537/1372/1282 1535/1370/1350
f 1537/1372/1282 1536/1371/1351 1538/1373/1352
f 1538/1373/1352 1539/1374/1353 1537/1372/1282
f 1540/1375/1354 1541/1376/1355 1542/1377/1356
f 1542/1377/1356 1543/1378/1284 1540/1375/1354
f 1543/1378/1284 1542/1377/1356 1544/1379/1357
f 1544/1379/1357 1545/1380/1285 1543/1378/1284
f 1545/1380/1285 1544/1379/1357 1546/1381/1358
f 1546/1381/1358 1547/1382/1286 1545/1380/1285
f 1547/1382/1286 1546/1381/1358 1548/1383/1359
f 1548/1383/1359 1549/1384/1360 1547/1382/1286
f 1549/1384/1360 1548/1383/1359 1507/1342/1330
f 1507/1342/1330 1506/1341/1268 1549/1384/1360
f 1550/1385/1361 1551/1386/1362 1508/1343/1331
f 1508/1343/1331 1507/1342/1330 1550/1385/1361
f 1551/1386/1362 1552/1387/1363 1510/1345/1332
f 1510/1345/1332 1508/1343/1331 1551/1386/1362
f 1552/1387/1363 1553/1388/1364 1512/1347/1333
f 1512/1347/1333 1510/1345/1332 1552/1387/1363
f 1553/1388/1364 1554/1389/1365 1514/1349/1334
f 1514/1349/1334 1512/1347/1333 1553/1388/1364
f 1554/1389/1365 1555/1390/1366 1516/1351/1335
f 1516/1351/1335 1514/1349/1334 1554/1389/1365
f 1519/1354/1336 1556/1391/1367 1557/1392/1368
f 1557/1392/1368 1520/1355/1337 1519/1354/1336
f 1520/1355/1337 1557/1392/1368 1558/1393/1369
f 1558/1393/1369 1522/1357/1338 1520/1355/1337
f 1522/1357/1338 1558/1393/1369 1559/1394/1370
f 1559/1394/1370 1524/1359/1339 1522/1357/1338
f 1524/1359/1339 1559/1394/1370 1560/1395/1371
f 1560/1395/1371 1526/1361/1341 1524/1359/1339
f 1526/1361/1341 1560/1395/1371 1561/1396/1372
f 1561/1396/1372 1528/1363/1343 1526/1361/1341
f 1528/1363/1343 1561/1396/1372 1562/1397/1373
f 1562/1397/1373 1530/1365/1345 1528/1363/1343
f 1530/1365/1345 1562/1397/1373 1563/1398/1374
f 1563/1398/1374 1532/1367/1347 1530/1365/1345
f 1532/1367/1347 1563/1398/1374 1564/1399/1375
f 1564/1399/1375 1534/1369/1349 1532/1367/1347
f 1534/1369/1349 1564/1399/1375 1565/1400/1376
f 1565/1400/1376 1536/1371/1351 1534/1369/1349
f 1536/1371/1351 1565/1400/1376 1566/1401/1377
f 1566/1401/1377 1538/1373/1352 1536/1371/1351
f 1567/1402/1378 1568/1403/1379 1542/1377/1356
f 1542/1377/1356 1541/1376/1355 1567/1402/1378
f 1568/1403/1379 1569/1404/1380 1544/1379/1357
f 1544/1379/1357 1542/1377/1356 1568/1403/1379
f 1569/1404/1380 1570/1405/1381 1546/1381/1358
f 1546/1381/1358 1544/1379/1357 1569/1404/1380
f 1570/1405/1381 1571/1406/1382 1548/1383/1359
f 1548/1383/1359 1546/1381/1358 1570/1405/1381
f 1571/1406/1382 1550/1385/1361 1507/1342/1330
f 1507/1342/1330 1548/1383/1359 1571/1406/1382
s 0
f 1572/1407/1383 1573/1408/1383 1574/1409/1383
f 1575/1409/1383 1576/1410/1383 1577/1411/1383
f 1578/1407/1383 1579/1409/1383 1580/1411/1383
s 1
f 1581/1411/1383 1582/1412/1383 1583/1413/1383
s 0
f 1584/1413/1384 1585/1414/1384 1586/1415/1384
f 1587/1411/1383 1588/1413/1383 1589/1415/1383
s 1
f 1590/1407/1383 1591/1411/1383 1592/1415/1383
s 0
f 1593/1415/1383 1594/1416/1383 1595/1417/1383
f 1596/1417/1385 1597/1418/1385 1598/1419/1385
f 1599/1415/1383 1600/1417/1383 1601/1419/1383
f 1602/1407/1383 1603/1415/1383 1604/1419/1383
f 1605/1419/1383 1606/1420/1383 1607/1421/1383
f 1608/1421/1383 1609/1422/1383 1610/1423/1383
f 1611/1419/1383 1612/1421/1383 1613/1423/1383
f 1614/1407/1383 1615/1419/1383 1616/1423/1383
s 1
f 1617/1423/1383 1618/1424/1383 1619/1425/1383
f 1620/1407/1383 1621/1423/1383 1622/1425/1383
s 0
f 1623/1426/1383 1624/1407/1383 1625/1425/1383
s 1
f 1626/1427/1386 1627/1428/1387 1628/1429/1388
f 1628/1429/1388 1629/1430/1389 1626/1427/1386
f 1629/1430/1389 1628/1429/1388 1630/1431/1390
f 1630/1431/1390 1631/1432/1391 1629/1430/1389
f 1631/1432/1391 1630/1431/1390 1632/1433/1392
f 1632/1433/1392 1633/1434/1393 1631/1432/1391
f 1634/1435/1394 1635/1436/1395 1636/1437/1396
f 1636/1437/1396 1637/1438/1397 1634/1435/1394
f 1637/1438/1397 1636/1437/1396 1638/1439/1398
f 1638/1439/1398 1639/1440/1399 1637/1438/1397
f 1639/1440/1399 1638/1439/1398 1640/1441/1400
f 1640/1441/1400 1641/1442/1401 1639/1440/1399
f 1641/1442/1401 1640/1441/1400 1642/1443/1402
f 1642/1443/1402 1643/1444/1403 1641/1442/1401
f 1643/1444/1403 1642/1443/1402 1644/1445/1404
f 1644/1445/1404 1645/1446/1405 1643/1444/1403
f 1646/1447/1404 1647/1448/1406 1648/1449/1407
f 1648/1449/1407 1649/1450/1408 1646/1447/1404
f 1649/1450/1408 1648/1449/1407 1627/1428/1387
f 1627/1428/1387 1626/1427/1386 1649/1450/1408
f 1650/1451/1409 1651/1452/1410 1652/1453/1411
f 1652/1453/1411 1653/1454/1412 1650/1451/1409
f 1654/1455/1413 1650/1451/1409 1653/1454/1412
f 1653/1454/1412 1655/1456/1414 1654/1455/1413
f 1656/1457/1415 1654/1455/1413 1655/1456/1414
f 1655/1456/1414 1657/1458/1416 1656/1457/1415
f 1658/1459/1417 1656/1457/1415 1657/1458/1416
f 1657/1458/1416 1659/1460/1418 1658/1459/1417
f 1660/1461/1419 1661/1462/1420 1658/1459/1417
f 1658/1459/1417 1659/1460/1418 1660/1461/1419
f 1662/1463/1421 1663/1464/1422 1661/1462/1420
f 1661/1462/1420 1660/1461/1419 1662/1463/1421
f 1664/1465/1423 1665/1466/1424 1666/1467/1425
f 1666/1467/1425 1667/1468/1426 1664/1465/1423
f 1668/1469/1427 1669/1470/1428 1665/1466/1424
f 1665/1466/1424 1664/1465/1423 1668/1469/1427
f 1670/1471/1429 1671/1472/1430 1669/1470/1428
f 1669/1470/1428 1668/1469/1427 1670/1471/1429
f 1672/1473/1431 1673/1474/1432 1671/1472/1430
f 1671/1472/1430 1670/1471/1429 1672/1473/1431
f 1674/1475/1433 1675/1476/1434 1673/1474/1432
f 1673/1474/1432 1672/1473/1431 1674/1475/1433
f 1676/1477/1435 1677/1478/1436 1675/1476/1434
f 1675/1476/1434 1674/1475/1433 1676/1477/1435
f 1678/1479/1437 1679/1480/1438 1677/1478/1436
f 1677/1478/1436 1676/1477/1435 1678/1479/1437
f 1680/1481/1439 1681/1482/1440 1679/1480/1438
f 1679/1480/1438 1678/1479/1437 1680/1481/1439
f 1682/1483/1441 1683/1484/1442 1681/1482/1440
f 1681/1482/1440 1680/1481/1439 1682/1483/1441
f 1684/1485/1443 1685/1486/1444 1683/1484/1442
f 1683/1484/1442 1682/1483/1441 1684/1485/1443
f 1686/1487/1445 1687/1488/1446 1688/1489/1447
f 1688/1489/1447 1689/1490/1448 1686/1487/1445
f 1690/1491/1449 1691/1492/1450 1687/1488/1446
f 1687/1488/1446 1686/1487/1445 1690/1491/1449
f 1692/1493/1451 1691/1492/1450 1690/1491/1449
f 1690/1491/1449 1693/1494/1452 1692/1493/1451
f 1651/1452/1410 1692/1493/1451 1693/1494/1452
f 1693/1494/1452 1652/1453/1411 1651/1452/1410
f 1694/1495/1453 1695/1496/1454 1651/1452/1410
f 1651/1452/1410 1650/1451/1409 1694/1495/1453
f 1696/1497/1455 1694/1495/1453 1650/1451/1409
f 1650/1451/1409 1654/1455/1413 1696/1497/1455
f 1697/1498/1456 1696/1497/1455 1654/1455/1413
f 1654/1455/1413 1656/1457/1415 1697/1498/1456
f 1698/1499/1457 1697/1498/1456 1656/1457/1415
f 1656/1457/1415 1658/1459/1417 1698/1499/1457
f 1661/1462/1420 1699/1500/1458 1698/1499/1457
f 1698/1499/1457 1658/1459/1417 1661/1462/1420
f 1663/1464/1422 1700/1501/1459 1699/1500/1458
f 1699/1500/1458 1661/1462/1420 1663/1464/1422
f 1665/1466/1424 1701/1502/1460 1702/1503/1461
f 1702/1503/1461 1666/1467/1425 1665/1466/1424
f 1669/1470/1428 1703/1504/1462 1701/1502/1460
f 1701/1502/1460 1665/1466/1424 1669/1470/1428
f 1671/1472/1430 1704/1505/1463 1703/1504/1462
f 1703/1504/1462 1669/1470/1428 1671/1472/1430
f 1673/1474/1432 1705/1506/1464 1704/1505/1463
f 1704/1505/1463 1671/1472/1430 1673/1474/1432
f 1675/1476/1434 1706/1507/1465 1705/1506/1464
f 1705/1506/1464 1673/1474/1432 1675/1476/1434
f 1677/1478/1436 1707/1508/1466 1706/1507/1465
f 1706/1507/1465 1675/1476/1434 1677/1478/1436
f 1679/1480/1438 1708/1509/1467 1707/1508/1466
f 1707/1508/1466 1677/1478/1436 1679/1480/1438
f 1681/1482/1440 1709/1510/1468 1708/1509/1467
f 1708/1509/1467 1679/1480/1438 1681/1482/1440
f 1683/1484/1442 1710/1511/1469 1709/1510/1468
f 1709/1510/1468 1681/1482/1440 1683/1484/1442
f 1685/1486/1444 1711/1512/1470 1710/1511/1469
f 1710/1511/1469 1683/1484/1442 1685/1486/1444
f 1687/1488/1446 1712/1513/1471 1713/1514/1472
f 1713/1514/1472 1688/1489/1447 1687/1488/1446
f 1691/1492/1450 1714/1515/1473 1712/1513/1471
f 1712/1513/1471 1687/1488/1446 1691/1492/1450
f 1715/1516/1474 1714/1515/1473 1691/1492/1450
f 1691/1492/1450 1692/1493/1451 1715/1516/1474
f 1695/1496/1454 1715/1516/1474 1692/1493/1451
f 1692/1493/1451 1651/1452/1410 1695/1496/1454
f 1716/1517/1475 1717/1518/1476 1718/1519/1477
f 1719/1520/1478 1716/1517/1475 1718/1519/1477
f 1720/1521/1479 1719/1520/1478 1718/1519/1477
f 1721/1522/1480 1720/1521/1479 1718/1519/1477
f 1722/1523/1481 1721/1522/1480 1718/1519/1477
f 1723/1524/1482 1722/1523/1481 1718/1519/1477
f 1724/1523/1483 1725/1524/1482 1726/1519/1484
f 1727/1522/1485 1724/1523/1483 1726/1519/1484
f 1728/1521/1486 1727/1522/1485 1726/1519/1484
f 1729/1520/1487 1728/1521/1486 1726/1519/1484
f 1730/1517/1488 1729/1520/1487 1726/1519/1484
f 1731/1518/1489 1730/1517/1488 1726/1519/1484
f 1732/1525/1490 1731/1518/1489 1726/1519/1484
f 1733/1526/1491 1732/1525/1490 1726/1519/1484
f 1734/1527/1492 1733/1526/1491 1726/1519/1484
f 1735/1528/1493 1734/1527/1492 1726/1519/1484
f 1736/1527/1494 1737/1528/1493 1718/1519/1477
f 1738/1526/1495 1736/1527/1494 1718/1519/1477
f 1739/1525/1496 1738/1526/1495 1718/1519/1477
f 1717/1518/1476 1739/1525/1496 1718/1519/1477
f 1740/1529/1497 1741/1530/1498 1742/1531/1499
f 1742/1531/1499 1743/1532/1500 1740/1529/1497
f 1744/1533/1501 1740/1529/1497 1743/1532/1500
f 1743/1532/1500 1745/1534/1502 1744/1533/1501
f 1746/1535/1503 1744/1533/1501 1745/1534/1502
f 1745/1534/1502 1747/1536/1504 1746/1535/1503
f 1748/1533/1505 1749/1535/1506 1750/1536/1507
f 1750/1536/1507 1751/1534/1508 1748/1533/1505
f 1752/1529/1509 1748/1533/1505 1751/1534/1508
f 1751/1534/1508 1753/1532/1510 1752/1529/1509
f 1754/1530/1511 1752/1529/1509 1753/1532/1510
f 1753/1532/1510 1755/1531/1512 1754/1530/1511
f 1756/1537/1513 1754/1530/1511 1755/1531/1512
f 1755/1531/1512 1757/1538/1514 1756/1537/1513
f 1758/1539/1515 1756/1537/1513 1757/1538/1514
f 1757/1538/1514 1759/1540/1515 1758/1539/1515
f 1760/1537/1516 1761/1539/1517 1762/1540/1518
f 1762/1540/1518 1763/1538/1519 1760/1537/1516
f 1741/1530/1498 1760/1537/1516 1763/1538/1519
f 1763/1538/1519 1742/1531/1499 1741/1530/1498
f 1764/1541/1385 1765/1541/1385 1766/1541/1385
s 0
f 1767/1541/1520 1768/1541/1520 1769/1541/1520
f 1770/1541/1385 1771/1541/1385 1772/1541/1385
s 1
f 1773/1541/1521 1774/1541/1522 1775/1541/1521
s 0
f 1776/1541/1383 1777/1541/1383 1778/1541/1383
f 1779/1541/1383 1780/1541/1383 1781/1541/1383
f 1782/1541/1383 1783/1541/1383 1784/1541/1383
f 1785/1541/1384 1786/1541/1384 1787/1541/1384
s 1
f 1788/1542/1523 1789/1543/1524 1790/1544/1525
f 1790/1544/1525 1791/1545/1526 1788/1542/1523
f 1791/1545/1526 1790/1544/1525 1792/1546/1527
f 1792/1546/1527 1793/1547/1528 1791/1545/1526
f 1793/1547/1528 1792/1546/1527 1794/1548/1529
f 1794/1548/1529 1795/1549/1530 1793/1547/1528
f 1795/1549/1530 1794/1548/1529 1796/1550/1531
f 1796/1550/1531 1797/1551/1532 1795/1549/1530
f 1797/1551/1532 1796/1550/1531 1798/1552/1533
f 1798/1552/1533 1799/1553/1534 1797/1551/1532
f 1799/1553/1534 1798/1552/1533 1800/1554/1535
f 1800/1554/1535 1801/1555/1536 1799/1553/1534
f 1801/1555/1536 1800/1554/1535 1802/1556/1537
f 1802/1556/1537 1803/1557/1538 1801/1555/1536
f 1803/1557/1538 1802/1556/1537 1804/1558/1539
f 1804/1558/1539 1805/1559/1540 1803/1557/1538
f 1805/1559/1540 1804/1558/1539 1806/1560/1541
f 1806/1560/1541 1807/1561/1542 1805/1559/1540
f 1807/1561/1542 1806/1560/1541 1808/1562/1543
f 1808/1562/1543 1809/1563/1544 1807/1561/1542
f 1809/1563/1544 1808/1562/1543 1810/1564/1545
f 1810/1564/1545 1811/1565/1546 1809/1563/1544
f 1811/1565/1546 1810/1564/1545 1812/1566/1547
f 1812/1566/1547 1813/1567/1548 1811/1565/1546
f 1813/1567/1548 1812/1566/1547 1814/1568/1549
f 1814/1568/1549 1815/1569/1550 1813/1567/1548
f 1815/1569/1550 1814/1568/1549 1816/1570/1551
f 1816/1570/1551 1817/1571/1552 1815/1569/1550
f 1817/1571/1552 1816/1570/1551 1818/1572/1553
f 1818/1572/1553 1819/1573/1554 1817/1571/1552
f 1819/1573/1554 1818/1572/1553 1820/1574/1555
f 1820/1574/1555 1821/1575/1556 1819/1573/1554
f 1821/1575/1556 1820/1574/1555 1822/1576/1557
f 1822/1576/1557 1823/1577/1558 1821/1575/1556
f 1823/1577/1558 1822/1576/1557 1824/1578/1559
f 1824/1578/1559 1825/1579/1560 1823/1577/1558
f 1825/1579/1560 1824/1578/1559 1826/1580/1561
f 1826/1580/1561 1827/1581/1562 1825/1579/1560
f 1827/1581/1562 1826/1580/1561 1789/1543/1524
f 1789/1543/1524 1788/1542/1523 1827/1581/1562
f 1789/1543/1524 1828/1582/1563 1790/1544/1525
f 1790/1544/1525 1828/1582/1563 1792/1546/1527
f 1792/1546/1527 1828/1582/1563 1794/1548/1529
f 1794/1548/1529 1828/1582/1563 1796/1550/1531
f 1796/1550/1531 1828/1582/1563 1798/1552/1533
f 1798/1552/1533 1828/1582/1563 1800/1554/1535
f 1800/1554/1535 1828/1582/1563 1802/1556/1537
f 1802/1556/1537 1828/1582/1563 1804/1558/1539
f 1804/1558/1539 1828/1582/1563 1806/1560/1541
f 1806/1560/1541 1828/1582/1563 1808/1562/1543
f 1808/1562/1543 1828/1582/1563 1810/1564/1545
f 1810/1564/1545 1828/1582/1563 1812/1566/1547
f 1812/1566/1547 1828/1582/1563 1814/1568/1549
f 1814/1568/1549 1828/1582/1563 1816/1570/1551
f 1816/1570/1551 1828/1582/1563 1818/1572/1553
f 1818/1572/1553 1828/1582/1563 1820/1574/1555
f 1820/1574/1555 1828/1582/1563 1822/1576/1557
f 1822/1576/1557 1828/1582/1563 1824/1578/1559
f 1824/1578/1559 1828/1582/1563 1826/1580/1561
f 1826/1580/1561 1828/1582/1563 1789/1543/1524
s 0
f 1829/1583/1563 1830/1584/1563 1831/1585/1563
s 1
f 1832/1583/1563 1833/1585/1563 1834/1586/1563
s 0
f 1835/1587/1563 1836/1583/1563 1837/1586/1563
s 1
f 1838/1588/1564 1839/1589/1564 1840/1590/1564
s 0
f 1841/1589/1565 1842/1588/1565 1843/1591/1565
f 1844/1588/1565 1845/1592/1565 1846/1593/1565
f 1847/1592/1564 1848/1588/1564 1849/1594/1564
s 1
f 1850/1594/1566 1851/1588/1566 1852/1590/1566
s 0
f 1853/1595/1567 1854/1596/1567 1855/1597/1567
s 1
f 1856/1595/1568 1857/1598/1568 1858/1599/1568
s 0
f 1859/1598/1569 1860/1595/1569 1861/1600/1569
f 1862/1600/1568 1863/1595/1568 1864/1597/1568
f 1865/1595/1567 1866/1599/1567 1867/1601/1567
s 1
f 1868/1602/1570 1869/1603/1571 1870/1604/1572
f 1870/1604/1572 1871/1605/1573 1868/1602/1570
f 1872/1606/1574 1873/1607/1575 1869/1603/1571
f 1869/1603/1571 1868/1602/1570 1872/1606/1574
f 1874/1608/1576 1875/1609/1577 1873/1607/1575
f 1873/1607/1575 1872/1606/1574 1874/1608/1576
f 1876/1610/1578 1877/1611/1579 1875/1609/1577
f 1875/1609/1577 1874/1608/1576 1876/1610/1578
f 1876/1610/1578 1878/1612/1580 1879/1613/1581
f 1879/1613/1581 1877/1611/1579 1876/1610/1578
f 1880/1614/1582 1881/1615/1583 1882/1616/1584
f 1882/1616/1584 1883/1617/1585 1880/1614/1582
f 1881/1615/1583 1884/1618/1586 1885/1619/1587
f 1885/1619/1587 1882/1616/1584 1881/1615/1583
f 1884/1618/1586 1886/1620/1588 1887/1621/1589
f 1887/1621/1589 1885/1619/1587 1884/1618/1586
f 1886/1620/1588 1888/1622/1590 1889/1623/1591
f 1889/1623/1591 1887/1621/1589 1886/1620/1588
f 1888/1622/1590 1890/1624/1592 1891/1625/1593
f 1891/1625/1593 1889/1623/1591 1888/1622/1590
f 1890/1624/1592 1892/1626/1594 1893/1627/1595
f 1893/1627/1595 1891/1625/1593 1890/1624/1592
f 1894/1628/1596 1895/1629/1597 1893/1627/1595
f 1893/1627/1595 1892/1626/1594 1894/1628/1596
f 1896/1630/1598 1897/1631/1599 1895/1629/1597
f 1895/1629/1597 1894/1628/1596 1896/1630/1598
f 1898/1632/1600 1899/1633/1601 1897/1631/1599
f 1897/1631/1599 1896/1630/1598 1898/1632/1600
f 1900/1634/1602 1901/1635/1603 1899/1633/1601
f 1899/1633/1601 1898/1632/1600 1900/1634/1602
f 1902/1636/1604 1903/1637/1605 1904/1638/1606
f 1904/1638/1606 1905/1639/1607 1902/1636/1604
f 1906/1640/1608 1907/1641/1609 1903/1637/1605
f 1903/1637/1605 1902/1636/1604 1906/1640/1608
f 1908/1642/1610 1909/1643/1611 1907/1641/1609
f 1907/1641/1609 1906/1640/1608 1908/1642/1610
f 1910/1644/1612 1911/1645/1613 1909/1643/1611
f 1909/1643/1611 1908/1642/1610 1910/1644/1612
f 1871/1605/1573 1870/1604/1572 1911/1645/1613
f 1911/1645/1613 1910/1644/1612 1871/1605/1573
f 1869/1603/1571 1912/1646/1614 1913/1647/1615
f 1913/1647/1615 1870/1604/1572 1869/1603/1571
f 1873/1607/1575 1914/1648/1616 1912/1646/1614
f 1912/1646/1614 1869/1603/1571 1873/1607/1575
f 1873/1607/1575 1875/1609/1577 1915/1649/1617
f 1915/1649/1617 1914/1648/1616 1873/1607/1575
f 1875/1609/1577 1877/1611/1579 1916/1650/1618
f 1916/1650/1618 1915/1649/1617 1875/1609/1577
f 1877/1611/1579 1879/1613/1581 1917/1651/1619
f 1917/1651/1619 1916/1650/1618 1877/1611/1579
f 1882/1616/1584 1918/1652/1620 1919/1653/1621
f 1919/1653/1621 1883/1617/1585 1882/1616/1584
f 1885/1619/1587 1920/1654/1622 1918/1652/1620
f 1918/1652/1620 1882/1616/1584 1885/1619/1587
f 1887/1621/1589 1921/1655/1623 1920/1654/1622
f 1920/1654/1622 1885/1619/1587 1887/1621/1589
f 1889/1623/1591 1922/1656/1624 1921/1655/1623
f 1921/1655/1623 1887/1621/1589 1889/1623/1591
f 1889/1623/1591 1891/1625/1593 1923/1657/1625
f 1923/1657/1625 1922/1656/1624 1889/1623/1591
f 1891/1625/1593 1893/1627/1595 1924/1658/1626
f 1924/1658/1626 1923/1657/1625 1891/1625/1593
f 1893/1627/1595 1895/1629/1597 1925/1659/1627
f 1925/1659/1627 1924/1658/1626 1893/1627/1595
f 1895/1629/1597 1897/1631/1599 1926/1660/1628
f 1926/1660/1628 1925/1659/1627 1895/1629/1597
f 1897/1631/1599 1899/1633/1601 1927/1661/1629
f 1927/1661/1629 1926/1660/1628 1897/1631/1599
f 1899/1633/1601 1901/1635/1603 1928/1662/1630
f 1928/1662/1630 1927/1661/1629 1899/1633/1601
f 1903/1637/1605 1929/1663/1631 1930/1664/1632
f 1930/1664/1632 1904/1638/1606 1903/1637/1605
f 1907/1641/1609 1931/1665/1633 1929/1663/1631
f 1929/1663/1631 1903/1637/1605 1907/1641/1609
f 1909/1643/1611 1932/1666/1634 1931/1665/1633
f 1931/1665/1633 1907/1641/1609 1909/1643/1611
f 1911/1645/1613 1933/1667/1635 1932/1666/1634
f 1932/1666/1634 1909/1643/1611 1911/1645/1613
f 1870/1604/1572 1913/1647/1615 1933/1667/1635
f 1933/1667/1635 1911/1645/1613 1870/1604/1572
f 1912/1646/1614 1934/1668/1636 1935/1669/1637
f 1935/1669/1637 1913/1647/1615 1912/1646/1614
f 1936/1670/1638 1934/1668/1636 1912/1646/1614
f 1912/1646/1614 1914/1648/1616 1936/1670/1638
f 1937/1671/1639 1936/1670/1638 1914/1648/1616
f 1914/1648/1616 1915/1649/1617 1937/1671/1639
f 1938/1672/1640 1937/1671/1639 1915/1649/1617
f 1915/1649/1617 1916/1650/1618 1938/1672/1640
f 1939/1673/1641 1938/1672/1640 1916/1650/1618
f 1916/1650/1618 1917/1651/1619 1939/1673/1641
f 1940/1674/1642 1941/1675/1643 1919/1653/1621
f 1919/1653/1621 1918/1652/1620 1940/1674/1642
f 1920/1654/1622 1942/1676/1644 1940/1674/1642
f 1940/1674/1642 1918/1652/1620 1920/1654/1622
f 1921/1655/1623 1943/1677/1645 1942/1676/1644
f 1942/1676/1644 1920/1654/1622 1921/1655/1623
f 1944/1678/1646 1943/1677/1645 1921/1655/1623
f 1921/1655/1623 1922/1656/1624 1944/1678/1646
f 1945/1679/1647 1944/1678/1646 1922/1656/1624
f 1922/1656/1624 1923/1657/1625 1945/1679/1647
f 1946/1680/1648 1945/1679/1647 1923/1657/1625
f 1923/1657/1625 1924/1658/1626 1946/1680/1648
f 1947/1681/1649 1946/1680/1648 1924/1658/1626
f 1924/1658/1626 1925/1659/1627 1947/1681/1649
f 1948/1682/1650 1947/1681/1649 1925/1659/1627
f 1925/1659/1627 1926/1660/1628 1948/1682/1650
f 1949/1683/1651 1948/1682/1650 1926/1660/1628
f 1926/1660/1628 1927/1661/1629 1949/1683/1651
f 1950/1684/1652 1949/1683/1651 1927/1661/1629
f 1927/1661/1629 1928/1662/1630 1950/1684/1652
f 1929/1663/1631 1951/1685/1653 1952/1686/1654
f 1952/1686/1654 1930/1664/1632 1929/1663/1631
f 1931/1665/1633 1953/1687/1655 1951/1685/1653
f 1951/1685/1653 1929/1663/1631 1931/1665/1633
f 1932/1666/1634 1954/1688/1656 1953/1687/1655
f 1953/1687/1655 1931/1665/1633 1932/1666/1634
f 1933/1667/1635 1955/1689/1657 1954/1688/1656
f 1954/1688/1656 1932/1666/1634 1933/1667/1635
f 1913/1647/1615 1935/1669/1637 1955/1689/1657
f 1955/1689/1657 1933/1667/1635 1913/1647/1615
f 1871/1605/1573 1956/1690/1658 1957/1691/1659
f 1957/1691/1659 1868/1602/1570 1871/1605/1573
f 1910/1644/1612 1958/1692/1660 1956/1690/1658
f 1956/1690/1658 1871/1605/1573 1910/1644/1612
f 1908/1642/1610 1959/1693/1661 1958/1692/1660
f 1958/1692/1660 1910/1644/1612 1908/1642/1610
f 1906/1640/1608 1960/1694/1662 1959/1693/1661
f 1959/1693/1661 1908/1642/1610 1906/1640/1608
f 1902/1636/1604 1961/1695/1663 1960/1694/1662
f 1960/1694/1662 1906/1640/1608 1902/1636/1604
f 1905/1639/1607 1962/1696/1664 1961/1695/1663
f 1961/1695/1663 1902/1636/1604 1905/1639/1607
f 1898/1632/1600 1963/1697/1665 1964/1698/1666
f 1964/1698/1666 1900/1634/1602 1898/1632/1600
f 1896/1630/1598 1965/1699/1667 1963/1697/1665
f 1963/1697/1665 1898/1632/1600 1896/1630/1598
f 1896/1630/1598 1894/1628/1596 1966/1700/1668
f 1966/1700/1668 1965/1699/1667 1896/1630/1598
f 1894/1628/1596 1892/1626/1594 1967/1701/1669
f 1967/1701/1669 1966/1700/1668 1894/1628/1596
f 1892/1626/1594 1890/1624/1592 1968/1702/1670
f 1968/1702/1670 1967/1701/1669 1892/1626/1594
f 1890/1624/1592 1888/1622/1590 1969/1703/1671
f 1969/1703/1671 1968/1702/1670 1890/1624/1592
f 1888/1622/1590 1886/1620/1588 1970/1704/1672
f 1970/1704/1672 1969/1703/1671 1888/1622/1590
f 1886/1620/1588 1884/1618/1586 1971/1705/1673
f 1971/1705/1673 1970/1704/1672 1886/1620/1588
f 1881/1615/1583 1972/1706/1674 1971/1705/1673
f 1971/1705/1673 1884/1618/1586 1881/1615/1583
f 1880/1614/1582 1973/1707/1675 1972/1706/1674
f 1972/1706/1674 1881/1615/1583 1880/1614/1582
f 1876/1610/1578 1974/1708/1676 1975/1707/1677
f 1975/1707/1677 1878/1612/1580 1876/1610/1578
f 1874/1608/1576 1976/1709/1678 1974/1708/1676
f 1974/1708/1676 1876/1610/1578 1874/1608/1576
f 1872/1606/1574 1977/1710/1679 1976/1709/1678
f 1976/1709/1678 1874/1608/1576 1872/1606/1574
f 1868/1602/1570 1957/1691/1659 1977/1710/1679
f 1977/1710/1679 1872/1606/1574 1868/1602/1570
f 1978/1711/1680 1979/1712/1681 1957/1691/1659
f 1957/1691/1659 1956/1690/1658 1978/1711/1680
f 1980/1713/1682 1978/1711/1680 1956/1690/1658
f 1956/1690/1658 1958/1692/1660 1980/1713/1682
f 1981/1714/1683 1980/1713/1682 1958/1692/1660
f 1958/1692/1660 1959/1693/1661 1981/1714/1683
f 1982/1715/1684 1981/1714/1683 1959/1693/1661
f 1959/1693/1661 1960/1694/1662 1982/1715/1684
f 1983/1716/1685 1982/1715/1684 1960/1694/1662
f 1960/1694/1662 1961/1695/1663 1983/1716/1685
f 1984/1717/1686 1983/1716/1685 1961/1695/1663
f 1961/1695/1663 1962/1696/1664 1984/1717/1686
f 1985/1718/1687 1986/1719/1686 1964/1698/1666
f 1964/1698/1666 1963/1697/1665 1985/1718/1687
f 1987/1720/1688 1985/1718/1687 1963/1697/1665
f 1963/1697/1665 1965/1699/1667 1987/1720/1688
f 1988/1721/1689 1987/1720/1688 1965/1699/1667
f 1965/1699/1667 1966/1700/1668 1988/1721/1689
f 1989/1722/1690 1988/1721/1689 1966/1700/1668
f 1966/1700/1668 1967/1701/1669 1989/1722/1690
f 1990/1723/1691 1989/1722/1690 1967/1701/1669
f 1967/1701/1669 1968/1702/1670 1990/1723/1691
f 1969/1703/1671 1991/1724/1692 1990/1723/1691
f 1990/1723/1691 1968/1702/1670 1969/1703/1671
f 1970/1704/1672 1992/1725/1693 1991/1724/1692
f 1991/1724/1692 1969/1703/1671 1970/1704/1672
f 1993/1726/1694 1992/1725/1693 1970/1704/1672
f 1970/1704/1672 1971/1705/1673 1993/1726/1694
f 1994/1727/1695 1993/1726/1694 1971/1705/1673
f 1971/1705/1673 1972/1706/1674 1994/1727/1695
f 1995/1728/1696 1994/1727/1695 1972/1706/1674
f 1972/1706/1674 1973/1707/1675 1995/1728/1696
f 1996/1729/1697 1997/1730/1696 1975/1707/1677
f 1975/1707/1677 1974/1708/1676 1996/1729/1697
f 1998/1731/1698 1996/1729/1697 1974/1708/1676
f 1974/1708/1676 1976/1709/1678 1998/1731/1698
f 1999/1732/1699 1998/1731/1698 1976/1709/1678
f 1976/1709/1678 1977/1710/1679 1999/1732/1699
f 1979/1712/1681 1999/1732/1699 1977/1710/1679
f 1977/1710/1679 1957/1691/1659 1979/1712/1681
f 2000/1733/1637 2001/1734/1636 2002/1735/1700
f 2002/1735/1700 2003/1736/1701 2000/1733/1637
f 2001/1734/1636 2004/1737/1638 2005/1738/1702
f 2005/1738/1702 2002/1735/1700 2001/1734/1636
f 2004/1737/1638 2006/1739/1703 2007/1740/1704
f 2007/1740/1704 2005/1738/1702 2004/1737/1638
f 2006/1739/1703 2008/1741/1640 2009/1742/1705
f 2009/1742/1705 2007/1740/1704 2006/1739/1703
f 2008/1741/1640 2010/1743/1641 2011/1744/1706
f 2011/1744/1706 2009/1742/1705 2008/1741/1640
f 2012/1745/1641 2013/1746/1642 2014/1747/1707
f 2014/1747/1707 2015/1748/1708 2012/1745/1641
f 2013/1746/1642 2016/1749/1644 2017/1750/1709
f 2017/1750/1709 2014/1747/1707 2013/1746/1642
f 2016/1749/1644 2018/1751/1645 2019/1752/1710
f 2019/1752/1710 2017/1750/1709 2016/1749/1644
f 2018/1751/1645 2020/1753/1711 2021/1754/1712
f 2021/1754/1712 2019/1752/1710 2018/1751/1645
f 2020/1753/1711 2022/1755/1647 2023/1756/1713
f 2023/1756/1713 2021/1754/1712 2020/1753/1711
f 2022/1755/1647 2024/1757/1714 2025/1758/1715
f 2025/1758/1715 2023/1756/1713 2022/1755/1647
f 2024/1757/1714 2026/1759/1649 2027/1760/1716
f 2027/1760/1716 2025/1758/1715 2024/1757/1714
f 2026/1759/1649 2028/1761/1650 2029/1762/1717
f 2029/1762/1717 2027/1760/1716 2026/1759/1649
f 2028/1761/1650 2030/1763/1651 2031/1764/1718
f 2031/1764/1718 2029/1762/1717 2028/1761/1650
f 2030/1763/1651 2032/1765/1654 2033/1766/1719
f 2033/1766/1719 2031/1764/1718 2030/1763/1651
f 2034/1767/1654 2035/1768/1720 2036/1769/1721
f 2036/1769/1721 2037/1770/1722 2034/1767/1654
f 2035/1768/1720 2038/1771/1655 2039/1772/1723
f 2039/1772/1723 2036/1769/1721 2035/1768/1720
f 2038/1771/1655 2040/1773/1656 2041/1774/1724
f 2041/1774/1724 2039/1772/1723 2038/1771/1655
f 2040/1773/1656 2042/1775/1657 2043/1776/1725
f 2043/1776/1725 2041/1774/1724 2040/1773/1656
f 2042/1775/1657 2000/1733/1637 2003/1736/1701
f 2003/1736/1701 2043/1776/1725 2042/1775/1657
f 2044/1777/1726 2003/1736/1701 2002/1735/1700
f 2002/1735/1700 2045/1778/1727 2044/1777/1726
f 2045/1778/1727 2002/1735/1700 2005/1738/1702
f 2005/1738/1702 2046/1779/1728 2045/1778/1727
f 2046/1779/1728 2005/1738/1702 2007/1740/1704
f 2007/1740/1704 2047/1780/1729 2046/1779/1728
f 2047/1780/1729 2007/1740/1704 2009/1742/1705
f 2009/1742/1705 2048/1781/1730 2047/1780/1729
f 2048/1781/1730 2009/1742/1705 2011/1744/1706
f 2011/1744/1706 2049/1782/1731 2048/1781/1730
f 2015/1748/1708 2014/1747/1707 2050/1783/1732
f 2050/1783/1732 2051/1784/1733 2015/1748/1708
f 2014/1747/1707 2017/1750/1709 2052/1785/1734
f 2052/1785/1734 2050/1783/1732 2014/1747/1707
f 2017/1750/1709 2019/1752/1710 2053/1786/1735
f 2053/1786/1735 2052/1785/1734 2017/1750/1709
f 2019/1752/1710 2021/1754/1712 2054/1787/1736
f 2054/1787/1736 2053/1786/1735 2019/1752/1710
f 2021/1754/1712 2023/1756/1713 2055/1788/1737
f 2055/1788/1737 2054/1787/1736 2021/1754/1712
f 2023/1756/1713 2025/1758/1715 2056/1789/1738
f 2056/1789/1738 2055/1788/1737 2023/1756/1713
f 2025/1758/1715 2027/1760/1716 2057/1790/1739
f 2057/1790/1739 2056/1789/1738 2025/1758/1715
f 2027/1760/1716 2029/1762/1717 2058/1791/1740
f 2058/1791/1740 2057/1790/1739 2027/1760/1716
f 2029/1762/1717 2031/1764/1718 2059/1792/1741
f 2059/1792/1741 2058/1791/1740 2029/1762/1717
f 2031/1764/1718 2033/1766/1719 2060/1793/1742
f 2060/1793/1742 2059/1792/1741 2031/1764/1718
f 2061/1794/1743 2037/1770/1722 2036/1769/1721
f 2036/1769/1721 2062/1795/1744 2061/1794/1743
f 2062/1795/1744 2036/1769/1721 2039/1772/1723
f 2039/1772/1723 2063/1796/1745 2062/1795/1744
f 2063/1796/1745 2039/1772/1723 2041/1774/1724
f 2041/1774/1724 2064/1797/1746 2063/1796/1745
f 2064/1797/1746 2041/1774/1724 2043/1776/1725
f 2043/1776/1725 2065/1798/1747 2064/1797/1746
f 2065/1798/1747 2043/1776/1725 2003/1736/1701
f 2003/1736/1701 2044/1777/1726 2065/1798/1747
s 0
f 2066/1425/1748 2067/1424/1748 2068/1423/1748
f 2069/1423/1748 2070/1422/1748 2071/1421/1748
s 1
f 2072/1421/1748 2073/1420/1748 2074/1419/1748
s 0
f 2075/1423/1748 2076/1421/1748 2077/1419/1748
f 2078/1419/1749 2079/1418/1749 2080/1417/1749
f 2081/1417/1748 2082/1416/1748 2083/1415/1748
s 1
f 2084/1419/1748 2085/1417/1748 2086/1415/1748
s 0
f 2087/1415/1750 2088/1414/1750 2089/1413/1750
f 2090/1413/1748 2091/1412/1748 2092/1411/1748
f 2093/1415/1748 2094/1413/1748 2095/1411/1748
s 1
f 2096/1411/1748 2097/1410/1748 2098/1409/1748
s 0
f 2099/1409/1748 2100/1408/1748 2101/1407/1748
s 1
f 2102/1411/1748 2103/1409/1748 2104/1407/1748
f 2105/1415/1748 2106/1411/1748 2107/1407/1748
s 0
f 2108/1419/1748 2109/1415/1748 2110/1407/1748
f 2111/1423/1748 2112/1419/1748 2113/1407/1748
f 2114/1425/1748 2115/1423/1748 2116/1407/1748
f 2117/1426/1748 2118/1425/1748 2119/1407/1748
s 1
f 2120/1427/1751 2121/1430/1752 2122/1429/1753
f 2122/1429/1753 2123/1428/1754 2120/1427/1751
f 2121/1430/1752 2124/1432/1755 2125/1431/1756
f 2125/1431/1756 2122/1429/1753 2121/1430/1752
f 2124/1432/1755 2126/1434/1757 2127/1433/1758
f 2127/1433/1758 2125/1431/1756 2124/1432/1755
f 2128/1435/1759 2129/1438/1760 2130/1437/1761
f 2130/1437/1761 2131/1436/1757 2128/1435/1759
f 2129/1438/1760 2132/1440/1762 2133/1439/1763
f 2133/1439/1763 2130/1437/1761 2129/1438/1760
f 2132/1440/1762 2134/1442/1764 2135/1441/1765
f 2135/1441/1765 2133/1439/1763 2132/1440/1762
f 2134/1442/1764 2136/1444/1766 2137/1443/1767
f 2137/1443/1767 2135/1441/1765 2134/1442/1764
f 2136/1444/1766 2138/1446/1768 2139/1445/1769
f 2139/1445/1769 2137/1443/1767 2136/1444/1766
f 2140/1447/1770 2141/1450/1771 2142/1449/1772
f 2142/1449/1772 2143/1448/1773 2140/1447/1770
f 2141/1450/1771 2120/1427/1751 2123/1428/1754
f 2123/1428/1754 2142/1449/1772 2141/1450/1771
f 2144/1799/1774 2145/1800/1775 2146/1801/1776
f 2146/1801/1776 2147/1802/1777 2144/1799/1774
f 2148/1803/1778 2149/1804/1779 2145/1800/1775
f 2145/1800/1775 2144/1799/1774 2148/1803/1778
f 2150/1805/1780 2151/1806/1781 2149/1804/1779
f 2149/1804/1779 2148/1803/1778 2150/1805/1780
f 2152/1807/1782 2153/1808/1783 2151/1806/1781
f 2151/1806/1781 2150/1805/1780 2152/1807/1782
f 2154/1809/1784 2153/1808/1783 2152/1807/1782
f 2152/1807/1782 2155/1810/1785 2154/1809/1784
f 2156/1811/1786 2154/1809/1784 2155/1810/1785
f 2155/1810/1785 2157/1812/1787 2156/1811/1786
f 2158/1813/1788 2159/1814/1789 2160/1815/1790
f 2160/1815/1790 2161/1816/1791 2158/1813/1788
f 2162/1817/1792 2158/1813/1788 2161/1816/1791
f 2161/1816/1791 2163/1818/1793 2162/1817/1792
f 2164/1819/1794 2162/1817/1792 2163/1818/1793
f 2163/1818/1793 2165/1820/1795 2164/1819/1794
f 2166/1821/1796 2164/1819/1794 2165/1820/1795
f 2165/1820/1795 2167/1822/1797 2166/1821/1796
f 2168/1823/1798 2166/1821/1796 2167/1822/1797
f 2167/1822/1797 2169/1824/1799 2168/1823/1798
f 2170/1825/1800 2168/1823/1798 2169/1824/1799
f 2169/1824/1799 2171/1826/1801 2170/1825/1800
f 2172/1827/1802 2170/1825/1800 2171/1826/1801
f 2171/1826/1801 2173/1828/1803 2172/1827/1802
f 2174/1829/1804 2172/1827/1802 2173/1828/1803
f 2173/1828/1803 2175/1830/1805 2174/1829/1804
f 2176/1831/1806 2174/1829/1804 2175/1830/1805
f 2175/1830/1805 2177/1832/1807 2176/1831/1806
f 2178/1833/1808 2176/1831/1806 2177/1832/1807
f 2177/1832/1807 2179/1834/1809 2178/1833/1808
f 2180/1835/1810 2181/1836/1811 2182/1837/1812
f 2182/1837/1812 2183/1838/1813 2180/1835/1810
f 2184/1839/1814 2180/1835/1810 2183/1838/1813
f 2183/1838/1813 2185/1840/1815 2184/1839/1814
f 2186/1841/1816 2187/1842/1817 2184/1839/1814
f 2184/1839/1814 2185/1840/1815 2186/1841/1816
f 2147/1802/1777 2146/1801/1776 2187/1842/1817
f 2187/1842/1817 2186/1841/1816 2147/1802/1777
f 2188/1843/1818 2144/1799/1774 2147/1802/1777
f 2147/1802/1777 2189/1844/1819 2188/1843/1818
f 2190/1845/1820 2148/1803/1778 2144/1799/1774
f 2144/1799/1774 2188/1843/1818 2190/1845/1820
f 2191/1846/1821 2150/1805/1780 2148/1803/1778
f 2148/1803/1778 2190/1845/1820 2191/1846/1821
f 2192/1847/1822 2152/1807/1782 2150/1805/1780
f 2150/1805/1780 2191/1846/1821 2192/1847/1822
f 2155/1810/1785 2152/1807/1782 2192/1847/1822
f 2192/1847/1822 2193/1848/1823 2155/1810/1785
f 2157/1812/1787 2155/1810/1785 2193/1848/1823
f 2193/1848/1823 2194/1849/1824 2157/1812/1787
f 2161/1816/1791 2160/1815/1790 2195/1850/1825
f 2195/1850/1825 2196/1851/1826 2161/1816/1791
f 2163/1818/1793 2161/1816/1791 2196/1851/1826
f 2196/1851/1826 2197/1852/1827 2163/1818/1793
f 2165/1820/1795 2163/1818/1793 2197/1852/1827
f 2197/1852/1827 2198/1853/1828 2165/1820/1795
f 2167/1822/1797 2165/1820/1795 2198/1853/1828
f 2198/1853/1828 2199/1854/1829 2167/1822/1797
f 2169/1824/1799 2167/1822/1797 2199/1854/1829
f 2199/1854/1829 2200/1855/1830 2169/1824/1799
f 2171/1826/1801 2169/1824/1799 2200/1855/1830
f 2200/1855/1830 2201/1856/1831 2171/1826/1801
f 2173/1828/1803 2171/1826/1801 2201/1856/1831
f 2201/1856/1831 2202/1857/1832 2173/1828/1803
f 2175/1830/1805 2173/1828/1803 2202/1857/1832
f 2202/1857/1832 2203/1858/1833 2175/1830/1805
f 2177/1832/1807 2175/1830/1805 2203/1858/1833
f 2203/1858/1833 2204/1859/1834 2177/1832/1807
f 2179/1834/1809 2177/1832/1807 2204/1859/1834
f 2204/1859/1834 2205/1860/1835 2179/1834/1809
f 2183/1838/1813 2182/1837/1812 2206/1861/1835
f 2206/1861/1835 2207/1862/1836 2183/1838/1813
f 2185/1840/1815 2183/1838/1813 2207/1862/1836
f 2207/1862/1836 2208/1863/1837 2185/1840/1815
f 2209/1864/1838 2186/1841/1816 2185/1840/1815
f 2185/1840/1815 2208/1863/1837 2209/1864/1838
f 2189/1844/1819 2147/1802/1777 2186/1841/1816
f 2186/1841/1816 2209/1864/1838 2189/1844/1819
f 2210/1517/1839 2211/1519/1840 2212/1518/1841
f 2213/1520/1842 2211/1519/1840 2210/1517/1839
f 2214/1521/1843 2211/1519/1840 2213/1520/1842
f 2215/1522/1844 2211/1519/1840 2214/1521/1843
f 2216/1523/1845 2211/1519/1840 2215/1522/1844
f 2217/1524/1846 2211/1519/1840 2216/1523/1845
f 2218/1523/1847 2219/1519/1848 2220/1524/1846
f 2221/1522/1849 2219/1519/1848 2218/1523/1847
f 2222/1521/1850 2219/1519/1848 2221/1522/1849
f 2223/1520/1851 2219/1519/1848 2222/1521/1850
f 2224/1517/1852 2219/1519/1848 2223/1520/1851
f 2225/1518/1853 2219/1519/1848 2224/1517/1852
f 2226/1525/1854 2219/1519/1848 2225/1518/1853
f 2227/1526/1855 2219/1519/1848 2226/1525/1854
f 2228/1527/1856 2219/1519/1848 2227/1526/1855
f 2229/1528/1857 2219/1519/1848 2228/1527/1856
f 2230/1527/1858 2211/1519/1840 2231/1528/1857
f 2232/1526/1859 2211/1519/1840 2230/1527/1858
f 2233/1525/1860 2211/1519/1840 2232/1526/1859
f 2212/1518/1841 2211/1519/1840 2233/1525/1860
f 2234/1529/1861 2235/1532/1862 2236/1531/1863
f 2236/1531/1863 2237/1530/1864 2234/1529/1861
f 2238/1533/1865 2239/1534/1866 2235/1532/1862
f 2235/1532/1862 2234/1529/1861 2238/1533/1865
f 2240/1535/1867 2241/1536/1868 2239/1534/1866
f 2239/1534/1866 2238/1533/1865 2240/1535/1867
f 2242/1533/1869 2243/1534/1870 2244/1536/1868
f 2244/1536/1868 2245/1535/1871 2242/1533/1869
f 2246/1529/1872 2247/1532/1873 2243/1534/1870
f 2243/1534/1870 2242/1533/1869 2246/1529/1872
f 2248/1530/1874 2249/1531/1875 2247/1532/1873
f 2247/1532/1873 2246/1529/1872 2248/1530/1874
f 2250/1537/1876 2251/1538/1877 2249/1531/1875
f 2249/1531/1875 2248/1530/1874 2250/1537/1876
f 2252/1539/1878 2253/1540/1878 2251/1538/1877
f 2251/1538/1877 2250/1537/1876 2252/1539/1878
f 2254/1537/1879 2255/1538/1880 2256/1540/1881
f 2256/1540/1881 2257/1539/1882 2254/1537/1879
f 2237/1530/1864 2236/1531/1863 2255/1538/1880
f 2255/1538/1880 2254/1537/1879 2237/1530/1864
s 0
f 2258/1541/1748 2259/1541/1748 2260/1541/1748
f 2261/1541/1749 2262/1541/1883 2263/1541/1749
s 1
f 2264/1541/1884 2265/1541/1884 2266/1541/1884
s 0
f 2267/1541/1749 2268/1541/1749 2269/1541/1749
s 1
f 2270/1541/1749 2271/1541/1749 2272/1541/1749
s 0
f 2273/1541/1748 2274/1541/1748 2275/1541/1748
s 1
f 2276/1541/1748 2277/1541/1748 2278/1541/1748
f 2279/1541/1750 2280/1541/1885 2281/1541/1885
f 2282/1563/1886 2283/1561/1887 2284/1560/1888
f 2284/1560/1888 2285/1562/1889 2282/1563/1886
f 2283/1561/1887 2286/1559/1890 2287/1558/1891
f 2287/1558/1891 2284/1560/1888 2283/1561/1887
f 2286/1559/1890 2288/1557/1892 2289/1556/1893
f 2289/1556/1893 2287/1558/1891 2286/1559/1890
f 2288/1557/1892 2290/1555/1894 2291/1554/1895
f 2291/1554/1895 2289/1556/1893 2288/1557/1892
f 2290/1555/1894 2292/1553/1896 2293/1552/1897
f 2293/1552/1897 2291/1554/1895 2290/1555/1894
f 2292/1553/1896 2294/1551/1898 2295/1550/1899
f 2295/1550/1899 2293/1552/1897 2292/1553/1896
f 2294/1551/1898 2296/1549/1900 2297/1548/1901
f 2297/1548/1901 2295/1550/1899 2294/1551/1898
f 2296/1549/1900 2298/1547/1902 2299/1546/1903
f 2299/1546/1903 2297/1548/1901 2296/1549/1900
f 2298/1547/1902 2300/1545/1904 2301/1544/1905
f 2301/1544/1905 2299/1546/1903 2298/1547/1902
f 2300/1545/1904 2302/1542/1906 2303/1543/1907
f 2303/1543/1907 2301/1544/1905 2300/1545/1904
f 2302/1542/1906 2304/1581/1908 2305/1580/1909
f 2305/1580/1909 2303/1543/1907 2302/1542/1906
f 2304/1581/1908 2306/1579/1910 2307/1578/1911
f 2307/1578/1911 2305/1580/1909 2304/1581/1908
f 2306/1579/1910 2308/1577/1912 2309/1576/1913
f 2309/1576/1913 2307/1578/1911 2306/1579/1910
f 2308/1577/1912 2310/1575/1914 2311/1574/1915
f 2311/1574/1915 2309/1576/1913 2308/1577/1912
f 2310/1575/1914 2312/1573/1916 2313/1572/1917
f 2313/1572/1917 2311/1574/1915 2310/1575/1914
f 2312/1573/1916 2314/1571/1918 2315/1570/1919
f 2315/1570/1919 2313/1572/1917 2312/1573/1916
f 2314/1571/1918 2316/1569/1920 2317/1568/1921
f 2317/1568/1921 2315/1570/1919 2314/1571/1918
f 2316/1569/1920 2318/1567/1922 2319/1566/1923
f 2319/1566/1923 2317/1568/1921 2316/1569/1920
f 2318/1567/1922 2320/1565/1924 2321/1564/1925
f 2321/1564/1925 2319/1566/1923 2318/1567/1922
f 2320/1565/1924 2282/1563/1886 2285/1562/1889
f 2285/1562/1889 2321/1564/1925 2320/1565/1924
f 2285/1562/1889 2284/1560/1888 2322/1582/1926
f 2284/1560/1888 2287/1558/1891 2322/1582/1926
f 2287/1558/1891 2289/1556/1893 2322/1582/1926
f 2289/1556/1893 2291/1554/1895 2322/1582/1926
f 2291/1554/1895 2293/1552/1897 2322/1582/1926
f 2293/1552/1897 2295/1550/1899 2322/1582/1926
f 2295/1550/1899 2297/1548/1901 2322/1582/1926
f 2297/1548/1901 2299/1546/1903 2322/1582/1926
f 2299/1546/1903 2301/1544/1905 2322/1582/1926
f 2301/1544/1905 2303/1543/1907 2322/1582/1926
f 2303/1543/1907 2305/1580/1909 2322/1582/1926
f 2305/1580/1909 2307/1578/1911 2322/1582/1926
f 2307/1578/1911 2309/1576/1913 2322/1582/1926
f 2309/1576/1913 2311/1574/1915 2322/1582/1926
f 2311/1574/1915 2313/1572/1917 2322/1582/1926
f 2313/1572/1917 2315/1570/1919 2322/1582/1926
f 2315/1570/1919 2317/1568/1921 2322/1582/1926
f 2317/1568/1921 2319/1566/1923 2322/1582/1926
f 2319/1566/1923 2321/1564/1925 2322/1582/1926
f 2321/1564/1925 2285/1562/1889 2322/1582/1926
f 2323/1865/1926 2324/1866/1926 2325/1867/1926
f 2326/1868/1926 2327/1865/1926 2328/1867/1926
s 0
f 2329/1869/1926 2330/1868/1926 2331/1867/1926
s 1
f 2332/1870/1927 2333/1871/1927 2334/1872/1927
s 0
f 2335/1872/1928 2336/1873/1928 2337/1870/1928
f 2338/1870/1928 2339/1874/1928 2340/1875/1928
f 2341/1875/1927 2342/1876/1927 2343/1870/1927
f 2344/1876/1928 2345/1871/1928 2346/1870/1928
f 2347/1877/1929 2348/1878/1929 2349/1879/1929
s 1
f 2350/1877/1930 2351/1880/1930 2352/1881/1930
s 0
f 2353/1881/1929 2354/1882/1929 2355/1877/1929
f 2356/1882/1930 2357/1878/1930 2358/1877/1930
f 2359/1877/1929 2360/1883/1929 2361/1880/1929
s 1
f 2362/1884/1931 2363/1885/1932 2364/1886/1933
f 2364/1886/1933 2365/1887/1934 2362/1884/1931
f 2366/1888/1935 2367/1889/1936 2368/1890/1937
f 2368/1890/1937 2369/1891/1938 2366/1888/1935
f 2368/1890/1937 2367/1889/1936 2370/1892/1939
f 2370/1892/1939 2371/1893/1940 2368/1890/1937
f 2372/1894/1941 2373/1892/1942 2374/1895/1943
f 2374/1895/1943 2375/1896/1944 2372/1894/1941
f 2375/1896/1944 2374/1895/1943 2376/1897/1945
f 2376/1897/1945 2377/1898/1946 2375/1896/1944
f 2377/1898/1946 2376/1897/1945 2378/1899/1947
f 2378/1899/1947 2379/1900/1948 2377/1898/1946
f 2378/1899/1947 2380/1901/1949 2381/1902/1950
f 2381/1902/1950 2379/1900/1948 2378/1899/1947
f 2380/1901/1949 2382/1903/1951 2383/1904/1952
f 2383/1904/1952 2381/1902/1950 2380/1901/1949
f 2384/1903/1953 2363/1885/1932 2362/1884/1931
f 2362/1884/1931 2385/1905/1954 2384/1903/1953
f 2365/1887/1934 2386/1906/1955 2387/1907/1956
f 2387/1907/1956 2362/1884/1931 2365/1887/1934
f 2369/1891/1938 2368/1890/1937 2388/1908/1957
f 2388/1908/1957 2389/1909/1958 2369/1891/1938
f 2388/1908/1957 2368/1890/1937 2371/1893/1940
f 2371/1893/1940 2390/1910/1959 2388/1908/1957
f 2391/1911/1960 2372/1894/1941 2375/1896/1944
f 2375/1896/1944 2392/1912/1961 2391/1911/1960
f 2392/1912/1961 2375/1896/1944 2377/1898/1946
f 2377/1898/1946 2393/1913/1962 2392/1912/1961
f 2379/1900/1948 2394/1914/1963 2393/1913/1962
f 2393/1913/1962 2377/1898/1946 2379/1900/1948
f 2379/1900/1948 2381/1902/1950 2395/1915/1964
f 2395/1915/1964 2394/1914/1963 2379/1900/1948
f 2381/1902/1950 2383/1904/1952 2396/1916/1965
f 2396/1916/1965 2395/1915/1964 2381/1902/1950
f 2385/1905/1954 2362/1884/1931 2387/1907/1956
f 2387/1907/1956 2397/1917/1966 2385/1905/1954
f 2386/1906/1955 2398/1918/1967 2387/1907/1956
f 2388/1908/1957 2399/1919/1968 2389/1909/1958
f 2390/1910/1959 2400/1920/1969 2399/1919/1968
f 2399/1919/1968 2388/1908/1957 2390/1910/1959
f 2392/1912/1961 2401/1921/1970 2391/1911/1960
f 2393/1913/1962 2402/1922/1971 2401/1921/1970
f 2401/1921/1970 2392/1912/1961 2393/1913/1962
f 2394/1914/1963 2403/1923/1972 2393/1913/1962
f 2394/1914/1963 2395/1915/1964 2404/1924/1973
f 2404/1924/1973 2405/1925/1974 2394/1914/1963
f 2396/1916/1965 2404/1924/1973 2395/1915/1964
f 2398/1918/1967 2406/1926/1973 2397/1917/1966
f 2397/1917/1966 2387/1907/1956 2398/1918/1967
f 2394/1914/1963 2405/1925/1974 2403/1923/1972
f 2403/1923/1972 2402/1922/1971 2393/1913/1962
s 0
f 2407/44/1975 2408/47/1975 2409/46/1975
f 2410/46/1976 2411/45/1976 2412/44/1976
s 1
f 2413/1927/1977 2414/1928/1978 2364/1886/1933
f 2364/1886/1933 2363/1885/1932 2413/1927/1977
f 2363/1885/1932 2384/1903/1953 2413/1927/1977
f 2370/1892/1939 2367/1889/1936 2415/1929/1979
f 2366/1888/1935 2416/1930/1980 2417/1931/1981
f 2415/1929/1979 2417/1931/1981 2418/1932/1982
f 2419/54/1983 2420/47/1984 2421/44/1984
f 2421/44/1984 2422/55/1983 2419/54/1983
f 2413/1927/1977 2423/1933/1985 2424/1934/1986
f 2418/1932/1982 2425/1935/1987 2426/1936/1988
f 2422/55/1983 2427/60/1989 2419/54/1983
f 2423/1933/1985 2428/1937/1990 2424/1934/1986
f 2418/1932/1982 2426/1936/1988 2415/1929/1979
f 2424/1934/1986 2414/1928/1978 2413/1927/1977
f 2366/1888/1935 2417/1931/1981 2415/1929/1979
f 2415/1929/1979 2367/1889/1936 2366/1888/1935
f 2414/1928/1978 2429/1938/1991 2364/1886/1933
f 2426/1936/1988 2425/1935/1987 2430/1939/1992
f 2430/1939/1992 2431/1940/1993 2426/1936/1988
f 2428/1937/1990 2423/1933/1985 2432/1941/1994
f 2432/1941/1994 2433/1942/1995 2428/1937/1990
f 2431/1940/1993 2434/1943/1996 2435/1944/1997
f 2433/1942/1995 2432/1941/1994 2436/1945/1998
f 2431/1940/1993 2430/1939/1992 2434/1943/1996
f 2432/1941/1994 2437/1946/1999 2436/1945/1998
f 2438/1947/2000 2439/1948/2001 2440/1949/2002
f 2440/1949/2002 2441/1950/2003 2438/1947/2000
f 2442/1951/2004 2443/1952/2005 2444/1953/2006
f 2444/1953/2006 2445/1954/2007 2442/1951/2004
f 2446/1955/2008 2447/1956/2009 2448/1957/2007
f 2448/1957/2007 2449/1958/2010 2446/1955/2008
f 2450/1959/2011 2446/1955/2008 2449/1958/2010
f 2449/1958/2010 2451/1960/2012 2450/1959/2011
f 2438/1947/2000 2441/1950/2003 2450/1959/2011
f 2450/1959/2011 2451/1960/2012 2438/1947/2000
s 0
f 2452/1961/2013 2453/1962/2013 2454/1963/2013
f 2455/1964/2013 2456/1961/2013 2457/1963/2013
f 2458/1963/2014 2459/1965/2014 2460/1954/2014
f 2461/1964/72 2462/1963/72 2463/1954/72
f 2464/1964/2014 2465/1954/2014 2466/1953/2014
f 2467/1964/72 2468/1953/72 2469/1966/72
f 2470/1952/2015 2471/1967/2015 2472/1966/2015
s 1
f 2473/1966/2016 2474/1953/2016 2475/1952/2016
f 2476/1968/2017 2477/1967/2018 2478/1952/2019
f 2478/1952/2019 2479/1951/2020 2480/1969/2021
f 2480/1969/2021 2481/1970/2022 2482/1971/2023
f 2478/1952/2019 2480/1969/2021 2482/1971/2023
f 2476/1968/2017 2478/1952/2019 2482/1971/2023
f 2483/1972/2024 2476/1968/2017 2482/1971/2023
f 2484/1967/2025 2485/1968/2026 2486/1964/2027
f 2486/1964/2027 2487/1966/2028 2484/1967/2025
f 2488/1961/2029 2486/1964/2027 2485/1968/2026
f 2485/1968/2026 2489/1972/2030 2488/1961/2029
f 2490/1973/2031 2491/1974/2032 2492/1975/2033
f 2492/1975/2033 2493/1976/2034 2490/1973/2031
f 2494/1977/2035 2495/1978/2036 2496/1979/2037
f 2496/1979/2037 2497/1980/2038 2494/1977/2035
s 0
f 2498/1980/2039 2499/1979/2039 2500/1981/2039
f 2501/1982/2040 2502/1983/2040 2503/1984/2040
f 2504/1984/2041 2505/1985/2041 2506/1982/2041
f 2507/1986/2042 2508/1987/2042 2509/1988/2042
f 2510/1988/2042 2511/1989/2042 2512/1986/2042
s 1
f 2513/1990/2043 2514/1991/2043 2515/1992/2043
s 0
f 2516/1992/2044 2517/1983/2044 2518/1990/2044
f 2519/1984/2045 2520/1993/2045 2521/1987/2045
f 2522/1987/2046 2523/1994/2046 2524/1984/2046
f 2525/1983/2047 2526/1995/2047 2527/1996/2047
f 2528/1996/2048 2529/1984/2048 2530/1983/2048
f 2531/1984/2045 2532/1996/2045 2533/1997/2045
f 2534/1997/2045 2535/1993/2045 2536/1984/2045
f 2537/1988/2049 2538/1998/2049 2539/1999/2049
f 2540/1999/2049 2541/1989/2049 2542/1988/2049
f 2543/1992/2044 2544/2000/2044 2545/1995/2044
s 1
f 2546/1995/2044 2547/1983/2044 2548/1992/2044
f 2549/2001/2016 2550/2002/2016 2551/2003/2016
s 0
f 2552/2003/2015 2553/2004/2015 2554/2001/2015
s 1
f 2555/2003/2050 2556/2005/2051 2557/2006/2052
f 2557/2006/2052 2558/2004/2053 2555/2003/2050
f 2559/2007/2054 2560/2008/2055 2561/2009/2056
f 2561/2009/2056 2562/2010/2057 2559/2007/2054
f 2563/2011/72 2564/2012/72 2565/2002/72
s 0
f 2566/2002/72 2567/2001/72 2568/2011/72
s 1
f 2569/2002/2058 2570/2012/2059 2571/2005/2060
f 2571/2005/2060 2572/2003/2061 2569/2002/2058
f 2573/2013/2062 2574/2014/2063 2561/2009/2056
f 2561/2009/2056 2560/2008/2055 2573/2013/2062
f 2575/2015/2064 2576/2016/2065 2577/2017/2066
f 2577/2017/2066 2578/2018/2067 2575/2015/2064
f 2579/2019/2068 2580/2020/2069 2581/2021/2070
f 2581/2021/2070 2582/2022/2071 2579/2019/2068
f 2583/2023/2072 2584/2024/2073 2576/2016/2065
f 2576/2016/2065 2575/2015/2064 2583/2023/2072
f 2585/2025/2074 2575/2015/2064 2578/2018/2067
f 2578/2018/2067 2586/2026/2075 2585/2025/2074
f 2582/2022/2071 2581/2021/2070 2587/2027/2076
f 2587/2027/2076 2588/2028/2077 2582/2022/2071
f 2589/2029/2078 2590/2030/2079 2591/2031/2080
f 2591/2031/2080 2592/2032/2081 2589/2029/2078
f 2593/2029/2082 2594/2033/2083 2595/2034/2084
f 2595/2034/2084 2596/2035/2085 2593/2029/2082
f 2597/2036/2086 2598/2037/2084 2586/2026/2075
f 2586/2026/2075 2578/2018/2067 2597/2036/2086
f 2575/2015/2064 2585/2025/2074 2599/2038/2076
f 2599/2038/2076 2583/2023/2072 2575/2015/2064
f 2590/2030/2079 2600/2039/2077 2591/2031/2080
f 2589/2029/2078 2592/2032/2081 2601/2040/2083
f 2602/2041/2087 2603/2042/2088 2604/2043/2089
f 2605/2044/2090 2606/2045/2091 2607/2046/2092
f 2608/2047/2093 2609/2048/2089 2610/2049/2088
f 2611/2050/2090 2608/2047/2093 2610/2049/2088
f 2612/2051/2094 2613/2052/2095 2614/2053/2096
f 2614/2053/2096 2613/2052/2095 2615/2054/2092
f 2585/2025/2074 2586/2026/2075 2613/2052/2095
f 2602/2041/2087 2604/2043/2089 2588/2028/2077
f 2588/2028/2077 2587/2027/2076 2602/2041/2087
f 2592/2032/2081 2591/2031/2080 2608/2047/2093
f 2594/2033/2083 2605/2044/2090 2607/2046/2092
f 2607/2046/2092 2595/2034/2084 2594/2033/2083
f 2586/2026/2075 2598/2037/2084 2615/2054/2092
f 2615/2054/2092 2613/2052/2095 2586/2026/2075
f 2599/2038/2076 2585/2025/2074 2613/2052/2095
f 2613/2052/2095 2612/2051/2094 2599/2038/2076
f 2600/2039/2077 2609/2048/2089 2608/2047/2093
f 2608/2047/2093 2591/2031/2080 2600/2039/2077
f 2601/2040/2083 2592/2032/2081 2608/2047/2093
f 2608/2047/2093 2611/2050/2090 2601/2040/2083
f 2596/2035/2085 2616/2055/2097 2617/2056/2098
f 2617/2056/2098 2593/2029/2082 2596/2035/2085
f 2578/2018/2067 2577/2017/2066 2618/2057/2099
f 2618/2057/2099 2597/2036/2086 2578/2018/2067
s 0
f 2619/2058/2100 2620/2059/2100 2621/2060/2100
f 2622/2061/2100 2623/2058/2100 2624/2060/2100
f 2625/2062/2101 2626/2061/2101 2627/2060/2101
f 2628/2063/2102 2629/2062/2102 2630/2060/2102
s 1
f 2631/1975/2103 2632/1974/2032 2633/2064/2104
f 2633/2064/2104 2634/2065/2105 2631/1975/2103
f 2635/1979/2106 2636/2066/2107 2637/2067/2108
f 2637/2067/2108 2638/1980/2109 2635/1979/2106
f 2639/1980/2110 2640/1981/2110 2641/1979/2110
f 2642/1947/2111 2643/1950/2112 2644/1949/2113
f 2644/1949/2113 2645/1948/2114 2642/1947/2111
f 2646/1951/2115 2647/1954/2116 2648/1953/2117
f 2648/1953/2117 2649/1952/2118 2646/1951/2115
f 2650/1955/2119 2651/1958/2120 2652/1957/2116
f 2652/1957/2116 2653/1956/2121 2650/1955/2119
f 2654/1959/2122 2655/1960/2123 2651/1958/2120
f 2651/1958/2120 2650/1955/2119 2654/1959/2122
f 2642/1947/2111 2655/1960/2123 2654/1959/2122
f 2654/1959/2122 2643/1950/2112 2642/1947/2111
s 0
f 2656/1964/202 2657/1966/202 2658/1953/202
f 2659/1964/2124 2660/1953/2124 2661/1954/2124
f 2662/1954/2124 2663/1965/2124 2664/1963/2124
s 1
f 2665/1964/202 2666/1954/202 2667/1963/202
s 0
f 2668/1963/202 2669/1962/202 2670/1961/202
f 2671/1964/2125 2672/1963/2125 2673/1961/2125
f 2674/1952/2126 2675/1953/2126 2676/1966/2126
f 2677/1966/2127 2678/1967/2127 2679/1952/2127
s 1
f 2680/1971/2128 2681/1970/2129 2682/1969/2130
f 2682/1969/2130 2683/1951/2131 2684/1952/2132
f 2680/1971/2128 2682/1969/2130 2684/1952/2132
f 2684/1952/2132 2685/1967/2133 2686/1968/2134
f 2680/1971/2128 2684/1952/2132 2686/1968/2134
f 2687/1972/2135 2680/1971/2128 2686/1968/2134
f 2688/1967/2136 2689/1966/2137 2690/1964/2138
f 2690/1964/2138 2691/1968/2139 2688/1967/2136
f 2692/1961/2140 2693/1972/2141 2691/1968/2139
f 2691/1968/2139 2690/1964/2138 2692/1961/2140
f 2694/1973/2142 2695/1976/2143 2696/1975/2144
f 2696/1975/2144 2697/1974/2145 2694/1973/2142
f 2698/1977/2146 2699/1980/2147 2700/1979/2148
f 2700/1979/2148 2701/1978/2149 2698/1977/2146
s 0
f 2702/1980/2150 2703/1981/2150 2704/1979/2150
f 2705/1982/2151 2706/1985/2151 2707/1984/2151
s 1
f 2708/1984/2152 2709/1983/2152 2710/1982/2152
s 0
f 2711/1986/2153 2712/1989/2153 2713/1988/2153
f 2714/1988/2154 2715/1987/2154 2716/1986/2154
f 2717/1990/2155 2718/1983/2155 2719/1992/2155
f 2720/1992/2156 2721/1991/2156 2722/1990/2156
f 2723/1984/2157 2724/1994/2157 2725/1987/2157
f 2726/1987/2157 2727/1993/2157 2728/1984/2157
f 2729/1983/2158 2730/1984/2158 2731/1996/2158
f 2732/1996/2158 2733/1995/2158 2734/1983/2158
f 2735/1984/2157 2736/1993/2157 2737/1997/2157
f 2738/1997/2159 2739/1996/2159 2740/1984/2159
f 2741/1988/2160 2742/1989/2160 2743/1999/2160
s 1
f 2744/1999/2161 2745/1998/2161 2746/1988/2161
s 0
f 2747/1992/2155 2748/1983/2155 2749/1995/2155
f 2750/1995/2156 2751/2000/2156 2752/1992/2156
f 2753/2001/2127 2754/2004/2127 2755/2003/2127
f 2756/2003/2126 2757/2002/2126 2758/2001/2126
s 1
f 2759/2003/2162 2760/2004/2163 2761/2006/2164
f 2761/2006/2164 2762/2005/2165 2759/2003/2162
f 2763/2007/2166 2764/2010/2167 2765/2009/2168
f 2765/2009/2168 2766/2008/2169 2763/2007/2166
s 0
f 2767/2011/202 2768/2001/202 2769/2002/202
f 2770/2002/2170 2771/2012/2170 2772/2011/2170
s 1
f 2773/2002/2171 2774/2003/2172 2775/2005/2173
f 2775/2005/2173 2776/2012/2174 2773/2002/2171
f 2777/2013/2173 2766/2008/2169 2765/2009/2168
f 2765/2009/2168 2778/2014/2175 2777/2013/2173
f 2779/2068/2176 2780/2069/2177 2781/2070/2178
f 2781/2070/2178 2782/2071/2179 2779/2068/2176
f 2783/2072/2180 2784/2073/2181 2785/2074/2182
f 2785/2074/2182 2786/2075/2183 2783/2072/2180
f 2787/2076/2184 2779/2068/2176 2782/2071/2179
f 2782/2071/2179 2788/2077/2185 2787/2076/2184
f 2789/2078/2186 2790/2079/2187 2780/2069/2177
f 2780/2069/2177 2779/2068/2176 2789/2078/2186
f 2784/2073/2181 2791/2080/2188 2792/2081/2189
f 2792/2081/2189 2785/2074/2182 2784/2073/2181
f 2793/2082/2190 2794/2083/2191 2795/2084/2192
f 2795/2084/2192 2796/2085/2193 2793/2082/2190
f 2797/2082/2194 2798/2086/2195 2799/2087/2196
f 2799/2087/2196 2800/2088/2197 2797/2082/2194
f 2801/2089/2198 2780/2069/2177 2790/2079/2187
f 2790/2079/2187 2802/2090/2196 2801/2089/2198
f 2779/2068/2176 2787/2076/2184 2803/2091/2189
f 2803/2091/2189 2789/2078/2186 2779/2068/2176
f 2796/2085/2193 2795/2084/2192 2804/2092/2199
f 2793/2082/2190 2805/2093/2197 2794/2083/2191
f 2806/2094/2200 2807/2095/2201 2808/2096/2202
f 2809/2097/2203 2810/2098/2204 2811/2099/2205
f 2812/2100/2206 2813/2101/2202 2814/2102/2207
f 2815/2103/2208 2813/2101/2202 2812/2100/2206
f 2816/2104/2209 2817/2105/2202 2818/2106/2210
f 2817/2105/2202 2819/2107/2204 2818/2106/2210
f 2789/2078/2186 2818/2106/2210 2790/2079/2187
f 2806/2094/2200 2792/2081/2189 2791/2080/2188
f 2791/2080/2188 2807/2095/2201 2806/2094/2200
f 2794/2083/2191 2812/2100/2206 2795/2084/2192
f 2800/2088/2197 2799/2087/2196 2810/2098/2204
f 2810/2098/2204 2809/2097/2203 2800/2088/2197
f 2790/2079/2187 2818/2106/2210 2819/2107/2204
f 2819/2107/2204 2802/2090/2196 2790/2079/2187
f 2803/2091/2189 2816/2104/2209 2818/2106/2210
f 2818/2106/2210 2789/2078/2186 2803/2091/2189
f 2804/2092/2199 2795/2084/2192 2812/2100/2206
f 2812/2100/2206 2814/2102/2207 2804/2092/2199
f 2805/2093/2197 2815/2103/2208 2812/2100/2206
f 2812/2100/2206 2794/2083/2191 2805/2093/2197
f 2798/2086/2195 2797/2082/2194 2820/2108/2211
f 2820/2108/2211 2821/2109/2212 2798/2086/2195
f 2780/2069/2177 2801/2089/2198 2822/2110/2213
f 2822/2110/2213 2781/2070/2178 2780/2069/2177
s 0
f 2823/2060/2214 2824/2059/2214 2825/2058/2214
f 2826/2060/2215 2827/2058/2215 2828/2061/2215
f 2829/2060/2216 2830/2061/2216 2831/2062/2216
f 2832/2063/2217 2833/2060/2217 2834/2062/2217
s 1
f 2835/1975/2218 2836/2065/2219 2837/2064/2220
f 2837/2064/2220 2838/1974/2221 2835/1975/2218
f 2839/1979/2222 2840/1980/2147 2841/2067/2223
f 2841/2067/2223 2842/2066/2224 2839/1979/2222
s 0
f 2843/1980/2225 2844/1979/2225 2845/1981/2225
s 1
f 2846/2111/2226 2847/2112/2227 2848/2113/2228
f 2848/2113/2228 2847/2112/2227 2849/2114/2229
f 2849/2114/2229 2847/2112/2227 2850/2115/2230
f 2850/2115/2230 2847/2112/2227 2851/2116/2231
f 2851/2116/2231 2847/2112/2227 2852/2117/2232
f 2852/2117/2232 2847/2112/2227 2853/2118/2233
f 2854/2118/2234 2855/2112/2235 2856/2117/2236
f 2856/2117/2236 2855/2112/2235 2857/2116/2237
f 2857/2116/2237 2855/2112/2235 2858/2119/2238
f 2858/2119/2238 2855/2112/2235 2859/2114/2239
f 2859/2114/2239 2855/2112/2235 2860/2113/2240
f 2860/2113/2240 2855/2112/2235 2861/2111/2241
f 2861/2111/2241 2855/2112/2235 2862/2120/2242
f 2862/2120/2242 2855/2112/2235 2863/2121/2243
f 2863/2121/2243 2855/2112/2235 2864/2122/2244
f 2864/2122/2244 2855/2112/2235 2865/2123/2245
f 2866/2123/2246 2847/2112/2227 2867/2122/2247
f 2867/2122/2247 2847/2112/2227 2868/2121/2248
f 2868/2121/2248 2847/2112/2227 2869/2120/2249
f 2869/2120/2249 2847/2112/2227 2846/2111/2226
f 2870/1324/2250 2871/1323/2251 2872/2124/2252
f 2873/2125/2253 2874/1325/2254 2870/1324/2250
f 2870/1324/2250 2872/2124/2252 2873/2125/2253
f 2875/1328/2255 2876/1326/2256 2877/2126/2257
f 2878/1335/2258 2879/1334/2259 2880/2127/2260
f 2881/2128/2261 2882/1336/2262 2878/1335/2258
f 2878/1335/2258 2880/2127/2260 2881/2128/2261
f 2883/2129/2263 2884/1337/2264 2885/1338/2265
f 2885/1338/2265 2886/2130/2266 2883/2129/2263
f 2887/1339/2267 2884/1337/2264 2883/2129/2263
f 2888/2131/2268 2889/2132/2269 2890/2133/2270
f 2890/2133/2270 2877/2126/2257 2888/2131/2268
f 2876/1326/2256 2891/1327/2271 2888/2131/2268
f 2888/2131/2268 2877/2126/2257 2876/1326/2256
f 2892/2134/2272 2893/1319/2273 2894/1320/2274
f 2894/1320/2274 2895/2135/2275 2892/2134/2272
f 2896/2136/2276 2897/1321/2277 2893/1319/2273
f 2893/1319/2273 2892/2134/2272 2896/2136/2276
f 2898/2137/2278 2899/1322/2279 2897/1321/2277
f 2897/1321/2277 2896/2136/2276 2898/2137/2278
f 2900/2138/2280 2871/1323/2251 2899/1322/2279
f 2899/1322/2279 2898/2137/2278 2900/2138/2280
f 2901/2139/2281 2872/2124/2252 2871/1323/2251
f 2871/1323/2251 2900/2138/2280 2901/2139/2281
f 2902/2140/2269 2873/2125/2253 2872/2124/2252
f 2872/2124/2252 2901/2139/2281 2902/2140/2269
f 2903/2141/2282 2875/1328/2255 2877/2126/2257
f 2877/2126/2257 2890/2133/2270 2903/2141/2282
f 2904/2142/2283 2905/1329/2284 2875/1328/2255
f 2875/1328/2255 2903/2141/2282 2904/2142/2283
f 2906/2143/2285 2907/1330/2286 2905/1329/2284
f 2905/1329/2284 2904/2142/2283 2906/2143/2285
f 2908/2144/2287 2909/1331/2288 2907/1330/2286
f 2907/1330/2286 2906/2143/2285 2908/2144/2287
f 2910/2145/2289 2911/1332/2290 2909/1331/2288
f 2909/1331/2288 2908/2144/2287 2910/2145/2289
f 2912/2146/2291 2913/1333/2292 2911/1332/2290
f 2911/1332/2290 2910/2145/2289 2912/2146/2291
f 2914/2147/2293 2879/1334/2259 2913/1333/2292
f 2913/1333/2292 2912/2146/2291 2914/2147/2293
f 2915/2148/2294 2880/2127/2260 2879/1334/2259
f 2879/1334/2259 2914/2147/2293 2915/2148/2294
f 2916/2149/2295 2881/2128/2261 2880/2127/2260
f 2880/2127/2260 2915/2148/2294 2916/2149/2295
f 2917/2150/2296 2883/2129/2263 2886/2130/2266
f 2886/2130/2266 2918/2151/2297 2917/2150/2296
f 2919/2152/2298 2887/1339/2267 2883/2129/2263
f 2883/2129/2263 2917/2150/2296 2919/2152/2298
f 2920/2153/2299 2921/1340/2300 2887/1339/2267
f 2887/1339/2267 2919/2152/2298 2920/2153/2299
f 2895/2135/2275 2894/1320/2274 2921/1340/2300
f 2921/1340/2300 2920/2153/2299 2895/2135/2275
f 2922/2154/2301 2923/2155/2302 2924/2156/2303
f 2924/2156/2303 2925/2157/2304 2922/2154/2301
f 2923/2155/2302 2926/2125/2305 2927/2158/2306
f 2927/2158/2306 2924/2156/2303 2923/2155/2302
f 2928/2157/2307 2929/2156/2308 2930/2159/2309
f 2930/2159/2309 2931/2160/2310 2928/2157/2307
f 2930/2159/2309 2929/2156/2308 2932/2158/2311
f 2933/2118/2312 2934/2161/2313 2935/2162/2314
f 2935/2162/2314 2936/2163/2315 2933/2118/2312
f 2931/2160/2310 2937/2164/2316 2928/2157/2307
f 2938/2165/2317 2922/2154/2301 2925/2157/2304
f 2925/2157/2304 2939/2164/2318 2938/2165/2317
f 2940/2166/2319 2941/2167/2320 2942/2168/2321
f 2942/2168/2321 2943/2169/2322 2940/2166/2319
f 2943/2169/2322 2942/2168/2321 2944/2170/2323
f 2944/2170/2323 2945/2131/2324 2943/2169/2322
f 2946/2167/2325 2947/2171/2326 2948/2172/2327
f 2948/2172/2327 2949/2168/2328 2946/2167/2325
f 2948/2172/2327 2950/2170/2329 2949/2168/2328
f 2951/2118/2330 2952/2163/2331 2953/2162/2332
f 2953/2162/2332 2954/2161/2333 2951/2118/2330
f 2947/2171/2326 2946/2167/2325 2955/2173/2334
f 2956/2174/2317 2957/2173/2335 2941/2167/2320
f 2941/2167/2320 2940/2166/2319 2956/2174/2317
f 2958/2175/2336 2959/2176/2337 2960/2177/2338
f 2960/2177/2338 2961/2178/2339 2958/2175/2336
f 2961/2178/2339 2960/2177/2338 2962/2179/2340
f 2962/2179/2340 2963/2180/2341 2961/2178/2339
f 2964/2176/2342 2965/2150/2343 2966/2181/2344
f 2966/2181/2344 2967/2177/2345 2964/2176/2342
f 2966/2181/2344 2968/2179/2346 2967/2177/2345
f 2969/2182/2347 2970/2122/2348 2971/2183/2349
f 2971/2183/2349 2972/2184/2350 2969/2182/2347
f 2965/2150/2343 2964/2176/2342 2973/2185/2351
f 2974/2186/2352 2975/2185/2353 2959/2176/2337
f 2959/2176/2337 2958/2175/2336 2974/2186/2352
f 2976/2187/2354 2977/2188/2355 2978/2189/2356
f 2978/2189/2356 2979/2190/2357 2976/2187/2354
f 2977/2188/2355 2980/2191/2358 2981/2192/2359
f 2981/2192/2359 2978/2189/2356 2977/2188/2355
f 2982/2190/2360 2983/2189/2361 2984/2193/2362
f 2984/2193/2362 2985/2148/2363 2982/2190/2360
f 2984/2193/2362 2983/2189/2361 2986/2192/2364
f 2987/2182/2365 2988/2184/2366 2989/2183/2367
f 2989/2183/2367 2990/2122/2368 2987/2182/2365
f 2985/2148/2363 2991/2194/2369 2982/2190/2360
f 2992/2195/2370 2976/2187/2354 2979/2190/2357
f 2979/2190/2357 2993/2194/2371 2992/2195/2370
s 0
f 2994/2196/2372 2995/2197/2372 2996/2198/2372
f 2997/2199/2372 2998/2197/2372 2999/2200/2372
f 3000/2201/2372 3001/2197/2372 3002/2202/2372
f 3003/2197/2372 3004/2203/2372 3005/2204/2372
s 1
f 3006/2205/2372 3007/2197/2372 3008/2196/2372
s 0
f 3009/2206/2372 3010/2197/2372 3011/2207/2372
f 3012/2207/2372 3013/2197/2372 3014/2201/2372
f 3015/2197/2372 3016/2208/2372 3017/2209/2372
f 3018/2208/2372 3019/2197/2372 3020/2199/2372
s 1
f 3021/2197/2372 3022/2206/2372 3023/2209/2372
s 0
f 3024/2202/2372 3025/2197/2372 3026/2210/2372
s 1
f 3027/2197/2372 3028/2205/2372 3029/2200/2372
s 0
f 3030/2211/2372 3031/2197/2372 3032/2212/2372
f 3033/2197/2372 3034/2204/2372 3035/2210/2372
f 3036/2213/2372 3037/2197/2372 3038/2214/2372
s 1
f 3039/2197/2372 3040/2211/2372 3041/2198/2372
s 0
f 3042/2215/2372 3043/2197/2372 3044/2209/2372
f 3045/2197/2372 3046/2213/2372 3047/2203/2372
f 3048/2214/2372 3049/2197/2372 3050/2209/2372
f 3051/2197/2372 3052/2215/2372 3053/2212/2372
s 1
f 3054/2111/2373 3055/2113/2374 3056/2112/2375
f 3055/2113/2374 3057/2114/2376 3056/2112/2375
f 3057/2114/2376 3058/2115/2377 3056/2112/2375
f 3058/2115/2377 3059/2116/2378 3056/2112/2375
f 3059/2116/2378 3060/2117/2379 3056/2112/2375
f 3060/2117/2379 3061/2118/2380 3056/2112/2375
f 3062/2118/2381 3063/2117/2382 3064/2112/2383
f 3063/2117/2382 3065/2116/2384 3064/2112/2383
f 3065/2116/2384 3066/2119/2385 3064/2112/2383
f 3066/2119/2385 3067/2114/2386 3064/2112/2383
f 3067/2114/2386 3068/2113/2387 3064/2112/2383
f 3068/2113/2387 3069/2111/2388 3064/2112/2383
f 3069/2111/2388 3070/2120/2389 3064/2112/2383
f 3070/2120/2389 3071/2121/2390 3064/2112/2383
f 3071/2121/2390 3072/2122/2391 3064/2112/2383
f 3072/2122/2391 3073/2123/2392 3064/2112/2383
f 3074/2123/2393 3075/2122/2394 3056/2112/2375
f 3075/2122/2394 3076/2121/2395 3056/2112/2375
f 3076/2121/2395 3077/2120/2396 3056/2112/2375
f 3077/2120/2396 3054/2111/2373 3056/2112/2375
f 3078/1716/2397 3079/2216/2398 3080/1715/2399
f 3081/2217/2400 3079/2216/2398 3078/1716/2397
f 3078/1716/2397 3082/1717/2401 3081/2217/2400
f 3083/1720/2402 3084/2218/2403 3085/1718/2404
f 3086/1727/2405 3087/2219/2406 3088/1726/2407
f 3089/2220/2408 3087/2219/2406 3086/1727/2405
f 3086/1727/2405 3090/1728/2409 3089/2220/2408
f 3091/2221/2410 3092/2222/2411 3093/1730/2412
f 3093/1730/2412 3094/1729/2413 3091/2221/2410
f 3095/1731/2414 3091/2221/2410 3094/1729/2413
f 3096/2223/2415 3084/2218/2403 3097/2224/2416
f 3097/2224/2416 3098/2225/2417 3096/2223/2415
f 3085/1718/2404 3084/2218/2403 3096/2223/2415
f 3096/2223/2415 3099/1719/2418 3085/1718/2404
f 3100/2226/2419 3101/2227/2420 3102/1712/2421
f 3102/1712/2421 3103/1711/2422 3100/2226/2419
f 3104/2228/2423 3100/2226/2419 3103/1711/2422
f 3103/1711/2422 3105/1713/2424 3104/2228/2423
f 3106/2229/2425 3104/2228/2423 3105/1713/2424
f 3105/1713/2424 3107/1714/2426 3106/2229/2425
f 3108/2230/2427 3106/2229/2425 3107/1714/2426
f 3107/1714/2426 3080/1715/2399 3108/2230/2427
f 3109/2231/2428 3108/2230/2427 3080/1715/2399
f 3080/1715/2399 3079/2216/2398 3109/2231/2428
f 3110/2232/2417 3109/2231/2428 3079/2216/2398
f 3079/2216/2398 3081/2217/2400 3110/2232/2417
f 3111/2233/2429 3097/2224/2416 3084/2218/2403
f 3084/2218/2403 3083/1720/2402 3111/2233/2429
f 3112/2234/2430 3111/2233/2429 3083/1720/2402
f 3083/1720/2402 3113/1721/2431 3112/2234/2430
f 3114/2235/2432 3112/2234/2430 3113/1721/2431
f 3113/1721/2431 3115/1722/2433 3114/2235/2432
f 3116/2236/2434 3114/2235/2432 3115/1722/2433
f 3115/1722/2433 3117/1723/2435 3116/2236/2434
f 3118/2237/2436 3116/2236/2434 3117/1723/2435
f 3117/1723/2435 3119/1724/2437 3118/2237/2436
f 3120/2238/2438 3118/2237/2436 3119/1724/2437
f 3119/1724/2437 3121/1725/2439 3120/2238/2438
f 3122/2239/2440 3120/2238/2438 3121/1725/2439
f 3121/1725/2439 3088/1726/2407 3122/2239/2440
f 3123/2240/2441 3122/2239/2440 3088/1726/2407
f 3088/1726/2407 3087/2219/2406 3123/2240/2441
f 3124/2241/2442 3123/2240/2441 3087/2219/2406
f 3087/2219/2406 3089/2220/2408 3124/2241/2442
f 3125/2242/2443 3126/2243/2444 3092/2222/2411
f 3092/2222/2411 3091/2221/2410 3125/2242/2443
f 3127/2244/2445 3125/2242/2443 3091/2221/2410
f 3091/2221/2410 3095/1731/2414 3127/2244/2445
f 3128/2245/2446 3127/2244/2445 3095/1731/2414
f 3095/1731/2414 3129/1732/2447 3128/2245/2446
f 3101/2227/2420 3128/2245/2446 3129/1732/2447
f 3129/1732/2447 3102/1712/2421 3101/2227/2420
f 3130/2246/2448 3131/2247/2449 3132/2248/2450
f 3132/2248/2450 3133/2249/2451 3130/2246/2448
f 3133/2249/2451 3132/2248/2450 3134/2250/2452
f 3134/2250/2452 3135/2217/2453 3133/2249/2451
f 3136/2247/2454 3137/2251/2455 3138/2252/2456
f 3138/2252/2456 3139/2248/2457 3136/2247/2454
f 3138/2252/2456 3140/2250/2458 3139/2248/2457
f 3141/2118/2459 3142/2163/2460 3143/2162/2461
f 3143/2162/2461 3144/2161/2462 3141/2118/2459
f 3137/2251/2455 3136/2247/2454 3145/2253/2463
f 3146/2254/2464 3147/2253/2465 3131/2247/2449
f 3131/2247/2449 3130/2246/2448 3146/2254/2464
f 3148/2255/2466 3149/2256/2467 3150/2257/2468
f 3150/2257/2468 3151/2258/2469 3148/2255/2466
f 3149/2256/2467 3152/2223/2470 3153/2259/2471
f 3153/2259/2471 3150/2257/2468 3149/2256/2467
f 3154/2258/2472 3155/2257/2473 3156/2260/2474
f 3156/2260/2474 3157/2261/2475 3154/2258/2472
f 3156/2260/2474 3155/2257/2473 3158/2259/2476
f 3159/2118/2477 3160/2161/2478 3161/2162/2479
f 3161/2162/2479 3162/2163/2480 3159/2118/2477
f 3157/2261/2475 3163/2262/2481 3154/2258/2472
f 3164/2263/2464 3148/2255/2466 3151/2258/2469
f 3151/2258/2469 3165/2262/2482 3164/2263/2464
f 3166/2264/2483 3167/2265/2484 3168/2266/2485
f 3168/2266/2485 3169/2267/2486 3166/2264/2483
f 3167/2265/2484 3170/2268/2487 3171/2269/2488
f 3171/2269/2488 3168/2266/2485 3167/2265/2484
f 3172/2267/2489 3173/2266/2490 3174/2270/2491
f 3174/2270/2491 3175/2242/2492 3172/2267/2489
f 3174/2270/2491 3173/2266/2490 3176/2269/2493
f 3177/2182/2494 3178/2184/2495 3179/2183/2496
f 3179/2183/2496 3180/2122/2497 3177/2182/2494
f 3175/2242/2492 3181/2271/2498 3172/2267/2489
f 3182/2272/2499 3166/2264/2483 3169/2267/2486
f 3169/2267/2486 3183/2271/2500 3182/2272/2499
f 3184/2273/2501 3185/2274/2502 3186/2275/2503
f 3186/2275/2503 3187/2276/2504 3184/2273/2501
f 3187/2276/2504 3186/2275/2503 3188/2277/2505
f 3188/2277/2505 3189/2278/2506 3187/2276/2504
f 3190/2274/2507 3191/2240/2508 3192/2279/2509
f 3192/2279/2509 3193/2275/2510 3190/2274/2507
f 3192/2279/2509 3194/2277/2511 3193/2275/2510
f 3195/2182/2512 3196/2122/2513 3197/2183/2514
f 3197/2183/2514 3198/2184/2515 3195/2182/2512
f 3191/2240/2508 3190/2274/2507 3199/2280/2516
f 3200/2281/2517 3201/2280/2518 3185/2274/2502
f 3185/2274/2502 3184/2273/2501 3200/2281/2517
s 0
f 3202/2196/2519 3203/2198/2519 3204/2197/2519
f 3205/2199/2519 3206/2200/2519 3207/2197/2519
f 3208/2201/2519 3209/2202/2519 3210/2197/2519
f 3211/2197/2519 3212/2204/2519 3213/2203/2519
f 3214/2205/2519 3215/2196/2519 3216/2197/2519
f 3217/2206/2519 3218/2207/2519 3219/2197/2519
f 3220/2207/2519 3221/2201/2519 3222/2197/2519
f 3223/2197/2519 3224/2209/2519 3225/2208/2519
f 3226/2208/2519 3227/2199/2519 3228/2197/2519
s 1
f 3229/2197/2519 3230/2209/2519 3231/2206/2519
f 3232/2202/2519 3233/2210/2519 3234/2197/2519
s 0
f 3235/2197/2519 3236/2200/2519 3237/2205/2519
f 3238/2211/2519 3239/2212/2519 3240/2197/2519
f 3241/2197/2519 3242/2210/2519 3243/2204/2519
f 3244/2213/2519 3245/2214/2519 3246/2197/2519
f 3247/2197/2519 3248/2198/2519 3249/2211/2519
f 3250/2215/2519 3251/2209/2519 3252/2197/2519
f 3253/2197/2519 3254/2203/2519 3255/2213/2519
s 1
f 3256/2214/2519 3257/2209/2519 3258/2197/2519
s 0
f 3259/2197/2519 3260/2212/2519 3261/2215/2519
s 1
f 3262/2282/2520 3263/2283/2521 3264/2284/2522
f 3265/2285/2523 3266/2286/2524 3262/2282/2520
f 3262/2282/2520 3264/2284/2522 3265/2285/2523
f 3267/2287/2525 3268/2288/2526 3269/2289/2527
f 3270/2290/2528 3264/2284/2522 3263/2283/2521
f 3263/2283/2521 3271/2291/2529 3270/2290/2528
f 3264/2284/2522 3270/2290/2528 3272/2292/2530
f 3272/2292/2530 3265/2285/2523 3264/2284/2522
f 3273/2293/2531 3274/2294/2532 3269/2289/2527
f 3269/2289/2527 3275/2295/2523 3273/2293/2531
f 3275/2295/2523 3269/2289/2527 3268/2288/2526
f 3268/2288/2526 3276/2296/2524 3275/2295/2523
f 3277/2297/2533 3278/2298/2534 3279/2299/2535
f 3280/2298/2536 3281/2296/2537 3282/2299/2535
f 3283/2296/2538 3284/2288/2539 3285/2299/2535
f 3286/2300/2540 3287/2301/2541 3288/2302/2542
f 3289/2293/2543 3290/2300/2540 3291/2302/2544
f 3292/2294/2545 3293/2293/2546 3294/2302/2547
f 3295/2303/2548 3296/2304/2549 3297/2305/2550
f 3297/2305/2550 3298/2306/2551 3295/2303/2548
f 3299/2307/2552 3296/2304/2549 3300/2308/2553
f 3296/2304/2549 3299/2307/2552 3301/2309/2554
f 3301/2309/2554 3297/2305/2550 3296/2304/2549
f 3285/2299/2535 3284/2288/2539 3302/2287/2555
f 3303/2310/2556 3304/2311/2557 3305/2312/2558
f 3306/2313/2559 3304/2311/2557 3303/2310/2556
f 3303/2310/2556 3307/2314/2560 3306/2313/2559
f 3308/2315/2561 3309/2316/2562 3310/2317/2563
f 3311/2318/2564 3312/2319/2565 3305/2312/2558
f 3305/2312/2558 3304/2311/2557 3311/2318/2564
f 3304/2311/2557 3306/2313/2559 3313/2320/2566
f 3313/2320/2566 3311/2318/2564 3304/2311/2557
f 3314/2321/2567 3315/2322/2559 3309/2316/2562
f 3309/2316/2562 3316/2323/2568 3314/2321/2567
f 3315/2322/2559 3317/2324/2560 3310/2317/2563
f 3310/2317/2563 3309/2316/2562 3315/2322/2559
f 3318/2325/2569 3319/2326/2570 3320/2325/2571
f 3320/2325/2571 3319/2326/2570 3321/2324/2572
f 3322/2324/2572 3323/2326/2570 3324/2317/2573
f 3325/2327/2574 3326/2328/2575 3327/2323/2576
f 3328/2321/2577 3326/2328/2575 3325/2327/2574
f 3329/2323/2578 3330/2328/2575 3331/2321/2579
f 3332/2303/2580 3333/2306/2581 3334/2305/2582
f 3334/2305/2582 3335/2304/2583 3332/2303/2580
f 3336/2307/2584 3337/2308/2585 3335/2304/2583
f 3335/2304/2583 3334/2305/2582 3338/2309/2586
f 3338/2309/2586 3336/2307/2584 3335/2304/2583
f 3323/2326/2570 3339/2315/2587 3324/2317/2573
f 3340/2329/2588 3341/2330/2589 3342/2331/2590
f 3342/2331/2590 3343/2332/2591 3340/2329/2588
f 3344/2333/2592 3345/2334/2593 3346/2335/2594
f 3346/2335/2594 3347/2336/2595 3344/2333/2592
f 3348/2337/2596 3349/2338/2596 3350/2330/2596
s 0
f 3351/2339/2596 3352/2337/2596 3353/2330/2596
f 3354/2340/2596 3355/2339/2596 3356/2330/2596
f 3357/2340/2596 3358/2330/2596 3359/2329/2596
f 3360/2332/2597 3361/2331/2597 3362/2341/2597
f 3363/2332/2598 3364/2341/2598 3365/2342/2598
s 1
f 3366/2332/2597 3367/2342/2597 3368/2343/2597
s 0
f 3369/2332/2599 3370/2343/2599 3371/2344/2599
s 1
f 3372/2338/2600 3373/2341/2601 3374/2331/2602
f 3374/2331/2602 3375/2330/2603 3372/2338/2600
f 3376/2345/2604 3377/2346/2605 3378/2347/2606
f 3379/2348/2607 3376/2345/2604 3378/2347/2606
f 3379/2348/2607 3378/2347/2606 3380/2349/2608
f 3381/2350/2609 3379/2348/2607 3380/2349/2608
f 3347/2336/2595 3346/2335/2594 3377/2346/2605
f 3377/2346/2605 3376/2345/2604 3347/2336/2595
f 3382/2351/2610 3383/2352/2611 3384/2353/2612
f 3384/2353/2612 3385/2354/2613 3382/2351/2610
f 3386/2355/2614 3387/2356/2615 3388/2357/2616
f 3388/2357/2616 3389/2358/2617 3386/2355/2614
f 3390/2359/2618 3391/2360/2619 3392/2361/2620
f 3392/2361/2620 3393/2362/2621 3390/2359/2618
f 3385/2354/2613 3384/2353/2612 3394/2363/2622
f 3394/2363/2622 3395/2364/2623 3385/2354/2613
f 3393/2362/2621 3392/2361/2620 3396/2365/2624
f 3396/2365/2624 3397/2366/2625 3393/2362/2621
f 3398/2367/2626 3399/2368/2627 3400/2369/2628
f 3401/2370/2629 3402/2371/2630 3403/2372/2631
f 3404/2373/2631 3405/2374/2632 3406/2375/2633
f 3407/2376/2631 3408/2377/2634 3409/2378/2635
f 3410/2379/2636 3406/2375/2633 3405/2374/2632
f 3405/2374/2632 3411/2380/2637 3410/2379/2636
f 3397/2366/2625 3396/2365/2624 3409/2378/2635
f 3409/2378/2635 3408/2377/2634 3397/2366/2625
f 3412/2381/2619 3382/2351/2610 3385/2354/2613
f 3385/2354/2613 3413/2382/2638 3412/2381/2619
f 3383/2352/2611 3414/2383/2639 3415/2384/2640
f 3415/2384/2640 3384/2353/2612 3383/2352/2611
f 3413/2382/2638 3385/2354/2613 3395/2364/2623
f 3395/2364/2623 3416/2385/2641 3413/2382/2638
f 3384/2353/2612 3415/2384/2640 3417/2386/2642
f 3417/2386/2642 3394/2363/2622 3384/2353/2612
f 3398/2367/2626 3400/2369/2628 3418/2387/2643
f 3399/2368/2627 3419/2388/2644 3400/2369/2628
f 3394/2363/2622 3399/2368/2627 3398/2367/2626
f 3398/2367/2626 3395/2364/2623 3394/2363/2622
f 3395/2364/2623 3398/2367/2626 3418/2387/2643
f 3418/2387/2643 3416/2385/2641 3395/2364/2623
f 3417/2386/2642 3419/2388/2644 3399/2368/2627
f 3399/2368/2627 3394/2363/2622 3417/2386/2642
f 3402/2371/2630 3401/2370/2629 3420/2389/2645
f 3420/2389/2645 3421/2390/2646 3402/2371/2630
f 3405/2374/2632 3404/2373/2631 3422/2391/2647
f 3406/2375/2633 3423/2392/2634 3404/2373/2631
f 3405/2374/2632 3422/2391/2647 3424/2393/2648
f 3424/2393/2648 3411/2380/2637 3405/2374/2632
f 3410/2379/2636 3425/2394/2625 3423/2392/2634
f 3423/2392/2634 3406/2375/2633 3410/2379/2636
f 3425/2394/2625 3410/2379/2636 3426/2362/2649
f 3421/2390/2646 3420/2389/2645 3389/2358/2617
f 3389/2358/2617 3388/2357/2616 3421/2390/2646
f 3411/2380/2637 3424/2393/2648 3427/2395/2650
f 3427/2395/2650 3426/2362/2649 3410/2379/2636
f 3410/2379/2636 3411/2380/2637 3427/2395/2650
f 3428/2396/2651 3383/2352/2611 3382/2351/2610
f 3382/2351/2610 3429/2397/2652 3428/2396/2651
f 3430/2398/2653 3387/2356/2615 3386/2355/2614
f 3386/2355/2614 3431/2399/2654 3430/2398/2653
f 3391/2360/2619 3390/2359/2618 3432/2400/2655
f 3432/2400/2655 3433/2401/2656 3391/2360/2619
f 3429/2397/2652 3382/2351/2610 3412/2381/2619
f 3412/2381/2619 3434/2401/2656 3429/2397/2652
f 3435/2399/2657 3414/2383/2639 3383/2352/2611
f 3383/2352/2611 3428/2396/2651 3435/2399/2657
f 3436/2402/2658 3437/2403/2659 3438/2404/2660
f 3438/2404/2660 3439/2405/2661 3436/2402/2658
f 3440/2406/2662 3441/2407/2663 3442/2408/2664
f 3442/2408/2664 3443/2409/2665 3440/2406/2662
f 3444/2410/2666 3445/2411/2667 3446/2412/2668
f 3446/2412/2668 3447/2413/2669 3444/2410/2666
f 3439/2405/2661 3438/2404/2660 3448/2414/2670
f 3448/2414/2670 3449/2415/2671 3439/2405/2661
f 3447/2413/2669 3446/2412/2668 3450/2416/2672
f 3450/2416/2672 3451/2417/2673 3447/2413/2669
f 3452/2418/2674 3453/2419/2675 3454/2420/2676
f 3455/2421/2677 3456/2422/2678 3457/2423/2679
f 3458/2424/2679 3459/2425/2680 3460/2426/2681
f 3461/2427/2682 3462/2428/2683 3463/2429/2684
f 3460/2426/2681 3459/2425/2680 3464/2430/2685
f 3464/2430/2685 3465/2431/2686 3460/2426/2681
f 3451/2417/2673 3450/2416/2672 3463/2429/2684
f 3463/2429/2684 3462/2428/2683 3451/2417/2673
f 3466/2432/2667 3436/2402/2658 3439/2405/2661
f 3439/2405/2661 3467/2433/2687 3466/2432/2667
f 3437/2403/2659 3468/2434/2688 3469/2435/2689
f 3469/2435/2689 3438/2404/2660 3437/2403/2659
f 3467/2433/2687 3439/2405/2661 3449/2415/2671
f 3449/2415/2671 3470/2436/2690 3467/2433/2687
f 3438/2404/2660 3469/2435/2689 3471/2437/2691
f 3471/2437/2691 3448/2414/2670 3438/2404/2660
f 3452/2418/2674 3454/2420/2676 3472/2438/2692
f 3453/2419/2675 3473/2439/2693 3454/2420/2676
f 3448/2414/2670 3453/2419/2675 3452/2418/2674
f 3452/2418/2674 3449/2415/2671 3448/2414/2670
f 3449/2415/2671 3452/2418/2674 3472/2438/2692
f 3472/2438/2692 3470/2436/2690 3449/2415/2671
f 3471/2437/2691 3473/2439/2693 3453/2419/2675
f 3453/2419/2675 3448/2414/2670 3471/2437/2691
f 3474/2440/2694 3475/2441/2695 3456/2422/2678
f 3456/2422/2678 3455/2421/2677 3474/2440/2694
f 3459/2425/2680 3458/2424/2679 3476/2442/2696
f 3460/2426/2681 3477/2443/2697 3458/2424/2679
f 3478/2444/2698 3464/2430/2685 3459/2425/2680
f 3459/2425/2680 3476/2442/2696 3478/2444/2698
f 3465/2431/2686 3479/2445/2699 3477/2443/2697
f 3477/2443/2697 3460/2426/2681 3465/2431/2686
f 3479/2445/2699 3465/2431/2686 3480/2413/2669
f 3475/2441/2695 3474/2440/2694 3443/2409/2665
f 3443/2409/2665 3442/2408/2664 3475/2441/2695
f 3464/2430/2685 3478/2444/2698 3481/2446/2700
f 3481/2446/2700 3480/2413/2669 3465/2431/2686
f 3465/2431/2686 3464/2430/2685 3481/2446/2700
f 3482/2447/2701 3437/2403/2659 3436/2402/2658
f 3436/2402/2658 3483/2448/2652 3482/2447/2701
f 3484/2449/2702 3441/2407/2663 3440/2406/2662
f 3440/2406/2662 3485/2450/2703 3484/2449/2702
f 3445/2411/2667 3444/2410/2666 3486/2451/2704
f 3486/2451/2704 3487/2452/2656 3445/2411/2667
f 3483/2448/2652 3436/2402/2658 3466/2432/2667
f 3466/2432/2667 3488/2452/2656 3483/2448/2652
f 3489/2450/2703 3468/2434/2688 3437/2403/2659
f 3437/2403/2659 3482/2447/2701 3489/2450/2703
s 0
f 3490/2060/2705 3491/2059/2705 3492/2058/2705
s 1
f 3493/2058/2706 3494/2061/2706 3495/2453/2706
s 0
f 3496/2060/2707 3497/2058/2707 3498/2453/2707
f 3499/2063/2708 3500/2060/2708 3501/2453/2708
f 3502/2060/2709 3503/2059/2709 3504/2058/2709
f 3505/2058/2710 3506/2061/2710 3507/2453/2710
f 3508/2060/2707 3509/2058/2707 3510/2453/2707
f 3511/2063/2711 3512/2060/2711 3513/2453/2711
s 1
f 3514/2454/2712 3515/2396/2713 3516/2397/2714
f 3516/2397/2714 3517/2455/2715 3514/2454/2712
f 3518/2456/2716 3519/2398/2717 3520/2399/2718
f 3520/2399/2718 3521/2457/2719 3518/2456/2716
f 3522/2458/2720 3523/2459/2721 3524/2401/2722
f 3524/2401/2722 3525/2400/2723 3522/2458/2720
f 3517/2455/2715 3516/2397/2714 3524/2401/2722
f 3524/2401/2722 3523/2459/2721 3517/2455/2715
f 3521/2457/2719 3520/2399/2718 3515/2396/2713
f 3515/2396/2713 3514/2454/2712 3521/2457/2719
f 3526/2460/2724 3514/2454/2712 3517/2455/2715
f 3518/2456/2716 3521/2457/2719 3527/2461/2725
f 3527/2461/2725 3528/2462/2726 3518/2456/2716
f 3521/2457/2719 3514/2454/2712 3526/2460/2724
f 3526/2460/2724 3529/2463/2727 3521/2457/2719
f 3530/2464/2728 3531/2465/2729 3532/2466/2730
f 3533/2467/2731 3534/2468/2732 3535/2469/2733
s 0
f 3536/2469/2734 3537/2470/2735 3538/2471/2735
s 1
f 3539/2467/2731 3540/2469/2731 3541/2471/2731
s 0
f 3542/2467/2736 3543/2471/2736 3544/2472/2736
s 1
f 3545/2473/2737 3546/2474/2738 3547/2475/2739
f 3547/2475/2739 3548/2476/2740 3549/2477/2741
f 3545/2473/2737 3547/2475/2739 3549/2477/2741
f 3545/2473/2737 3549/2477/2741 3550/2478/2742
f 3531/2465/2729 3551/2478/2743 3532/2466/2730
f 3532/2466/2730 3552/2467/2744 3530/2464/2728
s 0
f 3553/2479/2745 3554/2480/2745 3555/2481/2745
f 3556/2481/2745 3557/2482/2745 3558/2479/2745
f 3559/2483/2746 3560/2484/2746 3561/2485/2746
s 1
f 3562/2485/2746 3563/2486/2746 3564/2483/2746
s 0
f 3565/2479/2747 3566/2482/2747 3567/2487/2747
f 3568/2487/2747 3569/2488/2747 3570/2479/2747
f 3571/2481/2748 3572/2480/2748 3573/2486/2748
s 1
f 3574/2486/2749 3575/2485/2749 3576/2481/2749
f 3577/2489/2750 3578/2447/2751 3579/2448/2752
f 3579/2448/2752 3580/2490/2753 3577/2489/2750
f 3581/2491/2754 3582/2449/2755 3583/2450/2756
f 3583/2450/2756 3584/2492/2757 3581/2491/2754
f 3585/2493/2758 3586/2494/2759 3587/2452/2760
f 3587/2452/2760 3588/2451/2761 3585/2493/2758
f 3580/2490/2753 3579/2448/2752 3587/2452/2760
f 3587/2452/2760 3586/2494/2759 3580/2490/2753
f 3584/2492/2757 3583/2450/2756 3578/2447/2751
f 3578/2447/2751 3577/2489/2750 3584/2492/2757
f 3589/2495/2762 3577/2489/2750 3580/2490/2753
f 3581/2491/2754 3584/2492/2757 3590/2496/2763
f 3590/2496/2763 3591/2497/2764 3581/2491/2754
f 3584/2492/2757 3577/2489/2750 3589/2495/2762
f 3589/2495/2762 3592/2498/2765 3584/2492/2757
f 3593/2466/2766 3594/2464/2767 3595/2465/2768
s 0
f 3596/2467/2769 3597/2468/2769 3598/2469/2769
s 1
f 3599/2469/2770 3600/2470/2770 3601/2471/2770
s 0
f 3602/2467/2770 3603/2469/2770 3604/2471/2770
f 3605/2467/2770 3606/2471/2770 3607/2472/2770
s 1
f 3608/2473/2771 3609/2474/2738 3610/2475/2739
f 3610/2475/2739 3611/2476/2772 3612/2477/2773
f 3608/2473/2771 3610/2475/2739 3612/2477/2773
f 3608/2473/2771 3612/2477/2773 3613/2478/2774
f 3595/2465/2768 3614/2478/2775 3593/2466/2766
f 3593/2466/2766 3615/2467/2776 3594/2464/2767
s 0
f 3616/2479/2777 3617/2480/2777 3618/2481/2777
f 3619/2481/2778 3620/2482/2778 3621/2479/2778
f 3622/2483/2746 3623/2484/2746 3624/2485/2746
f 3625/2485/2779 3626/2486/2779 3627/2483/2779
f 3628/2479/2780 3629/2482/2780 3630/2487/2780
f 3631/2487/2780 3632/2488/2780 3633/2479/2780
f 3634/2481/2749 3635/2480/2749 3636/2486/2749
f 3637/2486/2749 3638/2485/2749 3639/2481/2749
s 1
f 3640/2499/2781 3641/2500/2782 3642/2501/2783
f 3642/2501/2783 3643/2502/2784 3640/2499/2781
f 3644/2503/2785 3645/2504/2786 3646/2505/2787
f 3646/2505/2787 3647/2506/2788 3644/2503/2785
f 3648/2507/2789 3649/2508/2790 3650/2509/2791
f 3650/2509/2791 3651/2510/2792 3648/2507/2789
f 3652/2503/2793 3653/2506/2794 3654/2505/2795
f 3654/2505/2795 3655/2504/2796 3652/2503/2793
f 3656/2329/2797 3657/2332/2798 3658/2331/2799
f 3658/2331/2799 3659/2330/2800 3656/2329/2797
f 3660/2333/2801 3661/2336/2802 3662/2335/2803
f 3662/2335/2803 3663/2334/2804 3660/2333/2801
s 0
f 3664/2340/2805 3665/2329/2805 3666/2330/2805
f 3667/2330/2806 3668/2338/2806 3669/2337/2806
f 3670/2330/2807 3671/2337/2807 3672/2339/2807
s 1
f 3673/2340/2805 3674/2330/2805 3675/2339/2805
s 0
f 3676/2332/2808 3677/2344/2808 3678/2343/2808
f 3679/2332/2809 3680/2343/2809 3681/2342/2809
f 3682/2332/2810 3683/2342/2810 3684/2341/2810
f 3685/2332/2808 3686/2341/2808 3687/2331/2808
s 1
f 3688/2338/2811 3689/2330/2812 3690/2331/2813
f 3690/2331/2813 3691/2341/2814 3688/2338/2811
f 3692/2347/2815 3693/2346/2816 3694/2345/2817
f 3692/2347/2815 3694/2345/2817 3695/2348/2818
f 3696/2349/2819 3692/2347/2815 3695/2348/2818
f 3697/2350/2820 3696/2349/2819 3695/2348/2818
f 3661/2336/2802 3694/2345/2817 3693/2346/2816
f 3693/2346/2816 3662/2335/2803 3661/2336/2802
f 3698/2511/2821 3699/2512/2822 3700/2513/2823
f 3700/2513/2823 3701/2514/2824 3698/2511/2821
f 3702/2515/2825 3703/2516/2826 3704/2517/2827
f 3704/2517/2827 3705/2518/2828 3702/2515/2825
f 3706/2519/2829 3707/2520/2830 3708/2521/2831
f 3708/2521/2831 3709/2522/2832 3706/2519/2829
f 3699/2512/2822 3710/2523/2833 3711/2524/2834
f 3711/2524/2834 3700/2513/2823 3699/2512/2822
f 3707/2520/2830 3712/2525/2835 3713/2526/2836
f 3713/2526/2836 3708/2521/2831 3707/2520/2830
f 3714/2527/2837 3715/2528/2838 3716/2529/2839
f 3717/2530/2840 3718/2531/2841 3719/2532/2842
f 3720/2533/2841 3721/2534/2843 3722/2535/2844
f 3723/2536/2841 3724/2537/2845 3725/2538/2846
f 3726/2539/2847 3727/2540/2848 3722/2535/2844
f 3722/2535/2844 3721/2534/2843 3726/2539/2847
f 3712/2525/2835 3725/2538/2846 3724/2537/2845
f 3724/2537/2845 3713/2526/2836 3712/2525/2835
f 3728/2541/2832 3729/2542/2849 3699/2512/2822
f 3699/2512/2822 3698/2511/2821 3728/2541/2832
f 3701/2514/2824 3700/2513/2823 3730/2543/2850
f 3730/2543/2850 3731/2544/2825 3701/2514/2824
f 3729/2542/2849 3732/2545/2851 3710/2523/2833
f 3710/2523/2833 3699/2512/2822 3729/2542/2849
f 3700/2513/2823 3711/2524/2834 3733/2546/2852
f 3733/2546/2852 3730/2543/2850 3700/2513/2823
f 3714/2527/2837 3734/2547/2853 3715/2528/2838
f 3716/2529/2839 3715/2528/2838 3735/2548/2854
f 3711/2524/2834 3710/2523/2833 3714/2527/2837
f 3714/2527/2837 3716/2529/2839 3711/2524/2834
f 3710/2523/2833 3732/2545/2851 3734/2547/2853
f 3734/2547/2853 3714/2527/2837 3710/2523/2833
f 3733/2546/2852 3711/2524/2834 3716/2529/2839
f 3716/2529/2839 3735/2548/2854 3733/2546/2852
f 3719/2532/2842 3736/2549/2855 3737/2550/2856
f 3737/2550/2856 3717/2530/2840 3719/2532/2842
f 3722/2535/2844 3738/2551/2857 3720/2533/2841
f 3721/2534/2843 3720/2533/2841 3739/2552/2858
f 3722/2535/2844 3727/2540/2848 3740/2553/2859
f 3740/2553/2859 3738/2551/2857 3722/2535/2844
f 3726/2539/2847 3721/2534/2843 3739/2552/2858
f 3739/2552/2858 3741/2554/2860 3726/2539/2847
f 3741/2554/2860 3742/2520/2830 3726/2539/2847
f 3736/2549/2855 3704/2517/2827 3703/2516/2826
f 3703/2516/2826 3737/2550/2856 3736/2549/2855
f 3727/2540/2848 3743/2555/2861 3740/2553/2859
f 3743/2555/2861 3727/2540/2848 3726/2539/2847
f 3726/2539/2847 3742/2520/2830 3743/2555/2861
f 3744/2556/2862 3745/2557/2863 3698/2511/2821
f 3698/2511/2821 3701/2514/2824 3744/2556/2862
f 3746/2558/2864 3747/2559/2865 3702/2515/2825
f 3702/2515/2825 3705/2518/2828 3746/2558/2864
f 3709/2522/2832 3748/2560/2866 3749/2561/2867
f 3749/2561/2867 3706/2519/2829 3709/2522/2832
f 3745/2557/2863 3750/2560/2866 3728/2541/2832
f 3728/2541/2832 3698/2511/2821 3745/2557/2863
f 3751/2559/2868 3744/2556/2862 3701/2514/2824
f 3701/2514/2824 3731/2544/2825 3751/2559/2868
f 3752/2562/2869 3753/2563/2870 3754/2564/2871
f 3754/2564/2871 3755/2565/2872 3752/2562/2869
f 3756/2566/2873 3757/2567/2874 3758/2568/2875
f 3758/2568/2875 3759/2569/2876 3756/2566/2873
f 3760/2570/2877 3761/2571/2878 3762/2572/2879
f 3762/2572/2879 3763/2573/2880 3760/2570/2877
f 3753/2563/2870 3764/2574/2881 3765/2575/2882
f 3765/2575/2882 3754/2564/2871 3753/2563/2870
f 3761/2571/2878 3766/2576/2883 3767/2577/2884
f 3767/2577/2884 3762/2572/2879 3761/2571/2878
f 3768/2578/2885 3769/2579/2886 3770/2580/2887
f 3771/2581/2888 3772/2582/2889 3773/2583/2890
f 3774/2584/2891 3775/2585/2892 3776/2586/2893
f 3777/2587/2889 3778/2588/2894 3779/2589/2895
f 3775/2585/2892 3780/2590/2896 3781/2591/2897
f 3781/2591/2897 3776/2586/2893 3775/2585/2892
f 3766/2576/2883 3779/2589/2895 3778/2588/2894
f 3778/2588/2894 3767/2577/2884 3766/2576/2883
f 3782/2592/2880 3783/2593/2898 3753/2563/2870
f 3753/2563/2870 3752/2562/2869 3782/2592/2880
f 3755/2565/2872 3754/2564/2871 3784/2594/2899
f 3784/2594/2899 3785/2595/2873 3755/2565/2872
f 3783/2593/2898 3786/2596/2900 3764/2574/2881
f 3764/2574/2881 3753/2563/2870 3783/2593/2898
f 3754/2564/2871 3765/2575/2882 3787/2597/2901
f 3787/2597/2901 3784/2594/2899 3754/2564/2871
f 3768/2578/2885 3788/2598/2902 3769/2579/2886
f 3770/2580/2887 3769/2579/2886 3789/2599/2903
f 3765/2575/2882 3764/2574/2881 3768/2578/2885
f 3768/2578/2885 3770/2580/2887 3765/2575/2882
f 3764/2574/2881 3786/2596/2900 3788/2598/2902
f 3788/2598/2902 3768/2578/2885 3764/2574/2881
f 3787/2597/2901 3765/2575/2882 3770/2580/2887
f 3770/2580/2887 3789/2599/2903 3787/2597/2901
f 3790/2600/2904 3771/2581/2888 3773/2583/2890
f 3773/2583/2890 3791/2601/2905 3790/2600/2904
f 3776/2586/2893 3792/2602/2906 3774/2584/2891
f 3775/2585/2892 3774/2584/2891 3793/2603/2907
f 3794/2604/2908 3792/2602/2906 3776/2586/2893
f 3776/2586/2893 3781/2591/2897 3794/2604/2908
f 3780/2590/2896 3775/2585/2892 3793/2603/2907
f 3793/2603/2907 3795/2605/2909 3780/2590/2896
f 3795/2605/2909 3796/2571/2878 3780/2590/2896
f 3791/2601/2905 3758/2568/2875 3757/2567/2874
f 3757/2567/2874 3790/2600/2904 3791/2601/2905
f 3781/2591/2897 3797/2606/2910 3794/2604/2908
f 3797/2606/2910 3781/2591/2897 3780/2590/2896
f 3780/2590/2896 3796/2571/2878 3797/2606/2910
f 3798/2607/2911 3799/2608/2863 3752/2562/2869
f 3752/2562/2869 3755/2565/2872 3798/2607/2911
f 3800/2609/2912 3801/2610/2913 3756/2566/2873
f 3756/2566/2873 3759/2569/2876 3800/2609/2912
f 3763/2573/2880 3802/2611/2866 3803/2612/2914
f 3803/2612/2914 3760/2570/2877 3763/2573/2880
f 3799/2608/2863 3804/2611/2866 3782/2592/2880
f 3782/2592/2880 3752/2562/2869 3799/2608/2863
f 3805/2610/2913 3798/2607/2911 3755/2565/2872
f 3755/2565/2872 3785/2595/2873 3805/2610/2913
s 0
f 3806/2453/2915 3807/2061/2915 3808/2058/2915
s 1
f 3809/2058/2916 3810/2059/2916 3811/2060/2916
f 3812/2453/2917 3813/2058/2917 3814/2060/2917
s 0
f 3815/2063/2918 3816/2453/2918 3817/2060/2918
s 1
f 3818/2453/2915 3819/2061/2915 3820/2058/2915
f 3821/2058/2919 3822/2059/2919 3823/2060/2919
s 0
f 3824/2453/2917 3825/2058/2917 3826/2060/2917
f 3827/2063/2920 3828/2453/2920 3829/2060/2920
s 1
f 3830/2613/2921 3831/2614/2922 3832/2557/2923
f 3832/2557/2923 3833/2556/2924 3830/2613/2921
f 3834/2615/2925 3835/2616/2926 3836/2559/2927
f 3836/2559/2927 3837/2558/2928 3834/2615/2925
f 3838/2617/2929 3839/2561/2930 3840/2560/2931
f 3840/2560/2931 3841/2618/2932 3838/2617/2929
f 3831/2614/2922 3841/2618/2932 3840/2560/2931
f 3840/2560/2931 3832/2557/2923 3831/2614/2922
f 3835/2616/2926 3830/2613/2921 3833/2556/2924
f 3833/2556/2924 3836/2559/2927 3835/2616/2926
f 3842/2619/2933 3831/2614/2922 3830/2613/2921
f 3834/2615/2925 3843/2620/2934 3844/2621/2935
f 3844/2621/2935 3835/2616/2926 3834/2615/2925
f 3835/2616/2926 3845/2622/2936 3842/2619/2933
f 3842/2619/2933 3830/2613/2921 3835/2616/2926
f 3846/2464/2937 3847/2466/2938 3848/2465/2939
s 0
f 3849/2467/2940 3850/2472/2940 3851/2471/2940
s 1
f 3852/2471/2941 3853/2470/2941 3854/2469/2942
s 0
f 3855/2467/2943 3856/2471/2943 3857/2469/2943
s 1
f 3855/2467/2944 3857/2469/2945 3858/2468/2946
f 3859/2473/2947 3860/2478/2948 3861/2477/2949
f 3861/2477/2949 3862/2476/2950 3863/2475/2951
f 3859/2473/2947 3861/2477/2949 3863/2475/2951
f 3859/2473/2947 3863/2475/2951 3864/2474/2952
f 3848/2465/2939 3847/2466/2938 3865/2478/2953
f 3847/2466/2938 3846/2464/2937 3866/2467/2954
s 0
f 3867/2479/2955 3868/2482/2955 3869/2481/2955
f 3870/2481/2955 3871/2480/2955 3872/2479/2955
f 3873/2483/2956 3874/2486/2956 3875/2485/2956
f 3876/2485/2956 3877/2484/2956 3878/2483/2956
s 1
f 3879/2479/2957 3880/2488/2957 3881/2487/2957
f 3882/2487/2958 3883/2482/2958 3884/2479/2958
s 0
f 3885/2481/2959 3886/2485/2959 3887/2486/2959
f 3888/2486/2960 3889/2480/2960 3890/2481/2960
s 1
f 3891/2623/2961 3892/2624/2962 3893/2608/2963
f 3893/2608/2963 3894/2607/2964 3891/2623/2961
f 3895/2625/2965 3896/2626/2966 3897/2610/2967
f 3897/2610/2967 3898/2609/2968 3895/2625/2965
f 3899/2627/2969 3900/2612/2970 3901/2611/2971
f 3901/2611/2971 3902/2628/2972 3899/2627/2969
f 3892/2624/2962 3902/2628/2972 3901/2611/2971
f 3901/2611/2971 3893/2608/2963 3892/2624/2962
f 3896/2626/2966 3891/2623/2961 3894/2607/2964
f 3894/2607/2964 3897/2610/2967 3896/2626/2966
f 3903/2629/2973 3892/2624/2962 3891/2623/2961
f 3895/2625/2965 3904/2630/2974 3905/2631/2975
f 3905/2631/2975 3896/2626/2966 3895/2625/2965
f 3896/2626/2966 3906/2632/2975 3903/2629/2973
f 3903/2629/2973 3891/2623/2961 3896/2626/2966
f 3907/2466/2976 3908/2465/2977 3909/2464/2978
f 3910/2467/2979 3911/2472/2979 3912/2471/2979
s 0
f 3913/2471/2979 3914/2470/2979 3915/2469/2979
f 3916/2467/2979 3917/2471/2979 3918/2469/2979
f 3919/2467/2980 3920/2469/2980 3921/2468/2980
s 1
f 3922/2473/2981 3923/2478/2982 3924/2477/2983
f 3924/2477/2983 3925/2476/2984 3926/2475/2951
f 3922/2473/2981 3924/2477/2983 3926/2475/2951
f 3922/2473/2981 3926/2475/2951 3927/2474/2985
f 3908/2465/2977 3907/2466/2976 3928/2478/2986
f 3907/2466/2976 3909/2464/2978 3929/2467/2987
s 0
f 3930/2479/2988 3931/2482/2988 3932/2481/2988
f 3933/2481/2989 3934/2480/2989 3935/2479/2989
f 3936/2483/2990 3937/2486/2990 3938/2485/2990
f 3939/2485/2956 3940/2484/2956 3941/2483/2956
f 3942/2479/2958 3943/2488/2958 3944/2487/2958
s 1
f 3945/2487/2958 3946/2482/2958 3947/2479/2958
s 0
f 3948/2481/2959 3949/2485/2959 3950/2486/2959
f 3951/2486/2960 3952/2480/2960 3953/2481/2960
s 1
f 3954/2633/1130 3955/2634/1130 3956/2635/2991
f 3956/2635/2991 3957/2636/2992 3954/2633/1130
s 0
f 3958/2637/202 3959/2638/202 3960/2639/202
f 3961/2637/202 3962/2639/202 3963/2635/202
f 3961/2637/202 3963/2635/202 3964/2634/202
s 1
f 3965/2640/72 3966/2641/72 3967/2633/72
s 0
f 3968/2642/72 3969/2640/72 3970/2633/72
f 3971/2642/72 3972/2633/72 3973/2636/72
s 1
f 3974/2643/2993 3975/2644/2994 3976/2638/2994
f 3976/2638/2994 3977/2637/2993 3974/2643/2993
f 3978/2645/2995 3976/2638/2994 3975/2644/2994
f 3975/2644/2994 3979/2646/2995 3978/2645/2995
f 3956/2635/2991 3980/2647/2996 3981/2648/2996
f 3981/2648/2996 3957/2636/2992 3956/2635/2991
f 3982/2649/2997 3983/2650/72 3984/2651/72
f 3984/2651/72 3985/2652/2997 3982/2649/2997
f 3983/2650/72 3986/2653/2998 3987/2654/2999
f 3987/2654/2999 3984/2651/72 3983/2650/72
f 3988/2653/3000 3989/2650/2124 3990/2651/202
f 3990/2651/202 3991/2654/2999 3988/2653/3000
f 3989/2650/2124 3992/2649/3001 3993/2652/3002
f 3993/2652/3002 3990/2651/202 3989/2650/2124
f 3994/2655/3003 3995/2656/3004 3996/2657/3005
f 3996/2657/3005 3997/2658/3006 3994/2655/3003
f 3998/2659/3007 3999/2660/3008 4000/2661/3009
f 4000/2661/3009 4001/2662/3010 3998/2659/3007
f 4002/2663/3011 4003/2664/3012 4004/2017/3013
f 4004/2017/3013 4005/2016/3014 4002/2663/3011
f 4006/2665/3015 4007/2666/3016 4008/2020/3017
f 4008/2020/3017 4009/2019/3018 4006/2665/3015
f 4010/2667/3019 4011/2056/3020 4012/2055/3021
f 4012/2055/3021 4013/2668/3022 4010/2667/3019
f 4014/2668/3023 4003/2664/3012 4015/2669/3024
f 4015/2669/3024 4016/2670/3025 4014/2668/3023
f 4014/2668/3023 4017/2057/3026 4004/2017/3013
f 4004/2017/3013 4003/2664/3012 4014/2668/3023
f 4018/2666/3027 4002/2663/3011 4005/2016/3014
f 4005/2016/3014 4019/2024/3028 4018/2666/3027
f 4020/2671/3029 4015/2669/3024 4003/2664/3012
f 4003/2664/3012 4002/2663/3011 4020/2671/3029
f 4006/2665/3015 4021/2672/2044 4022/2673/3030
f 4022/2673/3030 4007/2666/3016 4006/2665/3015
f 4013/2668/3022 4023/2674/3031 4024/2675/2046
f 4024/2675/2046 4010/2667/3019 4013/2668/3022
f 4018/2666/3027 4025/2676/3032 4020/2671/3029
f 4020/2671/3029 4002/2663/3011 4018/2666/3027
f 4026/2677/3033 4027/2678/3034 4028/2679/3035
f 4028/2679/3035 4029/2680/3036 4026/2677/3033
s 0
f 4030/2679/3037 4031/2678/3037 4032/2681/3037
f 4033/2679/3038 4034/2681/3038 4035/2682/3038
f 4036/2682/3039 4037/2683/3039 4038/2684/3039
f 4039/2679/3040 4040/2682/3040 4041/2684/3040
f 4042/2685/3041 4043/2686/3041 4044/2687/3041
s 1
f 4045/2688/3042 4046/2689/3042 4047/2690/3042
s 0
f 4048/2687/3043 4049/2688/3043 4050/2690/3043
f 4051/2685/3041 4052/2687/3041 4053/2690/3041
s 1
f 4026/2677/3033 4029/2680/3036 4054/2686/3044
f 4054/2686/3044 4055/2685/3045 4026/2677/3033
f 4056/258/3046 4057/307/202 4058/2691/3047
f 4056/258/3046 4058/2691/3047 4059/2692/3048
f 4059/2692/3048 4060/259/3049 4056/258/3046
f 4061/262/3050 4062/2693/3048 4063/2694/3051
f 4063/2694/3051 4064/263/3052 4061/262/3050
f 4064/263/3052 4063/2694/3051 4065/2695/3053
f 4065/2695/3053 4066/265/3054 4064/263/3052
f 4066/265/3054 4065/2695/3053 4067/256/222
f 4067/256/222 4068/255/222 4066/265/3054
f 4069/2696/3055 4070/2697/3056 4071/2698/72
f 4069/2696/3055 4072/2699/3057 4073/2700/3058
f 4073/2700/3058 4070/2697/3056 4069/2696/3055
f 4072/2699/3057 4074/2701/3059 4075/2702/3060
f 4075/2702/3060 4073/2700/3058 4072/2699/3057
f 4074/2701/3059 4076/2703/3061 4077/2704/3062
f 4077/2704/3062 4075/2702/3060 4074/2701/3059
f 4076/2703/3061 4078/2705/3063 4079/2706/3063
f 4079/2706/3063 4077/2704/3062 4076/2703/3061
f 4080/2707/3064 4081/2708/3065 4082/2709/3066
f 4080/2707/3064 4082/2709/3066 4083/2710/3067
f 4084/2711/3068 4080/2707/3064 4083/2710/3067
f 4085/2712/3069 4086/2713/3070 4087/2714/3071
f 4088/2715/3072 4085/2712/3069 4087/2714/3071
f 4089/2716/3073 4088/2715/3072 4087/2714/3071
f 4090/761/3074 4091/760/3075 4092/765/3076
f 4092/765/3076 4093/2717/3077 4090/761/3074
f 4094/2718/3078 4095/766/1098 4096/758/3079
f 4096/758/3079 4097/759/3080 4094/2718/3078
s 0
f 4098/2717/3081 4099/2719/3081 4100/761/3081
f 4101/760/3082 4102/761/3082 4103/2719/3082
f 4104/2719/3083 4105/760/3083 4106/760/3083
s 1
f 4107/760/202 4108/765/202 4109/760/202
f 4110/2720/3084 4111/2721/3085 4112/2722/3086
f 4112/2722/3086 4113/2723/3087 4110/2720/3084
f 4114/2659/3088 4115/2662/3089 4116/2661/3090
f 4116/2661/3090 4117/2660/3091 4114/2659/3088
f 4118/2724/3092 4119/2071/3093 4120/2070/3094
f 4120/2070/3094 4121/2725/3095 4118/2724/3092
f 4122/2726/3096 4123/2072/3097 4124/2075/3098
f 4124/2075/3098 4125/2727/3099 4122/2726/3096
f 4126/2728/3100 4127/2729/3101 4128/2109/3102
f 4128/2109/3102 4129/2108/3103 4126/2728/3100
f 4130/2729/3104 4131/2730/3105 4132/2731/3106
f 4132/2731/3106 4121/2725/3095 4130/2729/3104
f 4130/2729/3104 4121/2725/3095 4120/2070/3094
f 4120/2070/3094 4133/2110/3107 4130/2729/3104
f 4134/2727/3108 4135/2077/3109 4119/2071/3093
f 4119/2071/3093 4118/2724/3092 4134/2727/3108
f 4136/2732/3110 4118/2724/3092 4121/2725/3095
f 4121/2725/3095 4132/2731/3106 4136/2732/3110
f 4122/2726/3096 4125/2727/3099 4137/2733/3111
f 4137/2733/3111 4138/2734/2156 4122/2726/3096
f 4127/2729/3101 4126/2728/3100 4139/2735/2157
f 4139/2735/2157 4140/2736/3112 4127/2729/3101
f 4134/2727/3108 4118/2724/3092 4136/2732/3110
f 4136/2732/3110 4141/2737/3113 4134/2727/3108
f 4142/2677/3114 4143/2680/3115 4144/2679/3116
f 4144/2679/3116 4145/2678/3117 4142/2677/3114
s 0
f 4146/2684/3118 4147/2683/3118 4148/2682/3118
f 4149/2679/3119 4150/2684/3119 4151/2682/3119
f 4152/2679/3120 4153/2682/3120 4154/2681/3120
s 1
f 4155/2679/3121 4156/2681/3121 4157/2678/3121
s 0
f 4158/2690/3122 4159/2689/3122 4160/2688/3122
f 4161/2690/3123 4162/2688/3123 4163/2687/3123
f 4164/2685/3123 4165/2690/3123 4166/2687/3123
f 4167/2685/3124 4168/2687/3124 4169/2686/3124
s 1
f 4142/2677/3114 4170/2685/3125 4171/2686/3126
f 4171/2686/3126 4143/2680/3115 4142/2677/3114
f 4172/127/3127 4173/2738/3128 4174/180/2014
f 4172/127/3127 4175/126/3129 4176/2739/3130
f 4176/2739/3130 4173/2738/3128 4172/127/3127
f 4177/131/3131 4178/130/3132 4179/2740/3133
f 4179/2740/3133 4180/2741/3130 4177/131/3131
f 4178/130/3132 4181/133/3134 4182/2742/3135
f 4182/2742/3135 4179/2740/3133 4178/130/3132
f 4181/133/3134 4183/122/91 4184/121/91
f 4184/121/91 4182/2742/3135 4181/133/3134
f 4185/2696/3136 4186/2698/2125 4187/2697/3137
f 4185/2696/3136 4187/2697/3137 4188/2700/3138
f 4188/2700/3138 4189/2699/3139 4185/2696/3136
f 4189/2699/3139 4188/2700/3138 4190/2702/3140
f 4190/2702/3140 4191/2701/3141 4189/2699/3139
f 4191/2701/3141 4190/2702/3140 4192/2704/3142
f 4192/2704/3142 4193/2703/3143 4191/2701/3141
f 4193/2703/3143 4192/2704/3142 4194/2706/3144
f 4194/2706/3144 4195/2705/3144 4193/2703/3143
f 4196/2743/3145 4197/2744/3146 4198/2745/3147
f 4199/2746/3148 4196/2743/3145 4198/2745/3147
f 4200/2747/3149 4199/2746/3148 4198/2745/3147
f 4201/2714/3150 4202/2713/3151 4203/2712/3152
f 4201/2714/3150 4203/2712/3152 4204/2715/3153
f 4205/2716/3154 4201/2714/3150 4204/2715/3153
f 4206/761/3155 4207/2717/3156 4208/765/3157
f 4208/765/3157 4209/760/3158 4206/761/3155
f 4210/2718/3159 4211/759/3160 4212/758/3161
f 4212/758/3161 4213/766/765 4210/2718/3159
s 0
f 4214/2717/3162 4215/761/3162 4216/2719/3162
f 4217/760/3163 4218/760/3163 4219/2719/3163
f 4220/2719/3164 4221/761/3164 4222/760/3164
s 1
f 4223/760/72 4224/760/72 4225/765/72
f 4226/2748/3165 4227/1093/3166 4228/1090/3167
f 4228/1090/3167 4229/2749/3168 4226/2748/3165
f 4226/2748/3165 4230/770/3169 4231/1092/3170
f 4231/1092/3170 4227/1093/3166 4226/2748/3165
f 4229/2749/3168 4228/1090/3167 4232/1091/3171
f 4232/1091/3171 4233/2750/3172 4229/2749/3168
f 4234/2751/3173 4235/2752/3174 4236/2753/3175
f 4236/2753/3175 4237/2754/3176 4234/2751/3173
f 4234/2751/3173 4237/2754/3176 4238/2755/3177
f 4238/2755/3177 4239/2756/3178 4234/2751/3173
f 4235/2752/3174 4240/2757/3179 4241/2758/3180
f 4241/2758/3180 4236/2753/3175 4235/2752/3174
f 4242/2748/3181 4243/2749/3182 4244/768/3183
f 4244/768/3183 4245/772/3184 4242/2748/3181
f 4242/2748/3181 4245/772/3184 4246/771/3185
f 4246/771/3185 4247/770/3186 4242/2748/3181
f 4248/769/3187 4244/768/3183 4243/2749/3182
f 4243/2749/3182 4249/2750/3188 4248/769/3187
f 4250/2751/3189 4251/2754/3190 4252/2753/3191
f 4252/2753/3191 4253/2752/3192 4250/2751/3189
f 4250/2751/3189 4254/2756/3193 4255/2755/3194
f 4255/2755/3194 4251/2754/3190 4250/2751/3189
f 4256/2758/3195 4257/2757/3196 4253/2752/3192
f 4253/2752/3192 4252/2753/3191 4256/2758/3195
f 4258/2759/3197 4259/2760/3198 4260/2761/3199
f 4260/2761/3199 4261/2762/3200 4258/2759/3197
f 4258/2759/3197 4262/2763/3201 4263/2764/3201
f 4263/2764/3201 4259/2760/3198 4258/2759/3197
f 4262/2763/3201 4264/2765/3202 4265/2766/3202
f 4265/2766/3202 4263/2764/3201 4262/2763/3201
f 4264/2765/3202 4266/2767/3203 4267/2768/3204
f 4267/2768/3204 4265/2766/3202 4264/2765/3202
f 4268/2769/3205 4269/2770/3206 4270/2771/3207
f 4270/2771/3207 4271/2772/3205 4268/2769/3205
f 4269/2770/3206 4261/2762/3200 4260/2761/3199
f 4260/2761/3199 4270/2771/3207 4269/2770/3206
s 0
f 4272/2773/3208 4273/2774/3208 4274/2775/3208
f 4275/2775/3208 4276/2776/3208 4277/2773/3208
s 1
f 4278/2777/3209 4279/2778/3209 4280/2779/3209
f 4281/2779/3210 4282/2780/3210 4283/2777/3210
s 0
f 4284/2781/3211 4285/2782/3211 4286/2783/3211
f 4287/2783/3211 4288/2784/3211 4289/2781/3211
f 4290/2785/3212 4291/2786/3212 4292/2787/3212
f 4293/2787/3212 4294/2788/3212 4295/2785/3212
s 1
f 4296/2789/3213 4297/2790/3214 4298/2791/3215
f 4298/2791/3215 4299/2792/3216 4296/2789/3213
s 0
f 4300/2793/3217 4301/2794/3217 4302/2790/3217
f 4303/2795/3218 4304/2793/3218 4305/2790/3218
f 4306/2790/3219 4307/2789/3219 4308/2796/3219
f 4309/2795/3219 4310/2790/3219 4311/2796/3219
s 1
f 4312/2793/3220 4313/2797/3220 4314/2798/3221
f 4314/2798/3221 4315/2794/3222 4312/2793/3220
s 0
f 4316/2799/3223 4317/2800/3223 4318/2792/3223
f 4319/2797/3223 4320/2799/3223 4321/2792/3223
f 4322/2792/3224 4323/2791/3224 4324/2798/3224
f 4325/2797/3225 4326/2792/3225 4327/2798/3225
s 1
f 4328/2799/3226 4329/2795/3226 4330/2796/3227
f 4330/2796/3227 4331/2800/3228 4328/2799/3226
s 0
f 4332/2775/3203 4333/2784/3203 4334/2783/3203
f 4335/2783/3204 4336/2776/3204 4337/2775/3204
s 1
f 4338/2801/3229 4339/2802/3230 4340/2803/3231
f 4340/2803/3231 4341/2804/3232 4338/2801/3229
f 4342/2805/3233 4343/2806/3233 4344/2802/3233
s 0
f 4345/2807/3234 4346/2805/3234 4347/2802/3234
f 4348/2802/3235 4349/2801/3235 4350/2808/3235
f 4351/2807/3236 4352/2802/3236 4353/2808/3236
s 1
f 4354/2805/3237 4355/2809/3237 4356/2810/3238
f 4356/2810/3238 4357/2806/3239 4354/2805/3237
s 0
f 4358/2811/3240 4359/2812/3240 4360/2804/3240
f 4361/2809/3241 4362/2811/3241 4363/2804/3241
f 4364/2804/3242 4365/2803/3242 4366/2810/3242
f 4367/2809/3241 4368/2804/3241 4369/2810/3241
s 1
f 4370/2811/3243 4371/2807/3243 4372/2808/3244
f 4372/2808/3244 4373/2812/3245 4370/2811/3243
f 4297/2790/3214 4315/2794/3222 4314/2798/3221
f 4314/2798/3221 4298/2791/3215 4297/2790/3214
f 4299/2792/3216 4331/2800/3228 4330/2796/3227
f 4330/2796/3227 4296/2789/3213 4299/2792/3216
f 4339/2802/3230 4357/2806/3239 4356/2810/3238
f 4356/2810/3238 4340/2803/3231 4339/2802/3230
f 4341/2804/3232 4373/2812/3245 4372/2808/3244
f 4372/2808/3244 4338/2801/3229 4341/2804/3232
s 0
f 4374/2813/3246 4375/2814/3246 4376/2815/3246
f 4377/2815/3246 4378/2816/3246 4379/2813/3246
s 1
f 4380/2817/3247 4381/2813/3248 4382/2816/3249
f 4382/2816/3249 4383/2818/3250 4380/2817/3247
s 0
f 4384/2819/3251 4385/2817/3251 4386/2818/3251
f 4387/2818/3252 4388/2820/3252 4389/2819/3252
s 1
f 4390/2814/3253 4391/2819/3254 4392/2820/3255
f 4392/2820/3255 4393/2815/3256 4390/2814/3253
s 0
f 4394/2821/3257 4395/2822/3257 4396/2823/3257
f 4397/2823/3258 4398/2824/3258 4399/2821/3258
s 1
f 4400/2825/3259 4401/2821/3260 4402/2824/3261
f 4402/2824/3261 4403/2826/3262 4400/2825/3259
s 0
f 4404/2827/3263 4405/2825/3263 4406/2826/3263
f 4407/2826/3263 4408/2828/3263 4409/2827/3263
s 1
f 4410/2822/3264 4411/2827/3265 4412/2828/3266
f 4412/2828/3266 4413/2823/3267 4410/2822/3264
f 4414/2829/3268 4415/2830/3269 4416/2831/3270
f 4416/2831/3270 4417/2832/3271 4414/2829/3268
f 4414/2829/3268 4417/2832/3271 4418/2833/3272
f 4418/2833/3272 4419/2834/3273 4414/2829/3268
f 4419/2834/3273 4420/2835/3274 4421/2836/3275
f 4421/2836/3275 4422/2837/3275 4419/2834/3273
f 4417/2832/3271 4423/2838/3276 4424/2839/3277
f 4424/2839/3277 4418/2833/3272 4417/2832/3271
f 4425/2745/3149 4420/2835/3274 4426/2747/3149
f 4427/2840/3278 4428/2841/3279 4429/2842/3280
f 4429/2842/3280 4430/2843/3281 4427/2840/3278
f 4419/2834/3273 4418/2833/3272 4431/2746/3282
f 4431/2746/3282 4426/2747/3149 4420/2835/3274
f 4419/2834/3273 4431/2746/3282 4420/2835/3274
f 4432/2844/3283 4433/2714/3284 4434/2716/3285
f 4428/2841/3279 4435/2845/3286 4436/2846/3286
f 4436/2846/3286 4432/2844/3283 4428/2841/3279
f 4437/2715/3287 4429/2842/3280 4428/2841/3279
f 4434/2716/3285 4437/2715/3287 4428/2841/3279
f 4434/2716/3285 4428/2841/3279 4432/2844/3283
f 4430/2843/3281 4438/2847/3288 4439/2848/3289
f 4439/2848/3289 4427/2840/3278 4430/2843/3281
f 4429/2842/3280 4440/2849/3290 4441/2850/3291
f 4441/2850/3291 4430/2843/3281 4429/2842/3280
f 4442/2851/3200 4443/2852/3200 4444/2853/3207
f 4444/2853/3207 4445/2854/3207 4442/2851/3200
f 4445/2854/3207 4444/2853/3207 4446/2853/3204
f 4446/2853/3204 4447/2854/3292 4445/2854/3207
f 4448/2854/3203 4449/2853/3204 4450/2852/3202
f 4450/2852/3202 4451/2851/3202 4448/2854/3203
f 4451/2851/3202 4450/2852/3202 4452/2855/3201
f 4452/2855/3201 4453/2856/3201 4451/2851/3202
f 4453/2856/3201 4452/2855/3201 4454/2855/3198
f 4454/2855/3198 4455/2856/3293 4453/2856/3201
f 4456/2856/3293 4457/2855/3198 4443/2852/3200
f 4443/2852/3200 4442/2851/3200 4456/2856/3293
f 4458/2857/3294 4459/2858/3294 4460/2859/3295
f 4460/2859/3295 4461/2860/3296 4458/2857/3294
f 4462/2861/3297 4463/2862/3298 4464/2863/3298
f 4464/2863/3298 4465/2864/3297 4462/2861/3297
f 4466/2865/3212 4467/2866/3212 4468/2862/3212
s 0
f 4469/2862/3212 4470/2859/3212 4471/2865/3212
s 1
f 4472/2859/3299 4473/2862/3241 4474/2862/3241
f 4474/2862/3241 4475/2859/3300 4472/2859/3299
s 0
f 4476/2859/3210 4477/2862/3210 4478/2866/3210
f 4479/2866/3210 4480/2865/3210 4481/2859/3210
s 1
f 4458/2857/3294 4482/2867/3301 4483/2868/3301
f 4483/2868/3301 4459/2858/3294 4458/2857/3294
f 4484/2865/3212 4485/2869/3212 4486/2866/3212
f 4465/2864/3297 4487/2870/3302 4488/2871/3302
f 4488/2871/3302 4462/2861/3297 4465/2864/3297
f 4489/2866/3210 4490/2869/3210 4491/2865/3210
f 4492/2872/3303 4493/2872/3304 4494/2873/3305
f 4494/2873/3305 4495/2873/3306 4492/2872/3303
f 4496/2874/3307 4497/2875/3308 4498/2875/3309
f 4498/2875/3309 4499/2874/3310 4496/2874/3307
f 4500/2876/3311 4501/2877/3312 4502/2878/3313
f 4502/2878/3313 4503/2879/3314 4500/2876/3311
f 4504/2880/3315 4505/2881/3316 4506/2882/3317
f 4506/2882/3317 4507/2883/3318 4504/2880/3315
f 4508/2884/3212 4509/2885/3212 4510/2886/3212
s 0
f 4511/2884/3212 4512/2886/3212 4513/2887/3212
f 4514/2884/3212 4515/2887/3212 4516/2888/3212
f 4517/2889/3212 4518/2884/3212 4519/2888/3212
f 4520/2890/3212 4521/2891/3212 4522/2892/3212
f 4523/2892/3212 4524/2893/3212 4525/2894/3212
f 4526/2890/3212 4527/2892/3212 4528/2894/3212
f 4529/2895/3212 4530/2890/3212 4531/2894/3212
s 1
f 4532/2883/3319 4533/2879/3320 4534/2878/3321
f 4534/2878/3321 4535/2896/3322 4536/2897/3323
f 4532/2883/3319 4534/2878/3321 4536/2897/3323
f 4537/2880/3324 4532/2883/3319 4536/2897/3323
f 4538/2898/3325 4539/2899/3326 4507/2883/3318
f 4507/2883/3318 4506/2882/3317 4538/2898/3325
s 0
f 4540/2895/3327 4541/2894/3327 4542/2887/3327
s 1
f 4543/2887/3327 4544/2886/3327 4545/2895/3327
f 4503/2879/3314 4546/2900/3328 4547/2901/3329
f 4547/2901/3329 4500/2876/3311 4503/2879/3314
s 0
f 4548/2902/3330 4549/2879/3330 4550/2883/3330
f 4551/2883/3330 4552/2903/3330 4553/2902/3330
s 1
f 4554/2904/3331 4539/2899/3326 4538/2898/3325
f 4538/2898/3325 4555/2905/3332 4554/2904/3331
f 4547/2901/3329 4546/2900/3328 4556/2906/3333
f 4556/2906/3333 4557/2907/3334 4547/2901/3329
f 4558/2908/3335 4559/2909/3336 4560/2910/3337
f 4561/2903/3338 4558/2908/3335 4560/2910/3337
f 4562/2902/3339 4561/2903/3338 4560/2910/3337
f 4562/2902/3339 4560/2910/3337 4563/2911/3340
f 4494/2873/3305 4493/2872/3304 4505/2881/3316
f 4505/2881/3316 4504/2880/3315 4494/2873/3305
f 4564/2912/3303 4565/2913/3306 4502/2878/3313
f 4502/2878/3313 4501/2877/3312 4564/2912/3303
f 4566/2914/3341 4567/2915/3342 4557/2907/3334
f 4557/2907/3334 4556/2906/3333 4566/2914/3341
f 4499/2874/3310 4498/2875/3309 4554/2904/3331
f 4554/2904/3331 4555/2905/3332 4499/2874/3310
f 4568/2916/3210 4569/2917/3210 4570/2918/3343
f 4570/2918/3343 4571/2919/3344 4568/2916/3210
f 4572/2919/3345 4573/2918/3346 4574/2917/3212
f 4574/2917/3212 4575/2916/3212 4572/2919/3345
f 4575/2916/3212 4574/2917/3212 4576/2920/3347
f 4576/2920/3347 4577/2921/3348 4575/2916/3212
f 4578/2921/3349 4579/2920/3350 4569/2917/3210
f 4569/2917/3210 4568/2916/3210 4578/2921/3349
s 0
f 4580/2922/3351 4581/2923/3351 4582/2924/3351
f 4583/2925/3351 4584/2924/3351 4585/2923/3351
f 4586/2923/3352 4587/2924/3352 4588/2925/3352
f 4589/2922/3352 4590/2924/3352 4591/2923/3352
s 1
f 4592/2926/3353 4593/2927/3354 4594/2927/3354
f 4594/2927/3354 4595/2926/3353 4592/2926/3353
f 4593/2927/3354 4596/2928/3355 4597/2928/3355
f 4597/2928/3355 4594/2927/3354 4593/2927/3354
s 0
f 4598/2926/3210 4599/2927/3210 4600/2928/3210
f 4601/2926/3212 4602/2928/3212 4603/2927/3212
s 1
f 4604/2929/3212 4605/2930/3356 4606/2931/3357
f 4606/2931/3357 4607/2932/3212 4604/2929/3212
f 4608/2930/3358 4609/2933/3359 4610/2934/3360
f 4610/2934/3360 4611/2931/3361 4608/2930/3358
f 4612/2933/3359 4604/2929/3212 4607/2932/3212
f 4607/2932/3212 4613/2934/3360 4612/2933/3359
f 4614/2935/3362 4615/2936/3362 4616/2937/3362
s 0
f 4617/2937/3363 4618/2936/3363 4619/2938/3363
f 4620/2939/3363 4621/2940/3363 4622/2941/3363
f 4623/2941/3364 4624/2940/3364 4625/2942/3364
s 1
f 4626/2935/3365 4627/2936/3365 4628/2943/3365
f 4629/2943/3366 4630/2936/3366 4631/2938/3366
s 0
f 4632/2939/3367 4633/2940/3367 4634/2944/3367
f 4635/2944/3365 4636/2940/3365 4637/2942/3365
s 1
f 4638/2945/3351 4639/2946/3351 4640/2947/3368
f 4640/2947/3368 4641/2948/3345 4638/2945/3351
f 4642/2948/3346 4643/2947/3343 4644/2946/3352
f 4644/2946/3352 4645/2945/3352 4642/2948/3346
f 4645/2945/3352 4644/2946/3352 4646/2949/3350
f 4646/2949/3350 4647/2950/3369 4645/2945/3352
f 4648/2950/3348 4649/2949/3349 4639/2946/3351
f 4639/2946/3351 4638/2945/3351 4648/2950/3348
f 4650/2945/3351 4651/2946/3351 4652/2947/3368
f 4652/2947/3368 4653/2948/3345 4650/2945/3351
f 4654/2948/3346 4655/2947/3343 4656/2946/3352
f 4656/2946/3352 4657/2945/3352 4654/2948/3346
f 4657/2945/3352 4656/2946/3352 4658/2949/3350
f 4658/2949/3350 4659/2950/3347 4657/2945/3352
f 4660/2950/3348 4661/2949/3349 4651/2946/3351
f 4651/2946/3351 4650/2945/3351 4660/2950/3348
f 4662/2929/3210 4663/2932/3210 4664/2931/3370
f 4664/2931/3370 4665/2930/3371 4662/2929/3210
f 4666/2930/3371 4667/2931/3370 4668/2934/3372
f 4668/2934/3372 4669/2933/3373 4666/2930/3371
f 4670/2933/3374 4671/2934/3375 4663/2932/3210
f 4663/2932/3210 4662/2929/3210 4670/2933/3374
f 4672/2951/3351 4673/2952/3351 4674/2953/3376
f 4674/2953/3376 4675/2954/3377 4672/2951/3351
f 4675/2954/3377 4674/2953/3376 4676/2953/3378
f 4676/2953/3378 4677/2954/3379 4675/2954/3377
f 4678/2954/3379 4679/2953/3379 4680/2952/3352
f 4680/2952/3352 4681/2951/3352 4678/2954/3379
f 4681/2951/3352 4680/2952/3352 4682/2955/3380
f 4682/2955/3380 4683/2956/3381 4681/2951/3352
f 4683/2956/3381 4682/2955/3380 4684/2955/3382
f 4684/2955/3382 4685/2956/3383 4683/2956/3381
f 4686/2956/3382 4687/2955/3382 4673/2952/3351
f 4673/2952/3351 4672/2951/3351 4686/2956/3382
s 0
f 4688/2955/3210 4689/2955/3210 4690/2952/3210
f 4691/2952/3210 4692/2953/3210 4693/2953/3210
f 4694/2955/3210 4695/2952/3210 4696/2953/3210
f 4697/2952/3210 4698/2955/3210 4699/2953/3210
s 1
f 4700/2957/3351 4701/2958/3377 4702/2959/3376
f 4702/2959/3376 4703/2960/3351 4700/2957/3351
f 4701/2958/3377 4704/2958/3378 4705/2959/3379
f 4705/2959/3379 4702/2959/3376 4701/2958/3377
f 4706/2958/3379 4707/2957/3352 4708/2960/3352
f 4708/2960/3352 4709/2959/3379 4706/2958/3379
f 4707/2957/3352 4710/2961/3381 4711/2962/3380
f 4711/2962/3380 4708/2960/3352 4707/2957/3352
f 4710/2961/3381 4712/2961/3382 4713/2962/3383
f 4713/2962/3383 4711/2962/3380 4710/2961/3381
f 4714/2961/3382 4700/2957/3351 4703/2960/3351
f 4703/2960/3351 4715/2962/3382 4714/2961/3382
s 0
f 4716/2959/3212 4717/2959/3212 4718/2960/3212
f 4719/2960/3212 4720/2962/3212 4721/2962/3212
f 4722/2959/3212 4723/2960/3212 4724/2962/3212
f 4725/2960/3212 4726/2959/3212 4727/2962/3212
s 1
f 4728/2951/3351 4729/2952/3351 4730/2953/3376
f 4730/2953/3376 4731/2954/3377 4728/2951/3351
f 4731/2954/3377 4730/2953/3376 4732/2953/3378
f 4732/2953/3378 4733/2954/3379 4731/2954/3377
f 4734/2954/3379 4735/2953/3379 4736/2952/3352
f 4736/2952/3352 4737/2951/3352 4734/2954/3379
f 4737/2951/3352 4736/2952/3352 4738/2955/3380
f 4738/2955/3380 4739/2956/3381 4737/2951/3352
f 4739/2956/3381 4738/2955/3380 4740/2955/3382
f 4740/2955/3382 4741/2956/3383 4739/2956/3381
f 4742/2956/3382 4743/2955/3382 4729/2952/3351
f 4729/2952/3351 4728/2951/3351 4742/2956/3382
s 0
f 4744/2955/3210 4745/2955/3210 4746/2952/3210
s 1
f 4747/2952/3210 4748/2953/3210 4749/2953/3210
f 4750/2955/3210 4751/2952/3210 4752/2953/3210
f 4753/2952/3210 4754/2955/3210 4755/2953/3210
f 4756/2957/3351 4757/2958/3377 4758/2959/3376
f 4758/2959/3376 4759/2960/3351 4756/2957/3351
f 4757/2958/3377 4760/2958/3378 4761/2959/3379
f 4761/2959/3379 4758/2959/3376 4757/2958/3377
f 4762/2958/3379 4763/2957/3352 4764/2960/3352
f 4764/2960/3352 4765/2959/3379 4762/2958/3379
f 4763/2957/3352 4766/2961/3381 4767/2962/3380
f 4767/2962/3380 4764/2960/3352 4763/2957/3352
f 4766/2961/3381 4768/2961/3382 4769/2962/3384
f 4769/2962/3384 4767/2962/3380 4766/2961/3381
f 4770/2961/3382 4756/2957/3351 4759/2960/3351
f 4759/2960/3351 4771/2962/3382 4770/2961/3382
s 0
f 4772/2959/3212 4773/2959/3212 4774/2960/3212
f 4775/2960/3212 4776/2962/3212 4777/2962/3212
f 4778/2959/3212 4779/2960/3212 4780/2962/3212
f 4781/2960/3212 4782/2959/3212 4783/2962/3212
s 1
f 4784/2963/3385 4785/2964/3386 4786/2964/3387
f 4786/2964/3387 4787/2963/3388 4784/2963/3385
f 4788/2965/3389 4789/2965/3390 4790/2966/3391
f 4790/2966/3391 4791/2966/3392 4788/2965/3389
f 4792/2967/3393 4793/2968/3394 4794/2969/3395
f 4794/2969/3395 4795/2970/3396 4792/2967/3393
f 4796/2971/3397 4797/2972/3398 4798/2973/3399
f 4798/2973/3399 4799/2974/3400 4796/2971/3397
f 4800/2967/3210 4801/2970/3210 4802/2975/3210
s 0
f 4803/2973/3210 4804/2967/3210 4805/2975/3210
f 4806/2974/3210 4807/2973/3210 4808/2975/3210
f 4809/2976/3210 4810/2974/3210 4811/2975/3210
f 4812/2977/3210 4813/2978/3210 4814/2979/3210
f 4815/2979/3210 4816/2980/3210 4817/2981/3210
f 4818/2977/3210 4819/2979/3210 4820/2981/3210
f 4821/2982/3210 4822/2977/3210 4823/2981/3210
s 1
f 4824/2983/3401 4825/2984/3402 4826/2985/3403
f 4826/2985/3403 4827/2986/3404 4828/2987/3405
f 4824/2983/3401 4826/2985/3403 4828/2987/3405
f 4829/2988/3406 4824/2983/3401 4828/2987/3405
f 4830/2989/3407 4798/2973/3399 4797/2972/3398
f 4797/2972/3398 4831/2990/3408 4830/2989/3407
s 0
f 4832/2982/3409 4833/2967/3409 4834/2973/3409
s 1
f 4835/2973/3409 4836/2977/3409 4837/2982/3409
f 4793/2968/3394 4792/2967/3393 4838/2991/3410
f 4838/2991/3410 4839/2992/3411 4793/2968/3394
s 0
f 4840/2993/3412 4841/2994/3412 4842/2987/3412
s 1
f 4843/2987/3412 4844/2986/3412 4845/2993/3412
f 4846/2995/3413 4847/2996/3414 4830/2989/3407
f 4830/2989/3407 4831/2990/3408 4846/2995/3413
f 4838/2991/3410 4848/2997/3415 4849/2998/3416
f 4849/2998/3416 4839/2992/3411 4838/2991/3410
f 4850/2993/3417 4851/2999/3418 4852/3000/3419
f 4852/3000/3419 4853/3001/3420 4854/3002/3421
f 4852/3000/3419 4854/3002/3421 4855/2994/3422
f 4850/2993/3417 4852/3000/3419 4855/2994/3422
f 4786/2964/3387 4796/2971/3397 4799/2974/3400
f 4799/2974/3400 4787/2963/3388 4786/2964/3387
f 4856/3003/3423 4795/2970/3396 4794/2969/3395
f 4794/2969/3395 4857/3004/3424 4856/3003/3423
f 4858/3005/3425 4849/2998/3416 4848/2997/3415
f 4848/2997/3415 4859/3006/3426 4858/3005/3425
f 4789/2965/3390 4847/2996/3414 4846/2995/3413
f 4846/2995/3413 4790/2966/3391 4789/2965/3390
f 4860/3007/3427 4861/3008/3427 4862/3009/3428
f 4862/3009/3428 4863/3010/3428 4860/3007/3427
f 4864/3011/3429 4865/3007/3429 4866/3010/3429
f 4866/3010/3429 4867/3012/3429 4864/3011/3429
f 4868/3013/3430 4869/3011/3430 4870/3012/3431
f 4870/3012/3431 4871/3014/3431 4868/3013/3430
f 4872/3015/3432 4873/3013/3433 4874/3014/3433
f 4874/3014/3433 4875/3016/3433 4872/3015/3432
f 4860/3007/3427 4876/3017/3434 4877/3018/3434
f 4877/3018/3434 4861/3008/3427 4860/3007/3427
f 4876/3017/3434 4878/3019/3435 4879/3020/3435
f 4879/3020/3435 4877/3018/3434 4876/3017/3434
f 4880/3021/3436 4881/3022/3437 4882/3023/3437
f 4882/3023/3437 4883/3024/3436 4880/3021/3436
f 4881/3022/3437 4869/3011/3430 4868/3013/3430
f 4868/3013/3430 4882/3023/3437 4881/3022/3437
f 4864/3011/3429 4884/3025/3438 4885/3026/3439
f 4885/3026/3439 4886/3027/3439 4865/3007/3429
f 4864/3011/3429 4885/3026/3439 4865/3007/3429
s 0
f 4887/3028/3440 4888/3029/3440 4889/3030/3440
s 1
f 4890/3028/3440 4891/3030/3440 4873/3013/3433
f 4872/3015/3432 4890/3028/3440 4873/3013/3433
f 4870/3012/3431 4892/3031/3441 4893/3032/3442
f 4893/3032/3442 4871/3014/3431 4870/3012/3431
f 4892/3031/3441 4894/3033/3443 4895/3034/3443
f 4895/3034/3443 4893/3032/3442 4892/3031/3441
f 4896/3035/3444 4897/3036/3445 4898/3037/3445
f 4898/3037/3445 4899/3038/3444 4896/3035/3444
f 4897/3036/3445 4863/3010/3428 4862/3009/3428
f 4862/3009/3428 4898/3037/3445 4897/3036/3445
f 4866/3010/3429 4900/3039/3438 4901/3040/3439
f 4901/3040/3439 4902/3041/3438 4867/3012/3429
f 4866/3010/3429 4901/3040/3439 4867/3012/3429
s 0
f 4903/3042/3440 4904/3043/3440 4905/3044/3440
s 1
f 4906/3042/3446 4907/3044/3440 4875/3016/3433
f 4874/3014/3433 4906/3042/3446 4875/3016/3433
f 4908/3045/3447 4909/3046/3448 4910/3047/3449
f 4910/3047/3449 4911/3048/3449 4908/3045/3447
f 4912/3046/3450 4913/3049/3451 4914/3050/3452
f 4914/3050/3452 4915/3051/3453 4912/3046/3450
f 4916/3049/3454 4917/3052/3455 4918/3053/3456
f 4918/3053/3456 4919/3054/3456 4916/3049/3454
f 4920/3055/3457 4921/3056/3458 4922/3057/3459
f 4922/3057/3459 4923/3058/3460 4920/3055/3457
f 4916/3049/3454 4924/3059/3461 4925/3060/3462
f 4925/3060/3462 4917/3052/3455 4916/3049/3454
f 4924/3059/3461 4926/3061/3463 4927/3062/3463
f 4927/3062/3463 4925/3060/3462 4924/3059/3461
f 4928/3063/3464 4929/3064/3465 4930/3065/3466
f 4930/3065/3466 4931/3066/3464 4928/3063/3464
f 4929/3064/3465 4909/3046/3448 4908/3045/3447
f 4908/3045/3447 4930/3065/3466 4929/3064/3465
f 4932/3046/3467 4933/3067/3439 4934/3068/3468
f 4934/3068/3468 4935/3069/3469 4936/3049/3470
f 4932/3046/3467 4934/3068/3468 4936/3049/3470
f 4937/3070/3471 4938/3071/3446 4939/3072/3472
f 4937/3070/3471 4939/3072/3472 4940/3056/3473
f 4941/3055/3474 4937/3070/3471 4940/3056/3473
f 4942/3073/3475 4943/3074/3476 4944/3075/3477
f 4944/3075/3477 4945/3076/3478 4942/3073/3475
f 4946/3077/3476 4947/3078/3479 4948/3079/3480
f 4948/3079/3480 4949/3080/3476 4946/3077/3476
f 4950/3081/3481 4951/3082/3439 4952/3083/3482
f 4953/3084/3483 4954/3085/3446 4955/3086/3484
f 4956/3087/3485 4957/3088/3485 4958/3089/3486
f 4958/3089/3486 4959/3090/3486 4956/3087/3485
f 4960/3091/3487 4961/3092/3488 4962/3093/3489
f 4962/3093/3489 4963/3094/3490 4960/3091/3487
f 4964/3095/3491 4965/3096/3492 4966/3097/3493
f 4966/3097/3493 4967/3098/3493 4964/3095/3491
f 4968/3088/3494 4969/3095/3495 4970/3099/3496
f 4970/3099/3496 4971/3100/3497 4968/3088/3494
f 4972/3101/3498 4959/3090/3486 4958/3089/3486
f 4958/3089/3486 4973/3102/3499 4972/3101/3498
f 4962/3093/3489 4974/3103/3438 4963/3094/3490
f 4975/3104/3500 4967/3098/3493 4966/3097/3493
f 4966/3097/3493 4976/3105/3501 4975/3104/3500
f 4970/3099/3496 4977/3106/3446 4971/3100/3497
f 4942/3073/3475 4945/3076/3478 4978/3107/3502
f 4978/3107/3502 4979/3108/3502 4942/3073/3475
f 4950/3081/3481 4952/3083/3482 4980/3109/3503
f 4980/3109/3503 4981/3110/3504 4950/3081/3481
f 4948/3079/3480 4947/3078/3479 4982/3111/3505
f 4982/3111/3505 4983/3112/3505 4948/3079/3480
f 4953/3084/3483 4955/3086/3484 4984/3112/3506
f 4984/3112/3506 4985/3107/3507 4953/3084/3483
f 4956/3087/3485 4979/3108/3502 4978/3107/3502
f 4978/3107/3502 4957/3088/3485 4956/3087/3485
f 4960/3091/3487 4981/3110/3504 4980/3109/3503
f 4980/3109/3503 4961/3092/3488 4960/3091/3487
f 4964/3095/3491 4983/3112/3505 4982/3111/3505
f 4982/3111/3505 4965/3096/3492 4964/3095/3491
f 4968/3088/3494 4985/3107/3507 4984/3112/3506
f 4984/3112/3506 4969/3095/3495 4968/3088/3494
f 4986/3113/3508 4987/3114/3508 4988/3115/3509
f 4988/3115/3509 4989/3116/3509 4986/3113/3508
f 4990/3117/3510 4991/3118/3510 4992/3119/3511
f 4992/3119/3511 4993/3120/3511 4990/3117/3510
f 4994/3121/3512 4995/3117/3512 4996/3120/3513
f 4996/3120/3513 4997/3122/3513 4994/3121/3512
f 4998/3114/3514 4999/3121/3514 5000/3122/3515
f 5000/3122/3515 5001/3115/3515 4998/3114/3514
f 5002/3123/3516 4987/3114/3508 4986/3113/3508
f 4986/3113/3508 5003/3124/3517 5002/3123/3516
f 4990/3117/3510 5004/3125/3518 4991/3118/3510
f 5005/3126/3517 4995/3117/3512 4994/3121/3512
f 4994/3121/3512 5006/3127/3519 5005/3126/3517
f 4998/3114/3514 5007/3128/3520 4999/3121/3514
f 5008/3129/3521 4989/3116/3509 4988/3115/3509
f 4988/3115/3509 5009/3130/3522 5008/3129/3521
s 0
f 5010/3119/3439 5011/3131/3439 5012/3120/3439
s 1
f 5013/3132/3523 4997/3122/3513 4996/3120/3513
f 4996/3120/3513 5014/3133/3524 5013/3132/3523
s 0
f 5015/3122/3440 5016/3134/3440 5017/3115/3440
s 1
f 5018/3135/3439 5019/3136/3525 5020/3137/3525
f 5020/3137/3525 5021/3138/3526 5018/3135/3439
f 5019/3136/3525 5022/3139/3446 5023/3140/3440
f 5023/3140/3440 5020/3137/3525 5019/3136/3525
f 5022/3139/3446 5024/3141/3527 5025/3142/3527
f 5025/3142/3527 5023/3140/3440 5022/3139/3446
f 5024/3141/3527 5026/3143/3438 5027/3144/3528
f 5027/3144/3528 5025/3142/3527 5024/3141/3527
f 5028/3145/3439 5029/3146/3525 5030/3147/3525
f 5030/3147/3525 5031/3148/3526 5028/3145/3439
f 5029/3146/3525 5032/3149/3446 5033/3150/3440
f 5033/3150/3440 5030/3147/3525 5029/3146/3525
f 5032/3149/3446 5034/3151/3527 5035/3152/3527
f 5035/3152/3527 5033/3150/3440 5032/3149/3446
f 5034/3151/3527 5036/3153/3438 5037/3154/3528
f 5037/3154/3528 5035/3152/3527 5034/3151/3527
f 5038/3155/3529 5039/3156/3529 5040/3157/3530
f 5040/3157/3530 5041/3158/3530 5038/3155/3529
s 0
f 5042/3159/3531 5043/3160/3531 5044/3161/3531
f 5045/3161/3531 5046/3162/3531 5047/3159/3531
s 1
f 5048/3163/3532 5049/3164/3532 5050/3165/3532
f 5051/3165/3532 5052/3166/3532 5053/3163/3532
f 5054/3167/3533 5055/3168/3533 5056/3169/3533
f 5057/3169/3533 5058/3170/3533 5059/3167/3533
f 5038/3155/3529 5060/3171/3534 5061/3172/3534
f 5061/3172/3534 5039/3156/3529 5038/3155/3529
f 5060/3171/3534 5062/3173/3535 5063/3174/3535
f 5063/3174/3535 5061/3172/3534 5060/3171/3534
f 5062/3173/3535 5064/3175/3536 5065/3176/3537
f 5065/3176/3537 5063/3174/3535 5062/3173/3535
f 5066/3177/3536 5067/3178/3538 5068/3179/3539
f 5068/3179/3539 5069/3180/3540 5066/3177/3536
f 5067/3178/3538 5070/3181/3541 5071/3182/3542
f 5071/3182/3542 5068/3179/3539 5067/3178/3538
f 5070/3181/3541 5072/3164/3543 5073/3163/3543
f 5073/3163/3543 5071/3182/3542 5070/3181/3541
f 5074/3183/3544 5075/3184/3544 5076/3185/3544
s 0
f 5077/3159/3544 5078/3183/3544 5079/3185/3544
f 5080/3185/3544 5081/3186/3544 5082/3187/3544
f 5083/3159/3544 5084/3185/3544 5085/3187/3544
f 5086/3159/3544 5087/3187/3544 5088/3160/3544
f 5089/3167/3545 5090/3188/3545 5091/3189/3545
f 5092/3189/3545 5093/3190/3545 5094/3191/3545
s 1
f 5095/3191/3545 5096/3192/3545 5097/3168/3545
s 0
f 5098/3189/3545 5099/3191/3545 5100/3168/3545
f 5101/3167/3545 5102/3189/3545 5103/3168/3545
s 1
f 5104/3165/3546 5105/3193/3547 5106/3194/3547
f 5106/3194/3547 5107/3166/3546 5104/3165/3546
f 5105/3193/3547 5108/3195/3548 5109/3196/3548
f 5109/3196/3548 5106/3194/3547 5105/3193/3547
f 5108/3195/3548 5110/3197/3549 5111/3198/3550
f 5111/3198/3550 5109/3196/3548 5108/3195/3548
f 5112/3199/3551 5113/3200/3552 5114/3201/3552
f 5114/3201/3552 5115/3202/3553 5112/3199/3551
f 5113/3200/3552 5116/3203/3554 5117/3204/3554
f 5117/3204/3554 5114/3201/3552 5113/3200/3552
f 5116/3203/3554 5041/3158/3530 5040/3157/3530
f 5040/3157/3530 5117/3204/3554 5116/3203/3554
s 0
f 5118/3203/3544 5119/3205/3544 5120/3206/3544
f 5121/3161/3544 5122/3203/3544 5123/3206/3544
f 5124/3206/3544 5125/3207/3544 5126/3193/3544
f 5127/3161/3544 5128/3206/3544 5129/3193/3544
f 5130/3161/3544 5131/3193/3544 5132/3162/3544
f 5133/3169/3545 5134/3194/3545 5135/3208/3545
s 1
f 5136/3208/3545 5137/3209/3545 5138/3210/3545
s 0
f 5139/3210/3545 5140/3211/3545 5141/3170/3545
f 5142/3208/3545 5143/3210/3545 5144/3170/3545
f 5145/3169/3545 5146/3208/3545 5147/3170/3545
s 1
f 5148/3212/3555 5149/3213/3555 5150/3214/3556
f 5150/3214/3556 5151/3215/3556 5148/3212/3555
s 0
f 5152/3216/3557 5153/3217/3557 5154/3218/3557
f 5155/3218/3557 5156/3219/3557 5157/3216/3557
f 5158/3220/3558 5159/3221/3558 5160/3222/3558
f 5161/3222/3558 5162/3223/3558 5163/3220/3558
f 5164/3224/3559 5165/3225/3559 5166/3226/3559
f 5167/3226/3559 5168/3227/3559 5169/3224/3559
s 1
f 5170/3220/3560 5171/3228/3561 5172/3229/3561
f 5172/3229/3561 5173/3221/3560 5170/3220/3560
f 5171/3228/3561 5174/3230/3562 5175/3231/3562
f 5175/3231/3562 5172/3229/3561 5171/3228/3561
f 5174/3230/3562 5176/3232/3563 5177/3233/3563
f 5177/3233/3563 5175/3231/3562 5174/3230/3562
f 5178/3234/3564 5179/3235/3565 5180/3236/3566
f 5180/3236/3566 5181/3237/3567 5178/3234/3564
f 5179/3235/3565 5182/3238/3568 5183/3239/3568
f 5183/3239/3568 5180/3236/3566 5179/3235/3565
f 5182/3238/3568 5149/3213/3555 5148/3212/3555
f 5148/3212/3555 5183/3239/3568 5182/3238/3568
f 5184/3238/3544 5185/3240/3544 5186/3241/3544
s 0
f 5187/3216/3544 5188/3238/3544 5189/3241/3544
f 5190/3241/3544 5191/3242/3544 5192/3228/3544
f 5193/3216/3544 5194/3241/3544 5195/3228/3544
f 5196/3216/3544 5197/3228/3544 5198/3217/3544
f 5199/3224/3545 5200/3243/3545 5201/3244/3545
s 1
f 5202/3244/3545 5203/3245/3545 5204/3246/3545
s 0
f 5205/3246/3545 5206/3247/3545 5207/3225/3545
f 5208/3244/3545 5209/3246/3545 5210/3225/3545
s 1
f 5211/3224/3545 5212/3244/3545 5213/3225/3545
f 5214/3248/3569 5215/3249/3569 5216/3250/3570
f 5216/3250/3570 5217/3251/3570 5214/3248/3569
f 5218/3252/3571 5219/3253/3571 5220/3254/3572
f 5220/3254/3572 5221/3255/3572 5218/3252/3571
f 5222/3256/3573 5223/3257/3574 5224/3258/3575
f 5224/3258/3575 5225/3259/3575 5222/3256/3573
f 5226/3260/3576 5227/3261/3576 5228/3262/3577
f 5228/3262/3577 5229/3263/3577 5226/3260/3576
f 5230/3264/3578 5231/3265/3579 5232/3266/3580
f 5232/3266/3580 5233/3267/3581 5230/3264/3578
f 5234/3268/3582 5235/3269/3544 5236/3270/3582
f 5237/3271/3581 5238/3272/3583 5239/3273/3584
f 5239/3273/3584 5240/3274/3585 5237/3271/3581
f 5241/3265/3586 5242/3275/3545 5243/3273/3586
f 5232/3266/3580 5231/3265/3579 5215/3249/3569
f 5215/3249/3569 5214/3248/3569 5232/3266/3580
f 5234/3268/3582 5236/3270/3582 5219/3253/3571
f 5219/3253/3571 5218/3252/3571 5234/3268/3582
f 5239/3273/3584 5238/3272/3583 5223/3257/3574
f 5223/3257/3574 5222/3256/3573 5239/3273/3584
f 5241/3265/3586 5243/3273/3586 5227/3261/3576
f 5227/3261/3576 5226/3260/3576 5241/3265/3586
f 5244/3276/3587 5245/3277/3588 5246/3278/3589
f 5246/3278/3589 5247/3279/3587 5244/3276/3587
f 5248/3280/3590 5249/3281/3591 5250/3282/3591
f 5250/3282/3591 5251/3283/3589 5248/3280/3590
f 5252/3281/3592 5253/3284/3544 5254/3276/3592
f 5255/3279/3593 5256/3285/3545 5257/3286/3593
f 5244/3276/3587 5247/3279/3587 5258/3287/3594
f 5258/3287/3594 5259/3288/3595 5244/3276/3587
f 5252/3281/3592 5254/3276/3592 5260/3288/3596
f 5260/3288/3596 5261/3289/3596 5252/3281/3592
f 5250/3282/3591 5249/3281/3591 5262/3289/3597
f 5262/3289/3597 5263/3290/3597 5250/3282/3591
f 5255/3279/3593 5257/3286/3593 5264/3291/3598
f 5264/3291/3598 5265/3287/3598 5255/3279/3593
f 5266/3292/3599 5259/3288/3595 5258/3287/3594
f 5258/3287/3594 5267/3293/3600 5266/3292/3599
f 5260/3288/3596 5268/3294/3544 5261/3289/3596
f 5269/3295/3601 5263/3290/3597 5262/3289/3597
f 5262/3289/3597 5270/3296/3599 5269/3295/3601
f 5264/3291/3598 5271/3297/3545 5265/3287/3598
f 5272/3298/3602 5273/3299/3603 5274/3300/3604
f 5274/3300/3604 5275/3301/3605 5272/3298/3602
f 5272/3298/3602 5276/3302/3606 5277/3303/3607
f 5277/3303/3607 5273/3299/3603 5272/3298/3602
f 5276/3302/3606 5278/3304/3608 5279/3305/3608
f 5279/3305/3608 5280/3306/3609 5276/3302/3606
f 5273/3299/3603 5277/3303/3607 5281/3307/3610
f 5281/3307/3610 5282/3308/3611 5273/3299/3603
f 5283/2707/3068 5284/2711/3612 5280/3306/3609
f 5285/2840/3613 5286/2843/3614 5287/2842/3615
f 5287/2842/3615 5288/2841/3616 5285/2840/3613
f 5280/3306/3609 5284/2711/3612 5289/2710/3617
f 5276/3302/3606 5280/3306/3609 5289/2710/3617
f 5276/3302/3606 5289/2710/3617 5277/3303/3607
f 5290/2844/3618 5291/2716/3619 5292/2714/3073
f 5288/2841/3616 5290/2844/3618 5293/2846/3620
f 5293/2846/3620 5294/2845/3620 5288/2841/3616
f 5291/2716/3619 5290/2844/3618 5288/2841/3616
f 5288/2841/3616 5287/2842/3615 5295/2715/3621
f 5291/2716/3619 5288/2841/3616 5295/2715/3621
f 5286/2843/3614 5285/2840/3613 5296/2848/3622
f 5296/2848/3622 5297/2847/3623 5286/2843/3614
f 5287/2842/3615 5286/2843/3614 5298/2850/3624
f 5298/2850/3624 5299/2849/3625 5287/2842/3615
f 5300/2759/3626 5301/2762/3627 5302/2761/3627
f 5302/2761/3627 5303/2760/3626 5300/2759/3626
f 5300/2759/3626 5303/2760/3626 5304/2764/3628
f 5304/2764/3628 5305/2763/3629 5300/2759/3626
f 5305/2763/3629 5304/2764/3628 5306/2766/3630
f 5306/2766/3630 5307/2765/3631 5305/2763/3629
f 5307/2765/3631 5306/2766/3630 5308/2768/3632
f 5308/2768/3632 5309/2767/3633 5307/2765/3631
f 5310/2769/3633 5311/2772/3632 5312/2771/3634
f 5312/2771/3634 5313/2770/3635 5310/2769/3633
f 5313/2770/3635 5312/2771/3634 5302/2761/3627
f 5302/2761/3627 5301/2762/3627 5313/2770/3635
s 0
f 5314/2773/3636 5315/2776/3636 5316/2775/3636
f 5317/2775/3636 5318/2774/3636 5319/2773/3636
f 5320/2777/3637 5321/2780/3637 5322/2779/3637
f 5323/2779/3638 5324/2778/3638 5325/2777/3638
f 5326/2781/3639 5327/2784/3639 5328/2783/3639
f 5329/2783/3639 5330/2782/3639 5331/2781/3639
f 5332/2785/3640 5333/2788/3640 5334/2787/3640
f 5335/2787/3640 5336/2786/3640 5337/2785/3640
s 1
f 5338/2789/3641 5339/2792/3642 5340/2791/3643
f 5340/2791/3643 5341/2790/3644 5338/2789/3641
s 0
f 5342/2796/3645 5343/2789/3645 5344/2790/3645
s 1
f 5345/2795/3646 5346/2796/3646 5347/2790/3646
f 5348/2790/3647 5349/2794/3647 5350/2793/3648
s 0
f 5351/2795/3649 5352/2790/3649 5353/2793/3649
s 1
f 5354/2793/3650 5355/2794/3651 5356/2798/3652
f 5356/2798/3652 5357/2797/3650 5354/2793/3650
s 0
f 5358/2798/3653 5359/2791/3653 5360/2792/3653
s 1
f 5361/2797/3654 5362/2798/3654 5363/2792/3654
s 0
f 5364/2792/3655 5365/2800/3655 5366/2799/3655
s 1
f 5367/2797/3656 5368/2792/3656 5369/2799/3656
f 5370/2799/3657 5371/2800/3658 5372/2796/3659
f 5372/2796/3659 5373/2795/3657 5370/2799/3657
s 0
f 5374/2775/3633 5375/2776/3633 5376/2783/3633
f 5377/2783/3633 5378/2784/3633 5379/2775/3633
s 1
f 5380/2801/3660 5381/2804/3661 5382/2803/3662
f 5382/2803/3662 5383/2802/3663 5380/2801/3660
s 0
f 5384/2808/3664 5385/2801/3664 5386/2802/3664
f 5387/2807/3665 5388/2808/3665 5389/2802/3665
f 5390/2802/3666 5391/2806/3666 5392/2805/3666
f 5393/2807/3667 5394/2802/3667 5395/2805/3667
s 1
f 5396/2805/3668 5397/2806/3669 5398/2810/3670
f 5398/2810/3670 5399/2809/3668 5396/2805/3668
f 5400/2810/3671 5401/2803/3671 5402/2804/3671
s 0
f 5403/2809/3672 5404/2810/3672 5405/2804/3672
f 5406/2804/3673 5407/2812/3673 5408/2811/3673
f 5409/2809/3672 5410/2804/3672 5411/2811/3672
s 1
f 5412/2811/3674 5413/2812/3675 5414/2808/3676
f 5414/2808/3676 5415/2807/3674 5412/2811/3674
f 5341/2790/3644 5340/2791/3643 5356/2798/3652
f 5356/2798/3652 5355/2794/3651 5341/2790/3644
f 5339/2792/3642 5338/2789/3641 5372/2796/3659
f 5372/2796/3659 5371/2800/3658 5339/2792/3642
f 5383/2802/3663 5382/2803/3662 5398/2810/3670
f 5398/2810/3670 5397/2806/3669 5383/2802/3663
f 5381/2804/3661 5380/2801/3660 5414/2808/3676
f 5414/2808/3676 5413/2812/3675 5381/2804/3661
s 0
f 5416/2813/3677 5417/2816/3677 5418/2815/3677
s 1
f 5419/2815/3677 5420/2814/3677 5421/2813/3677
f 5422/2817/3678 5423/2818/3679 5424/2816/3680
f 5424/2816/3680 5425/2813/3681 5422/2817/3678
s 0
f 5426/2819/3682 5427/2820/3682 5428/2818/3682
f 5429/2818/3683 5430/2817/3683 5431/2819/3683
s 1
f 5432/2814/3684 5433/2815/3685 5434/2820/3686
f 5434/2820/3686 5435/2819/3687 5432/2814/3684
s 0
f 5436/2821/3688 5437/2824/3688 5438/2823/3688
s 1
f 5439/2823/3689 5440/2822/3689 5441/2821/3689
f 5442/2825/3690 5443/2826/3691 5444/2824/3692
f 5444/2824/3692 5445/2821/3693 5442/2825/3690
f 5446/2827/3694 5447/2828/3694 5448/2826/3694
f 5449/2826/3695 5450/2825/3695 5451/2827/3695
f 5452/2822/3696 5453/2823/3697 5454/2828/3698
f 5454/2828/3698 5455/2827/3699 5452/2822/3696
f 5456/3007/3700 5457/3010/3701 5458/3009/3701
f 5458/3009/3701 5459/3008/3700 5456/3007/3700
f 5460/3011/3702 5461/3012/3702 5462/3010/3702
f 5462/3010/3702 5463/3007/3702 5460/3011/3702
f 5464/3013/3703 5465/3014/3704 5466/3012/3704
f 5466/3012/3704 5467/3011/3703 5464/3013/3703
f 5468/3015/3705 5469/3016/3705 5470/3014/3705
f 5470/3014/3705 5471/3013/3705 5468/3015/3705
f 5456/3007/3700 5459/3008/3700 5472/3018/3706
f 5472/3018/3706 5473/3017/3706 5456/3007/3700
f 5473/3017/3706 5472/3018/3706 5474/3020/3707
f 5474/3020/3707 5475/3019/3707 5473/3017/3706
f 5476/3021/3708 5477/3024/3708 5478/3023/3709
f 5478/3023/3709 5479/3022/3709 5476/3021/3708
f 5479/3022/3709 5478/3023/3709 5464/3013/3703
f 5464/3013/3703 5467/3011/3703 5479/3022/3709
f 5463/3007/3702 5480/3027/3710 5481/3026/3710
f 5460/3011/3702 5463/3007/3702 5481/3026/3710
f 5460/3011/3702 5481/3026/3710 5482/3025/3711
s 0
f 5483/3030/3712 5484/3029/3712 5485/3028/3712
s 1
f 5471/3013/3705 5486/3030/3713 5487/3028/3713
f 5468/3015/3705 5471/3013/3705 5487/3028/3713
f 5466/3012/3704 5465/3014/3704 5488/3032/3714
f 5488/3032/3714 5489/3031/3714 5466/3012/3704
f 5489/3031/3714 5488/3032/3714 5490/3034/3715
f 5490/3034/3715 5491/3033/3715 5489/3031/3714
f 5492/3035/3716 5493/3038/3716 5494/3037/3717
f 5494/3037/3717 5495/3036/3717 5492/3035/3716
f 5495/3036/3717 5494/3037/3717 5458/3009/3701
f 5458/3009/3701 5457/3010/3701 5495/3036/3717
f 5461/3012/3702 5496/3041/3711 5497/3040/3711
f 5462/3010/3702 5461/3012/3702 5497/3040/3711
f 5462/3010/3702 5497/3040/3711 5498/3039/3711
s 0
f 5499/3044/3713 5500/3043/3713 5501/3042/3713
s 1
f 5469/3016/3705 5502/3044/3713 5503/3042/3713
f 5470/3014/3705 5469/3016/3705 5503/3042/3713
f 5504/3045/3718 5505/3048/3719 5506/3047/3719
f 5506/3047/3719 5507/3046/3720 5504/3045/3718
f 5508/3046/3721 5509/3051/3722 5510/3050/3723
f 5510/3050/3723 5511/3049/3724 5508/3046/3721
f 5512/3049/3725 5513/3054/3726 5514/3053/3726
f 5514/3053/3726 5515/3052/3727 5512/3049/3725
f 5516/3055/3728 5517/3058/3729 5518/3057/3730
f 5518/3057/3730 5519/3056/3731 5516/3055/3728
f 5512/3049/3725 5515/3052/3727 5520/3060/3732
f 5520/3060/3732 5521/3059/3733 5512/3049/3725
f 5521/3059/3733 5520/3060/3732 5522/3062/3734
f 5522/3062/3734 5523/3061/3734 5521/3059/3733
f 5524/3063/3735 5525/3066/3736 5526/3065/3737
f 5526/3065/3737 5527/3064/3738 5524/3063/3735
f 5527/3064/3738 5526/3065/3737 5504/3045/3718
f 5504/3045/3718 5507/3046/3720 5527/3064/3738
f 5528/3049/3739 5529/3069/3740 5530/3068/3741
f 5531/3046/3742 5528/3049/3739 5530/3068/3741
f 5531/3046/3742 5530/3068/3741 5532/3067/3711
f 5533/3072/3743 5534/3071/3744 5535/3070/3745
f 5536/3056/3746 5533/3072/3743 5535/3070/3745
f 5537/3055/3747 5536/3056/3746 5535/3070/3745
f 5538/3073/3748 5539/3076/3749 5540/3075/3750
f 5540/3075/3750 5541/3074/3750 5538/3073/3748
f 5542/3077/3750 5543/3080/3751 5544/3079/3752
f 5544/3079/3752 5545/3078/3752 5542/3077/3750
f 5546/3081/3753 5547/3083/3754 5548/3082/3711
f 5549/3084/3755 5550/3086/3756 5551/3085/3757
f 5552/3087/3758 5553/3090/3759 5554/3089/3760
f 5554/3089/3760 5555/3088/3758 5552/3087/3758
f 5556/3091/3761 5557/3094/3762 5558/3093/3763
f 5558/3093/3763 5559/3092/3764 5556/3091/3761
f 5560/3095/3765 5561/3098/3766 5562/3097/3766
f 5562/3097/3766 5563/3096/3767 5560/3095/3765
f 5564/3088/3768 5565/3100/3769 5566/3099/3770
f 5566/3099/3770 5567/3095/3771 5564/3088/3768
f 5568/3101/3772 5569/3102/3773 5554/3089/3760
f 5554/3089/3760 5553/3090/3759 5568/3101/3772
f 5558/3093/3763 5557/3094/3762 5570/3103/3710
f 5571/3104/3774 5572/3105/3774 5562/3097/3766
f 5562/3097/3766 5561/3098/3766 5571/3104/3774
f 5566/3099/3770 5565/3100/3769 5573/3106/3775
f 5538/3073/3748 5574/3108/3776 5575/3107/3776
f 5575/3107/3776 5539/3076/3749 5538/3073/3748
f 5546/3081/3753 5576/3110/3777 5577/3109/3778
f 5577/3109/3778 5547/3083/3754 5546/3081/3753
f 5544/3079/3752 5578/3112/3779 5579/3111/3779
f 5579/3111/3779 5545/3078/3752 5544/3079/3752
f 5549/3084/3755 5580/3107/3780 5581/3112/3781
f 5581/3112/3781 5550/3086/3756 5549/3084/3755
f 5552/3087/3758 5555/3088/3758 5575/3107/3776
f 5575/3107/3776 5574/3108/3776 5552/3087/3758
f 5556/3091/3761 5559/3092/3764 5577/3109/3778
f 5577/3109/3778 5576/3110/3777 5556/3091/3761
f 5560/3095/3765 5563/3096/3767 5579/3111/3779
f 5579/3111/3779 5578/3112/3779 5560/3095/3765
f 5564/3088/3768 5567/3095/3771 5581/3112/3781
f 5581/3112/3781 5580/3107/3780 5564/3088/3768
f 5582/3113/3782 5583/3116/3783 5584/3115/3783
f 5584/3115/3783 5585/3114/3782 5582/3113/3782
f 5586/3117/3784 5587/3120/3785 5588/3119/3785
f 5588/3119/3785 5589/3118/3784 5586/3117/3784
f 5590/3121/3786 5591/3122/3787 5592/3120/3787
f 5592/3120/3787 5593/3117/3786 5590/3121/3786
f 5594/3114/3788 5595/3115/3789 5596/3122/3789
f 5596/3122/3789 5597/3121/3788 5594/3114/3788
f 5598/3123/3790 5599/3124/3791 5582/3113/3782
f 5582/3113/3782 5585/3114/3782 5598/3123/3790
f 5586/3117/3784 5589/3118/3784 5600/3125/3792
f 5601/3126/3791 5602/3127/3790 5590/3121/3786
f 5590/3121/3786 5593/3117/3786 5601/3126/3791
f 5594/3114/3788 5597/3121/3788 5603/3128/3793
f 5604/3129/3794 5605/3130/3795 5584/3115/3783
f 5584/3115/3783 5583/3116/3783 5604/3129/3794
f 5606/3119/3710 5607/3120/3710 5608/3131/3710
f 5609/3132/3796 5610/3133/3797 5592/3120/3787
f 5592/3120/3787 5591/3122/3787 5609/3132/3796
s 0
f 5611/3122/3713 5612/3115/3713 5613/3134/3713
s 1
f 5614/3135/3710 5615/3138/3798 5616/3137/3799
f 5616/3137/3799 5617/3136/3799 5614/3135/3710
f 5617/3136/3799 5616/3137/3799 5618/3140/3713
f 5618/3140/3713 5619/3139/3775 5617/3136/3799
f 5619/3139/3775 5618/3140/3713 5620/3142/3800
f 5620/3142/3800 5621/3141/3800 5619/3139/3775
f 5621/3141/3800 5620/3142/3800 5622/3144/3801
f 5622/3144/3801 5623/3143/3711 5621/3141/3800
f 5624/3145/3710 5625/3148/3798 5626/3147/3799
f 5626/3147/3799 5627/3146/3799 5624/3145/3710
f 5627/3146/3799 5626/3147/3799 5628/3150/3713
f 5628/3150/3713 5629/3149/3775 5627/3146/3799
f 5629/3149/3775 5628/3150/3713 5630/3152/3800
f 5630/3152/3800 5631/3151/3800 5629/3149/3775
f 5631/3151/3800 5630/3152/3800 5632/3154/3801
f 5632/3154/3801 5633/3153/3711 5631/3151/3800
f 5634/3155/3802 5635/3158/3803 5636/3157/3803
f 5636/3157/3803 5637/3156/3802 5634/3155/3802
f 5638/3159/3804 5639/3162/3804 5640/3161/3804
s 0
f 5641/3161/3804 5642/3160/3804 5643/3159/3804
f 5644/3163/3805 5645/3166/3805 5646/3165/3805
f 5647/3165/3805 5648/3164/3805 5649/3163/3805
f 5650/3167/3806 5651/3170/3806 5652/3169/3806
s 1
f 5653/3169/3806 5654/3168/3806 5655/3167/3806
f 5634/3155/3802 5637/3156/3802 5656/3172/3807
f 5656/3172/3807 5657/3171/3807 5634/3155/3802
f 5657/3171/3807 5656/3172/3807 5658/3174/3808
f 5658/3174/3808 5659/3173/3808 5657/3171/3807
f 5659/3173/3808 5658/3174/3808 5660/3176/3809
f 5660/3176/3809 5661/3175/3809 5659/3173/3808
f 5662/3177/3809 5663/3180/3810 5664/3179/3811
f 5664/3179/3811 5665/3178/3811 5662/3177/3809
f 5665/3178/3811 5664/3179/3811 5666/3182/3812
f 5666/3182/3812 5667/3181/3812 5665/3178/3811
f 5667/3181/3812 5666/3182/3812 5668/3163/3813
f 5668/3163/3813 5669/3164/3813 5667/3181/3812
s 0
f 5670/3159/3814 5671/3160/3814 5672/3187/3814
s 1
f 5673/3187/3814 5674/3186/3814 5675/3185/3814
f 5676/3159/3814 5677/3187/3814 5678/3185/3814
f 5679/3185/3814 5680/3184/3814 5681/3183/3814
f 5682/3159/3814 5683/3185/3814 5684/3183/3814
s 0
f 5685/3168/3815 5686/3192/3815 5687/3191/3815
f 5688/3191/3815 5689/3190/3815 5690/3189/3815
f 5691/3168/3815 5692/3191/3815 5693/3189/3815
f 5694/3167/3815 5695/3168/3815 5696/3189/3815
f 5697/3167/3815 5698/3189/3815 5699/3188/3815
s 1
f 5700/3165/3816 5701/3166/3816 5702/3194/3817
f 5702/3194/3817 5703/3193/3818 5700/3165/3816
f 5703/3193/3818 5702/3194/3817 5704/3196/3819
f 5704/3196/3819 5705/3195/3819 5703/3193/3818
f 5705/3195/3819 5704/3196/3819 5706/3198/3820
f 5706/3198/3820 5707/3197/3821 5705/3195/3819
f 5708/3199/3822 5709/3202/3820 5710/3201/3823
f 5710/3201/3823 5711/3200/3823 5708/3199/3822
f 5711/3200/3823 5710/3201/3823 5712/3204/3824
f 5712/3204/3824 5713/3203/3824 5711/3200/3823
f 5713/3203/3824 5712/3204/3824 5636/3157/3803
f 5636/3157/3803 5635/3158/3803 5713/3203/3824
s 0
f 5714/3161/3814 5715/3162/3814 5716/3193/3814
f 5717/3193/3814 5718/3207/3814 5719/3206/3814
s 1
f 5720/3161/3814 5721/3193/3814 5722/3206/3814
f 5723/3206/3814 5724/3205/3814 5725/3203/3814
s 0
f 5726/3161/3814 5727/3206/3814 5728/3203/3814
s 1
f 5729/3170/3815 5730/3211/3815 5731/3210/3815
s 0
f 5732/3210/3815 5733/3209/3815 5734/3208/3815
f 5735/3170/3815 5736/3210/3815 5737/3208/3815
f 5738/3169/3815 5739/3170/3815 5740/3208/3815
f 5741/3169/3815 5742/3208/3815 5743/3194/3815
s 1
f 5744/3212/3825 5745/3215/3826 5746/3214/3826
f 5746/3214/3826 5747/3213/3825 5744/3212/3825
f 5748/3216/3827 5749/3219/3827 5750/3218/3827
f 5751/3218/3827 5752/3217/3827 5753/3216/3827
s 0
f 5754/3220/3828 5755/3223/3828 5756/3222/3828
f 5757/3222/3828 5758/3221/3828 5759/3220/3828
f 5760/3224/3829 5761/3227/3829 5762/3226/3829
s 1
f 5763/3226/3829 5764/3225/3829 5765/3224/3829
f 5766/3220/3830 5767/3221/3830 5768/3229/3831
f 5768/3229/3831 5769/3228/3831 5766/3220/3830
f 5769/3228/3831 5768/3229/3831 5770/3231/3832
f 5770/3231/3832 5771/3230/3832 5769/3228/3831
f 5771/3230/3832 5770/3231/3832 5772/3233/3833
f 5772/3233/3833 5773/3232/3833 5771/3230/3832
f 5774/3234/3834 5775/3237/3834 5776/3236/3835
f 5776/3236/3835 5777/3235/3835 5774/3234/3834
f 5777/3235/3835 5776/3236/3835 5778/3239/3836
f 5778/3239/3836 5779/3238/3836 5777/3235/3835
f 5779/3238/3836 5778/3239/3836 5744/3212/3825
f 5744/3212/3825 5747/3213/3825 5779/3238/3836
f 5780/3216/3814 5781/3217/3814 5782/3228/3814
f 5783/3228/3814 5784/3242/3814 5785/3241/3814
s 0
f 5786/3216/3814 5787/3228/3814 5788/3241/3814
f 5789/3241/3814 5790/3240/3814 5791/3238/3814
f 5792/3216/3814 5793/3241/3814 5794/3238/3814
f 5795/3225/3815 5796/3247/3815 5797/3246/3815
f 5798/3246/3815 5799/3245/3815 5800/3244/3815
f 5801/3225/3815 5802/3246/3815 5803/3244/3815
f 5804/3224/3815 5805/3225/3815 5806/3244/3815
s 1
f 5807/3224/3815 5808/3244/3815 5809/3243/3815
f 5810/3248/3837 5811/3251/3838 5812/3250/3838
f 5812/3250/3838 5813/3249/3837 5810/3248/3837
f 5814/3252/3839 5815/3255/3840 5816/3254/3840
f 5816/3254/3840 5817/3253/3839 5814/3252/3839
f 5818/3256/3841 5819/3259/3842 5820/3258/3842
f 5820/3258/3842 5821/3257/3841 5818/3256/3841
f 5822/3260/3843 5823/3263/3844 5824/3262/3844
f 5824/3262/3844 5825/3261/3843 5822/3260/3843
f 5826/3264/3845 5827/3267/3846 5828/3266/3847
f 5828/3266/3847 5829/3265/3847 5826/3264/3845
f 5830/3268/3848 5831/3270/3848 5832/3269/3814
f 5833/3271/3846 5834/3274/3849 5835/3273/3850
f 5835/3273/3850 5836/3272/3851 5833/3271/3846
f 5837/3265/3852 5838/3273/3852 5839/3275/3815
f 5828/3266/3847 5810/3248/3837 5813/3249/3837
f 5813/3249/3837 5829/3265/3847 5828/3266/3847
f 5830/3268/3848 5814/3252/3839 5817/3253/3839
f 5817/3253/3839 5831/3270/3848 5830/3268/3848
f 5835/3273/3850 5818/3256/3841 5821/3257/3841
f 5821/3257/3841 5836/3272/3851 5835/3273/3850
f 5837/3265/3852 5822/3260/3843 5825/3261/3843
f 5825/3261/3843 5838/3273/3852 5837/3265/3852
f 5840/3276/3853 5841/3279/3853 5842/3278/3854
f 5842/3278/3854 5843/3277/3855 5840/3276/3853
f 5844/3280/3856 5845/3283/3857 5846/3282/3858
f 5846/3282/3858 5847/3281/3859 5844/3280/3856
f 5848/3281/3860 5849/3276/3860 5850/3284/3814
f 5851/3279/3861 5852/3286/3861 5853/3285/3862
f 5840/3276/3853 5854/3288/3863 5855/3287/3863
f 5855/3287/3863 5841/3279/3853 5840/3276/3853
f 5848/3281/3860 5856/3289/3864 5857/3288/3864
f 5857/3288/3864 5849/3276/3860 5848/3281/3860
f 5846/3282/3858 5858/3290/3865 5859/3289/3865
f 5859/3289/3865 5847/3281/3859 5846/3282/3858
f 5851/3279/3861 5860/3287/3866 5861/3291/3866
f 5861/3291/3866 5852/3286/3861 5851/3279/3861
f 5862/3292/3867 5863/3293/3868 5855/3287/3863
f 5855/3287/3863 5854/3288/3863 5862/3292/3867
f 5857/3288/3864 5856/3289/3864 5864/3294/3814
f 5865/3295/3869 5866/3296/3867 5859/3289/3865
f 5859/3289/3865 5858/3290/3865 5865/3295/3869
f 5861/3291/3866 5860/3287/3866 5867/3297/3815
f 5868/2851/3627 5869/2854/3635 5870/2853/3635
f 5870/2853/3635 5871/2852/3627 5868/2851/3627
f 5869/2854/3635 5872/2854/3633 5873/2853/3632
f 5873/2853/3632 5870/2853/3635 5869/2854/3635
f 5874/2854/3633 5875/2851/3631 5876/2852/3631
f 5876/2852/3631 5877/2853/3632 5874/2854/3633
f 5875/2851/3631 5878/2856/3629 5879/2855/3629
f 5879/2855/3629 5876/2852/3631 5875/2851/3631
f 5878/2856/3629 5880/2856/3870 5881/2855/3871
f 5881/2855/3871 5879/2855/3629 5878/2856/3629
f 5882/2856/3870 5868/2851/3627 5871/2852/3627
f 5871/2852/3627 5883/2855/3626 5882/2856/3870
f 5884/2857/3872 5885/2860/3873 5886/2859/3874
f 5886/2859/3874 5887/2858/3872 5884/2857/3872
f 5888/2861/3875 5889/2864/3875 5890/2863/3876
f 5890/2863/3876 5891/2862/3876 5888/2861/3875
f 5892/2865/3640 5893/2859/3640 5894/2862/3640
s 0
f 5895/2862/3640 5896/2866/3640 5897/2865/3640
s 1
f 5898/2859/3877 5899/2859/3877 5900/2862/3672
f 5900/2862/3672 5901/2862/3672 5898/2859/3877
s 0
f 5902/2859/3637 5903/2865/3637 5904/2866/3637
f 5905/2866/3637 5906/2862/3637 5907/2859/3637
s 1
f 5884/2857/3872 5887/2858/3872 5908/2868/3878
f 5908/2868/3878 5909/2867/3878 5884/2857/3872
s 0
f 5910/2865/3640 5911/2866/3640 5912/2869/3640
s 1
f 5889/2864/3875 5888/2861/3875 5913/2871/3879
f 5913/2871/3879 5914/2870/3879 5889/2864/3875
s 0
f 5915/2866/3637 5916/2865/3637 5917/2869/3637
s 1
f 5918/2916/3637 5919/2919/3880 5920/2918/3881
f 5920/2918/3881 5921/2917/3637 5918/2916/3637
f 5922/2919/3882 5923/2916/3640 5924/2917/3640
f 5924/2917/3640 5925/2918/3883 5922/2919/3882
f 5923/2916/3640 5926/2921/3884 5927/2920/3885
f 5927/2920/3885 5924/2917/3640 5923/2916/3640
f 5928/2921/3886 5918/2916/3637 5921/2917/3637
f 5921/2917/3637 5929/2920/3887 5928/2921/3886
s 0
f 5930/2922/3888 5931/2924/3888 5932/2923/3888
f 5933/2925/3888 5934/2923/3888 5935/2924/3888
f 5936/2923/3889 5937/2925/3889 5938/2924/3889
f 5939/2922/3889 5940/2923/3889 5941/2924/3889
s 1
f 5942/2926/3890 5943/2926/3890 5944/2927/3891
f 5944/2927/3891 5945/2927/3891 5942/2926/3890
f 5945/2927/3891 5944/2927/3891 5946/2928/3892
f 5946/2928/3892 5947/2928/3892 5945/2927/3891
s 0
f 5948/2926/3637 5949/2928/3637 5950/2927/3637
f 5951/2926/3640 5952/2927/3640 5953/2928/3640
s 1
f 5954/2929/3640 5955/2932/3640 5956/2931/3893
f 5956/2931/3893 5957/2930/3894 5954/2929/3640
f 5958/2930/3895 5959/2931/3896 5960/2934/3897
f 5960/2934/3897 5961/2933/3898 5958/2930/3895
f 5962/2933/3898 5963/2934/3897 5955/2932/3640
f 5955/2932/3640 5954/2929/3640 5962/2933/3898
s 0
f 5964/2935/3899 5965/2937/3899 5966/2936/3899
f 5967/2937/3900 5968/2938/3900 5969/2936/3900
f 5970/2939/3900 5971/2941/3900 5972/2940/3900
f 5973/2941/3901 5974/2942/3901 5975/2940/3901
s 1
f 5976/2935/3902 5977/2943/3902 5978/2936/3902
f 5979/2943/3903 5980/2938/3903 5981/2936/3903
s 0
f 5982/2939/3904 5983/2944/3904 5984/2940/3904
f 5985/2944/3902 5986/2942/3902 5987/2940/3902
s 1
f 5988/2945/3888 5989/2948/3882 5990/2947/3880
f 5990/2947/3880 5991/2946/3888 5988/2945/3888
f 5992/2948/3883 5993/2945/3889 5994/2946/3889
f 5994/2946/3889 5995/2947/3905 5992/2948/3883
f 5993/2945/3889 5996/2950/3906 5997/2949/3887
f 5997/2949/3887 5994/2946/3889 5993/2945/3889
f 5998/2950/3884 5988/2945/3888 5991/2946/3888
f 5991/2946/3888 5999/2949/3886 5998/2950/3884
f 6000/2945/3888 6001/2948/3882 6002/2947/3880
f 6002/2947/3880 6003/2946/3888 6000/2945/3888
f 6004/2948/3883 6005/2945/3889 6006/2946/3889
f 6006/2946/3889 6007/2947/3905 6004/2948/3883
f 6005/2945/3889 6008/2950/3906 6009/2949/3887
f 6009/2949/3887 6006/2946/3889 6005/2945/3889
f 6010/2950/3884 6000/2945/3888 6003/2946/3888
f 6003/2946/3888 6011/2949/3886 6010/2950/3884
f 6012/2929/3637 6013/2930/3907 6014/2931/3908
f 6014/2931/3908 6015/2932/3637 6012/2929/3637
f 6016/2930/3907 6017/2933/3909 6018/2934/3910
f 6018/2934/3910 6019/2931/3908 6016/2930/3907
f 6020/2933/3911 6012/2929/3637 6015/2932/3637
f 6015/2932/3637 6021/2934/3912 6020/2933/3911
f 6022/2951/3888 6023/2954/3913 6024/2953/3914
f 6024/2953/3914 6025/2952/3888 6022/2951/3888
f 6023/2954/3913 6026/2954/3915 6027/2953/3916
f 6027/2953/3916 6024/2953/3914 6023/2954/3913
f 6028/2954/3915 6029/2951/3889 6030/2952/3889
f 6030/2952/3889 6031/2953/3915 6028/2954/3915
f 6029/2951/3889 6032/2956/3917 6033/2955/3918
f 6033/2955/3918 6030/2952/3889 6029/2951/3889
f 6032/2956/3917 6034/2956/3919 6035/2955/3920
f 6035/2955/3920 6033/2955/3918 6032/2956/3917
f 6036/2956/3920 6022/2951/3888 6025/2952/3888
f 6025/2952/3888 6037/2955/3920 6036/2956/3920
s 0
f 6038/2953/3637 6039/2953/3637 6040/2952/3637
f 6041/2952/3637 6042/2955/3637 6043/2955/3637
f 6044/2953/3637 6045/2952/3637 6046/2955/3637
s 1
f 6047/2952/3637 6048/2953/3637 6049/2955/3637
f 6050/2957/3888 6051/2960/3888 6052/2959/3914
f 6052/2959/3914 6053/2958/3913 6050/2957/3888
f 6053/2958/3913 6052/2959/3914 6054/2959/3915
f 6054/2959/3915 6055/2958/3916 6053/2958/3913
f 6056/2958/3915 6057/2959/3915 6058/2960/3889
f 6058/2960/3889 6059/2957/3889 6056/2958/3915
f 6059/2957/3889 6058/2960/3889 6060/2962/3918
f 6060/2962/3918 6061/2961/3917 6059/2957/3889
f 6061/2961/3917 6060/2962/3918 6062/2962/3919
f 6062/2962/3919 6063/2961/3920 6061/2961/3917
f 6064/2961/3920 6065/2962/3920 6051/2960/3888
f 6051/2960/3888 6050/2957/3888 6064/2961/3920
f 6066/2962/3640 6067/2962/3640 6068/2960/3640
s 0
f 6069/2960/3640 6070/2959/3640 6071/2959/3640
f 6072/2962/3640 6073/2960/3640 6074/2959/3640
f 6075/2960/3640 6076/2962/3640 6077/2959/3640
s 1
f 6078/2951/3888 6079/2954/3913 6080/2953/3914
f 6080/2953/3914 6081/2952/3888 6078/2951/3888
f 6079/2954/3913 6082/2954/3915 6083/2953/3916
f 6083/2953/3916 6080/2953/3914 6079/2954/3913
f 6084/2954/3915 6085/2951/3889 6086/2952/3889
f 6086/2952/3889 6087/2953/3915 6084/2954/3915
f 6085/2951/3889 6088/2956/3917 6089/2955/3918
f 6089/2955/3918 6086/2952/3889 6085/2951/3889
f 6088/2956/3917 6090/2956/3919 6091/2955/3920
f 6091/2955/3920 6089/2955/3918 6088/2956/3917
f 6092/2956/3920 6078/2951/3888 6081/2952/3888
f 6081/2952/3888 6093/2955/3920 6092/2956/3920
s 0
f 6094/2953/3637 6095/2953/3637 6096/2952/3637
f 6097/2952/3637 6098/2955/3637 6099/2955/3637
f 6100/2953/3637 6101/2952/3637 6102/2955/3637
f 6103/2952/3637 6104/2953/3637 6105/2955/3637
s 1
f 6106/2957/3888 6107/2960/3888 6108/2959/3914
f 6108/2959/3914 6109/2958/3913 6106/2957/3888
f 6109/2958/3913 6108/2959/3914 6110/2959/3915
f 6110/2959/3915 6111/2958/3916 6109/2958/3913
f 6112/2958/3915 6113/2959/3915 6114/2960/3889
f 6114/2960/3889 6115/2957/3889 6112/2958/3915
f 6115/2957/3889 6114/2960/3889 6116/2962/3918
f 6116/2962/3918 6117/2961/3917 6115/2957/3889
f 6117/2961/3917 6116/2962/3918 6118/2962/3919
f 6118/2962/3919 6119/2961/3920 6117/2961/3917
f 6120/2961/3920 6121/2962/3920 6107/2960/3888
f 6107/2960/3888 6106/2957/3888 6120/2961/3920
s 0
f 6122/2962/3640 6123/2962/3640 6124/2960/3640
f 6125/2960/3640 6126/2959/3640 6127/2959/3640
f 6128/2962/3640 6129/2960/3640 6130/2959/3640
f 6131/2960/3640 6132/2962/3640 6133/2959/3640
s 1
f 6134/2872/3921 6135/2873/3922 6136/2873/3923
f 6136/2873/3923 6137/2872/3924 6134/2872/3921
f 6138/2874/3925 6139/2874/3926 6140/2875/3927
f 6140/2875/3927 6141/2875/3928 6138/2874/3925
f 6142/2876/3929 6143/2879/3930 6144/2878/3931
f 6144/2878/3931 6145/2877/3932 6142/2876/3929
f 6146/2880/3933 6147/2883/3934 6148/2882/3935
f 6148/2882/3935 6149/2881/3936 6146/2880/3933
s 0
f 6150/2886/3640 6151/2885/3640 6152/2884/3640
f 6153/2887/3640 6154/2886/3640 6155/2884/3640
f 6156/2888/3640 6157/2887/3640 6158/2884/3640
f 6159/2889/3640 6160/2888/3640 6161/2884/3640
f 6162/2894/3640 6163/2893/3640 6164/2892/3640
f 6165/2892/3640 6166/2891/3640 6167/2890/3640
f 6168/2894/3640 6169/2892/3640 6170/2890/3640
f 6171/2895/3640 6172/2894/3640 6173/2890/3640
s 1
f 6174/2897/3937 6175/2896/3938 6176/2878/3939
f 6176/2878/3939 6177/2879/3940 6178/2883/3941
f 6174/2897/3937 6176/2878/3939 6178/2883/3941
f 6179/2880/3942 6174/2897/3937 6178/2883/3941
f 6180/2898/3943 6148/2882/3935 6147/2883/3934
f 6147/2883/3934 6181/2899/3944 6180/2898/3943
f 6182/2895/3945 6183/2886/3945 6184/2887/3945
s 0
f 6185/2887/3945 6186/2894/3945 6187/2895/3945
s 1
f 6143/2879/3930 6142/2876/3929 6188/2901/3946
f 6188/2901/3946 6189/2900/3947 6143/2879/3930
s 0
f 6190/2902/3948 6191/2903/3948 6192/2883/3948
f 6193/2883/3948 6194/2879/3948 6195/2902/3948
s 1
f 6196/2904/3949 6197/2905/3950 6180/2898/3943
f 6180/2898/3943 6181/2899/3944 6196/2904/3949
f 6188/2901/3946 6198/2907/3951 6199/2906/3952
f 6199/2906/3952 6189/2900/3947 6188/2901/3946
f 6200/2902/3953 6201/2911/3954 6202/2910/3955
f 6202/2910/3955 6203/2909/3956 6204/2908/3957
f 6202/2910/3955 6204/2908/3957 6205/2903/3958
f 6200/2902/3953 6202/2910/3955 6205/2903/3958
f 6136/2873/3923 6146/2880/3933 6149/2881/3936
f 6149/2881/3936 6137/2872/3924 6136/2873/3923
f 6206/2912/3959 6145/2877/3932 6144/2878/3931
f 6144/2878/3931 6207/2913/3922 6206/2912/3959
f 6208/2914/3928 6199/2906/3952 6198/2907/3951
f 6198/2907/3951 6209/2915/3960 6208/2914/3928
f 6139/2874/3926 6197/2905/3950 6196/2904/3949
f 6196/2904/3949 6140/2875/3927 6139/2874/3926
f 6210/2963/3961 6211/2963/3962 6212/2964/3963
f 6212/2964/3963 6213/2964/3964 6210/2963/3961
f 6214/2965/3965 6215/2966/3966 6216/2966/3967
f 6216/2966/3967 6217/2965/3968 6214/2965/3965
f 6218/2967/3969 6219/2970/3970 6220/2969/3971
f 6220/2969/3971 6221/2968/3972 6218/2967/3969
f 6222/2971/3973 6223/2974/3974 6224/2973/3975
f 6224/2973/3975 6225/2972/3976 6222/2971/3973
f 6226/2975/3637 6227/2970/3637 6228/2967/3637
s 0
f 6229/2975/3637 6230/2967/3637 6231/2973/3637
f 6232/2975/3637 6233/2973/3637 6234/2974/3637
f 6235/2976/3637 6236/2975/3637 6237/2974/3637
f 6238/2981/3637 6239/2980/3637 6240/2979/3637
f 6241/2979/3637 6242/2978/3637 6243/2977/3637
f 6244/2981/3637 6245/2979/3637 6246/2977/3637
f 6247/2982/3637 6248/2981/3637 6249/2977/3637
s 1
f 6250/2987/3977 6251/2986/3978 6252/2985/3979
f 6252/2985/3979 6253/2984/3980 6254/2983/3981
f 6250/2987/3977 6252/2985/3979 6254/2983/3981
f 6255/2988/3982 6250/2987/3977 6254/2983/3981
f 6256/2989/3983 6257/2990/3984 6225/2972/3976
f 6225/2972/3976 6224/2973/3975 6256/2989/3983
s 0
f 6258/2982/3985 6259/2977/3985 6260/2973/3985
f 6261/2973/3985 6262/2967/3985 6263/2982/3985
s 1
f 6221/2968/3972 6264/2992/3986 6265/2991/3987
f 6265/2991/3987 6218/2967/3969 6221/2968/3972
s 0
f 6266/2993/3988 6267/2986/3988 6268/2987/3988
f 6269/2987/3988 6270/2994/3988 6271/2993/3988
s 1
f 6272/2995/3989 6257/2990/3984 6256/2989/3983
f 6256/2989/3983 6273/2996/3990 6272/2995/3989
f 6265/2991/3987 6264/2992/3986 6274/2998/3991
f 6274/2998/3991 6275/2997/3992 6265/2991/3987
f 6276/3002/3993 6277/3001/3994 6278/3000/3995
f 6279/2994/3996 6276/3002/3993 6278/3000/3995
f 6280/2993/3997 6279/2994/3996 6278/3000/3995
f 6280/2993/3997 6278/3000/3995 6281/2999/3998
f 6212/2964/3963 6211/2963/3962 6223/2974/3974
f 6223/2974/3974 6222/2971/3973 6212/2964/3963
f 6282/3003/3961 6283/3004/3999 6220/2969/3971
f 6220/2969/3971 6219/2970/3970 6282/3003/3961
f 6284/3005/4000 6285/3006/3965 6275/2997/3992
f 6275/2997/3992 6274/2998/3991 6284/3005/4000
f 6217/2965/3968 6216/2966/3967 6272/2995/3989
f 6272/2995/3989 6273/2996/3990 6217/2965/3968
f 6286/3309/4001 6287/3310/4002 6288/3311/4002
f 6288/3311/4002 6289/3312/4003 6286/3309/4001
f 6287/3310/4002 6290/3313/4004 6291/3314/4004
f 6291/3314/4004 6288/3311/4002 6287/3310/4002
f 6290/3313/4004 6292/3315/4005 6293/3316/4006
f 6293/3316/4006 6291/3314/4004 6290/3313/4004
f 6294/3317/4005 6295/3318/4007 6296/3319/4007
f 6296/3319/4007 6297/3320/4006 6294/3317/4005
f 6295/3318/4007 6298/3321/4008 6299/3322/4008
f 6299/3322/4008 6296/3319/4007 6295/3318/4007
f 6298/3321/4008 6300/3323/4001 6301/3324/4003
f 6301/3324/4003 6299/3322/4008 6298/3321/4008
f 6302/3325/4009 6303/3326/4010 6304/3327/4010
f 6304/3327/4010 6305/3328/4009 6302/3325/4009
s 0
f 6306/3328/4011 6307/3329/4011 6308/3330/4011
f 6309/3330/4011 6310/3325/4011 6311/3328/4011
s 1
f 6312/3327/4012 6313/3326/4013 6314/3325/4014
f 6314/3325/4014 6315/3328/4014 6312/3327/4012
f 6316/3331/4015 6317/3332/4016 6318/3333/4017
f 6318/3333/4017 6319/3334/4018 6316/3331/4015
s 0
f 6320/3330/4019 6321/3335/4019 6322/3336/4019
f 6323/3336/4020 6324/3325/4020 6325/3330/4020
s 1
f 6326/3337/4021 6327/3338/4021 6304/3327/4010
f 6304/3327/4010 6303/3326/4010 6326/3337/4021
f 6328/3338/4022 6329/3337/4022 6313/3326/4013
f 6313/3326/4013 6312/3327/4012 6328/3338/4022
f 6319/3334/4018 6318/3333/4017 6330/3336/4023
f 6330/3336/4023 6331/3335/4024 6319/3334/4018
f 6332/3339/4025 6333/3340/4026 6334/3341/4026
f 6332/3339/4025 6334/3341/4026 6335/3342/4025
f 6336/3328/4027 6332/3339/4025 6335/3342/4025
f 6336/3328/4027 6335/3342/4025 6337/3329/4027
f 6338/3343/4001 6339/3344/4002 6340/3345/4002
f 6340/3345/4002 6341/3346/4003 6338/3343/4001
f 6339/3344/4002 6342/3347/4004 6343/3348/4004
f 6343/3348/4004 6340/3345/4002 6339/3344/4002
f 6342/3347/4004 6344/3349/4005 6345/3350/4006
f 6345/3350/4006 6343/3348/4004 6342/3347/4004
f 6346/3351/4005 6347/3352/4007 6348/3353/4007
f 6348/3353/4007 6349/3354/4006 6346/3351/4005
f 6347/3352/4007 6350/3355/4008 6351/3356/4008
f 6351/3356/4008 6348/3353/4007 6347/3352/4007
f 6350/3355/4008 6352/3357/4001 6353/3358/4003
f 6353/3358/4003 6351/3356/4008 6350/3355/4008
f 6354/3359/4028 6355/3360/4029 6356/3361/4029
f 6356/3361/4029 6357/3362/4028 6354/3359/4028
f 6355/3360/4029 6358/3360/4019 6359/3361/4030
f 6359/3361/4030 6356/3361/4029 6355/3360/4029
f 6360/3363/4031 6354/3359/4028 6357/3362/4028
f 6357/3362/4028 6361/3364/4031 6360/3363/4031
s 0
f 6362/3365/4001 6363/3366/4001 6364/3360/4001
f 6365/3360/4001 6366/3359/4001 6367/3365/4001
f 6368/3367/4006 6369/3368/4006 6370/3362/4006
f 6371/3362/4006 6372/3361/4006 6373/3367/4006
s 1
f 6374/3369/4032 6375/3370/4033 6376/3371/4034
f 6376/3371/4034 6377/3372/4032 6374/3369/4032
f 6375/3370/4033 6378/3373/4035 6379/3374/4035
f 6379/3374/4035 6376/3371/4034 6375/3370/4033
f 6380/3375/4036 6381/3375/4037 6382/3376/4037
f 6382/3376/4037 6383/3376/4036 6380/3375/4036
f 6381/3375/4037 6384/3377/4038 6385/3378/4038
f 6385/3378/4038 6382/3376/4037 6381/3375/4037
f 6384/3377/4038 6386/3379/4039 6387/3380/4039
f 6387/3380/4039 6385/3378/4038 6384/3377/4038
s 0
f 6388/3370/4001 6389/3373/4001 6390/3373/4001
f 6391/3370/4001 6392/3373/4001 6393/3370/4001
f 6394/3369/4001 6395/3370/4001 6396/3370/4001
f 6397/3374/4005 6398/3371/4005 6399/3372/4005
f 6400/3374/4040 6401/3374/4040 6402/3372/4040
f 6403/3371/4040 6404/3374/4040 6405/3372/4040
s 1
f 6406/3381/4041 6407/3382/4042 6408/3383/4043
f 6408/3383/4043 6409/3384/4044 6406/3381/4041
f 6410/3385/4045 6411/3385/4046 6412/3386/4047
f 6412/3386/4047 6413/3386/4048 6410/3385/4045
f 6411/3385/4046 6414/3387/4049 6415/3388/4049
f 6415/3388/4049 6412/3386/4047 6411/3385/4046
f 6414/3387/4049 6416/3389/4050 6417/3390/4051
f 6417/3390/4051 6415/3388/4049 6414/3387/4049
f 6418/3391/4052 6406/3381/4041 6409/3384/4044
f 6409/3384/4044 6419/3392/4027 6418/3391/4052
f 6420/3393/4011 6421/3394/4011 6422/3395/4011
s 0
f 6423/3395/4011 6424/3396/4011 6425/3393/4011
f 6426/3397/4050 6427/3398/4050 6428/3394/4050
f 6429/3394/4027 6430/3393/4027 6431/3397/4027
f 6432/3399/4006 6433/3400/4006 6434/3395/4006
s 1
f 6435/3395/4006 6436/3394/4006 6437/3399/4006
s 0
f 6438/3401/4020 6439/3402/4020 6440/3396/4020
f 6441/3396/4020 6442/3395/4020 6443/3401/4020
f 6444/3403/4001 6445/3404/4001 6446/3393/4001
s 1
f 6447/3393/4001 6448/3396/4001 6449/3403/4001
f 6450/3405/4053 6451/3406/4053 6452/3407/4054
f 6452/3407/4054 6453/3408/4055 6450/3405/4053
s 0
f 6454/3409/4006 6455/3410/4006 6456/3411/4006
s 1
f 6457/3411/4056 6458/3412/4056 6459/3413/4057
f 6459/3413/4057 6460/3414/4057 6457/3411/4056
s 0
f 6461/3415/4001 6462/3412/4001 6463/3405/4001
s 1
f 6464/3416/4058 6465/3417/4058 6451/3406/4053
f 6451/3406/4053 6450/3405/4053 6464/3416/4058
s 0
f 6466/3418/4006 6467/3419/4006 6468/3411/4006
f 6469/3411/4006 6470/3410/4006 6471/3418/4006
s 1
f 6472/3419/4059 6473/3420/4059 6458/3412/4056
f 6458/3412/4056 6457/3411/4056 6472/3419/4059
s 0
f 6474/3420/4001 6475/3416/4001 6476/3405/4001
s 1
f 6477/3405/4001 6478/3412/4001 6479/3420/4001
f 6480/3421/4060 6481/3422/4060 6465/3417/4058
f 6465/3417/4058 6464/3416/4058 6480/3421/4060
s 0
f 6482/3423/4061 6483/3424/4061 6484/3419/4061
f 6485/3419/4061 6486/3418/4061 6487/3423/4061
s 1
f 6488/3425/4062 6489/3426/4062 6473/3420/4059
f 6473/3420/4059 6472/3419/4059 6488/3425/4062
s 0
f 6490/3427/4063 6491/3428/4063 6492/3416/4063
s 1
f 6493/3416/4064 6494/3420/4064 6495/3427/4064
f 6496/3429/4065 6497/3430/4065 6481/3422/4060
f 6481/3422/4060 6480/3421/4060 6496/3429/4065
f 6498/3431/4006 6499/3432/4006 6500/3424/4006
s 0
f 6501/3424/4040 6502/3423/4040 6503/3431/4040
s 1
f 6504/3433/4066 6505/3434/4066 6489/3426/4062
f 6489/3426/4062 6488/3425/4062 6504/3433/4066
s 0
f 6506/3435/4001 6507/3436/4001 6508/3428/4001
f 6509/3428/4067 6510/3427/4067 6511/3435/4067
s 1
f 6512/3437/4068 6513/3438/4068 6497/3430/4065
f 6497/3430/4065 6496/3429/4065 6512/3437/4068
s 0
f 6514/3431/4022 6515/3439/4022 6516/3440/4022
s 1
f 6517/3440/4006 6518/3432/4006 6519/3431/4006
f 6520/3441/4069 6521/3442/4069 6505/3434/4066
f 6505/3434/4066 6504/3433/4066 6520/3441/4069
f 6522/3435/4001 6523/3443/4001 6524/3444/4001
f 6525/3444/4070 6526/3436/4070 6527/3435/4070
f 6520/3441/4069 6528/3441/4068 6529/3442/4068
f 6529/3442/4068 6521/3442/4069 6520/3441/4069
f 6530/3445/4071 6531/3446/4072 6532/3447/4073
f 6532/3447/4073 6533/3448/4073 6530/3445/4071
s 0
f 6534/3449/4006 6535/3450/4006 6536/3451/4006
f 6537/3451/4022 6538/3446/4022 6539/3449/4022
s 1
f 6540/3449/4074 6541/3452/4074 6542/3453/4075
f 6542/3453/4075 6543/3454/4075 6540/3449/4074
s 0
f 6544/3455/4001 6545/3456/4001 6546/3457/4001
f 6547/3457/4001 6548/3452/4001 6549/3455/4001
s 1
f 6550/3458/4076 6551/3459/4076 6531/3446/4072
f 6531/3446/4072 6530/3445/4071 6550/3458/4076
s 0
f 6552/3459/4006 6553/3460/4006 6554/3449/4006
f 6555/3449/4006 6556/3446/4006 6557/3459/4006
s 1
f 6558/3460/4077 6559/3461/4078 6541/3452/4074
f 6541/3452/4074 6540/3449/4074 6558/3460/4077
s 0
f 6560/3461/4001 6561/3462/4001 6562/3455/4001
f 6563/3455/4003 6564/3452/4003 6565/3461/4003
s 1
f 6566/3463/4079 6567/3464/4079 6568/3459/4079
f 6569/3459/4076 6570/3458/4076 6571/3463/4076
s 0
f 6572/3465/4080 6573/3466/4080 6574/3460/4080
s 1
f 6575/3460/4080 6576/3459/4080 6577/3465/4080
s 0
f 6578/3467/4081 6579/3468/4081 6580/3461/4081
f 6581/3461/4081 6582/3460/4081 6583/3467/4081
f 6584/3469/4082 6585/3470/4082 6586/3462/4082
s 1
f 6587/3462/4082 6588/3461/4082 6589/3469/4082
f 6590/3471/4083 6591/3472/4083 6592/3464/4076
f 6592/3464/4076 6593/3463/4076 6590/3471/4083
s 0
f 6594/3473/4006 6595/3474/4006 6596/3466/4006
f 6597/3466/4006 6598/3465/4006 6599/3473/4006
s 1
f 6600/3475/4084 6601/3476/4084 6602/3468/4081
f 6602/3468/4081 6603/3467/4081 6600/3475/4084
s 0
f 6604/3477/4001 6605/3478/4001 6606/3470/4001
f 6607/3470/4001 6608/3469/4001 6609/3477/4001
s 1
f 6610/3479/4085 6611/3480/4085 6591/3472/4083
f 6591/3472/4083 6590/3471/4083 6610/3479/4085
f 6612/3473/4040 6613/3481/4040 6614/3482/4040
s 0
f 6615/3482/4006 6616/3474/4006 6617/3473/4006
s 1
f 6618/3483/4086 6619/3484/4086 6601/3476/4084
f 6601/3476/4084 6600/3475/4084 6618/3483/4086
s 0
f 6620/3477/4001 6621/3485/4001 6622/3486/4001
f 6623/3486/4070 6624/3478/4070 6625/3477/4070
s 1
f 6542/3453/4075 6626/3453/4087 6627/3454/4087
f 6627/3454/4087 6543/3454/4075 6542/3453/4075
f 6618/3483/4086 6628/3483/4085 6629/3484/4085
f 6629/3484/4085 6619/3484/4086 6618/3483/4086
s 0
f 6630/3487/4088 6631/3488/4088 6632/3489/4088
s 1
f 6633/3489/4089 6634/3490/4089 6635/3491/4089
f 6636/3487/4090 6637/3489/4090 6638/3491/4090
s 0
f 6639/3492/4091 6640/3487/4091 6641/3491/4091
s 1
f 6642/3493/4092 6643/3494/4093 6644/3495/4094
f 6644/3495/4094 6645/3496/4095 6646/3497/4096
f 6642/3493/4092 6644/3495/4094 6646/3497/4096
f 6647/3498/4097 6642/3493/4092 6646/3497/4096
f 6648/3499/4098 6649/3492/4099 6650/3498/4100
f 6650/3498/4100 6651/3500/4101 6648/3499/4098
f 6649/3492/4099 6652/3501/4102 6653/3502/4103
f 6653/3502/4103 6650/3498/4100 6649/3492/4099
f 6652/3501/4102 6654/3503/4104 6655/3504/4105
f 6655/3504/4105 6653/3502/4103 6652/3501/4102
f 6656/3503/4104 6657/3505/4106 6658/3506/4107
f 6658/3506/4107 6659/3507/4108 6656/3503/4104
f 6657/3505/4106 6660/3508/4109 6661/3509/4110
f 6661/3509/4110 6658/3506/4107 6657/3505/4106
f 6662/3510/4109 6648/3499/4098 6651/3500/4101
f 6651/3500/4101 6663/3511/4111 6662/3510/4109
s 0
f 6664/3512/4112 6665/3513/4112 6666/3514/4112
s 1
f 6667/3514/4112 6668/3515/4112 6669/3512/4112
f 6670/3513/4113 6671/3512/4113 6672/3515/4113
s 0
f 6673/3515/4113 6674/3514/4113 6675/3513/4113
f 6676/3491/4114 6677/3490/4114 6678/3489/4114
f 6679/3489/4115 6680/3488/4115 6681/3487/4115
f 6682/3491/4115 6683/3489/4115 6684/3487/4115
f 6685/3492/4115 6686/3491/4115 6687/3487/4115
s 1
f 6688/3497/4116 6689/3496/4117 6690/3495/4118
f 6690/3495/4118 6691/3494/4119 6692/3493/4120
f 6688/3497/4116 6690/3495/4118 6692/3493/4120
f 6693/3498/4121 6688/3497/4116 6692/3493/4120
f 6694/3499/4122 6695/3500/4123 6696/3498/4124
f 6696/3498/4124 6697/3492/4125 6694/3499/4122
f 6697/3492/4125 6696/3498/4124 6698/3502/4126
f 6698/3502/4126 6699/3501/4127 6697/3492/4125
f 6699/3501/4127 6698/3502/4126 6700/3504/4128
f 6700/3504/4128 6701/3503/4129 6699/3501/4127
f 6702/3503/4130 6703/3507/4131 6704/3506/4132
f 6704/3506/4132 6705/3505/4133 6702/3503/4130
f 6705/3505/4133 6704/3506/4132 6706/3509/4134
f 6706/3509/4134 6707/3508/4135 6705/3505/4133
f 6708/3510/4136 6709/3511/4137 6695/3500/4123
f 6695/3500/4123 6694/3499/4122 6708/3510/4136
s 0
f 6710/3512/4138 6711/3515/4138 6712/3514/4138
f 6713/3514/4138 6714/3513/4138 6715/3512/4138
s 1
f 6716/3513/4139 6717/3514/4139 6718/3515/4139
s 0
f 6719/3515/4139 6720/3512/4139 6721/3513/4139
s 1
f 6722/2750/4140 6723/1091/4141 6724/848/4142
f 6724/848/4142 6725/446/4143 6722/2750/4140
f 6726/2757/4144 6727/3516/4145 6728/3517/4146
f 6728/3517/4146 6729/2758/4147 6726/2757/4144
f 6730/769/4148 6731/2750/4149 6732/446/4150
f 6732/446/4150 6733/445/4151 6730/769/4148
f 6734/2758/4152 6735/3517/4153 6736/3516/4154
f 6736/3516/4154 6737/2757/4155 6734/2758/4152
f 6738/3518/202 6739/3519/4156 6740/3310/4156
f 6740/3310/4156 6741/3309/202 6738/3518/202
f 6739/3519/4156 6742/3520/4157 6743/3313/4157
f 6743/3313/4157 6740/3310/4156 6739/3519/4156
f 6742/3520/4157 6744/3521/72 6745/3315/72
f 6745/3315/72 6743/3313/4157 6742/3520/4157
f 6746/3522/72 6747/3523/4158 6748/3318/4158
f 6748/3318/4158 6749/3317/72 6746/3522/72
f 6747/3523/4158 6750/3524/4159 6751/3321/4159
f 6751/3321/4159 6748/3318/4158 6747/3523/4158
f 6750/3524/4159 6752/3525/202 6753/3323/202
f 6753/3323/202 6751/3321/4159 6750/3524/4159
f 6754/3519/4160 6755/3518/4161 6756/3526/4027
f 6757/3525/4162 6758/3524/4163 6759/3527/4027
f 6758/3524/4163 6760/3523/4164 6759/3527/4027
f 6760/3523/4164 6761/3522/4165 6759/3527/4027
f 6762/3521/4166 6763/3520/4167 6756/3526/4027
f 6763/3520/4167 6754/3519/4160 6756/3526/4027
f 6764/3312/202 6765/3311/4156 6766/3528/4168
f 6766/3528/4168 6767/3529/4169 6764/3312/202
f 6765/3311/4156 6768/3314/4157 6769/3530/4170
f 6769/3530/4170 6766/3528/4168 6765/3311/4156
f 6768/3314/4157 6770/3316/72 6771/3531/4171
f 6771/3531/4171 6769/3530/4170 6768/3314/4157
f 6772/3320/72 6773/3319/4172 6774/3532/4173
f 6774/3532/4173 6775/3533/4171 6772/3320/72
f 6773/3319/4172 6776/3322/4174 6777/3534/4175
f 6777/3534/4175 6774/3532/4173 6773/3319/4172
f 6776/3322/4174 6778/3324/202 6779/3535/4169
f 6779/3535/4169 6777/3534/4175 6776/3322/4174
f 6767/3529/4169 6766/3528/4168 6780/3536/4176
f 6780/3536/4176 6781/3537/4177 6767/3529/4169
f 6766/3528/4168 6769/3530/4170 6782/3538/4178
f 6782/3538/4178 6780/3536/4176 6766/3528/4168
f 6769/3530/4170 6771/3531/4171 6783/3539/4179
f 6783/3539/4179 6782/3538/4178 6769/3530/4170
f 6775/3533/4171 6774/3532/4173 6784/3540/4180
f 6784/3540/4180 6785/3541/4179 6775/3533/4171
f 6774/3532/4173 6777/3534/4175 6786/3542/4181
f 6786/3542/4181 6784/3540/4180 6774/3532/4173
f 6777/3534/4175 6779/3535/4169 6787/3543/4177
f 6787/3543/4177 6786/3542/4181 6777/3534/4175
f 6788/3544/4182 6789/3545/4183 6790/3546/4184
f 6790/3546/4184 6791/3547/4185 6788/3544/4182
f 6792/3548/4186 6793/3549/4187 6794/3550/4188
f 6794/3550/4188 6795/3551/4189 6792/3548/4186
f 6789/3545/4183 6796/3552/4190 6797/3553/4191
f 6797/3553/4191 6790/3546/4184 6789/3545/4183
f 6794/3550/4188 6797/3553/4191 6796/3552/4190
f 6796/3552/4190 6795/3551/4189 6794/3550/4188
f 6791/3547/4185 6790/3546/4184 6798/3554/4192
f 6790/3546/4184 6797/3553/4191 6799/3554/4193
f 6797/3553/4191 6794/3550/4188 6799/3554/4193
f 6794/3550/4188 6793/3549/4187 6800/3554/4193
f 6789/3545/4183 6788/3544/4182 6801/3555/4194
f 6792/3548/4186 6795/3551/4189 6802/3555/4195
f 6795/3551/4189 6796/3552/4190 6803/3555/4194
f 6796/3552/4190 6789/3545/4183 6803/3555/4194
s 0
f 6804/3556/4196 6805/3557/4196 6806/3558/4196
f 6806/3558/4196 6807/3559/4196 6804/3556/4196
f 6808/3560/4197 6809/3561/4197 6810/3562/4197
s 1
f 6811/3562/4197 6812/3563/4197 6813/3560/4197
s 0
f 6814/3564/4027 6815/3565/4027 6816/3561/4027
f 6816/3561/4027 6817/3560/4027 6814/3564/4027
f 6818/3566/72 6819/3567/72 6820/3562/72
f 6820/3562/72 6821/3561/72 6818/3566/72
f 6822/3558/4198 6823/3557/4198 6824/3563/4198
f 6825/3563/4198 6826/3562/4198 6827/3558/4198
f 6828/3568/202 6829/3569/202 6830/3560/202
f 6830/3560/202 6831/3563/202 6828/3568/202
s 1
f 6832/3570/4199 6833/3571/4200 6834/3572/4201
f 6834/3572/4201 6835/3573/4202 6832/3570/4199
f 6836/3570/4203 6837/3573/4204 6838/3572/4201
f 6838/3572/4201 6839/3571/4205 6836/3570/4203
f 6832/3570/4199 6835/3573/4202 6840/3574/4206
f 6837/3573/4204 6836/3570/4203 6841/3574/4207
f 6832/3570/4199 6840/3574/4206 6842/3575/4208
f 6842/3575/4208 6843/3576/4209 6832/3570/4199
f 6844/3577/4210 6845/3578/4211 6846/3579/4212
f 6836/3570/4203 6847/3576/4213 6848/3575/4214
f 6848/3575/4214 6841/3574/4207 6836/3570/4203
f 6835/3573/4202 6849/3579/202 6840/3574/4206
f 6841/3574/4207 6850/3579/72 6837/3573/4204
f 6851/3577/4020 6852/3580/4020 6853/3574/4020
f 6854/3574/4020 6855/3579/4020 6856/3577/4020
f 6857/3581/4020 6858/3582/4215 6859/3583/4215
f 6859/3583/4215 6860/3584/4020 6857/3581/4020
f 6858/3582/4215 6861/3585/4050 6862/3586/4050
f 6862/3586/4050 6859/3583/4215 6858/3582/4215
f 6863/3587/4216 6864/3588/4217 6865/3589/4196
f 6865/3589/4196 6866/3590/4027 6863/3587/4216
f 6864/3588/4217 6857/3581/4020 6860/3584/4020
f 6860/3584/4020 6865/3589/4196 6864/3588/4217
s 0
f 6867/3591/202 6868/3592/202 6869/3581/202
f 6869/3581/202 6870/3593/202 6867/3591/202
s 1
f 6871/3594/72 6872/3595/72 6873/3596/72
s 0
f 6874/3596/72 6875/3584/72 6876/3594/72
s 1
f 6877/3570/202 6878/3597/4218 6879/3598/4215
f 6879/3598/4215 6880/3599/202 6877/3570/202
f 6881/3597/4219 6882/3570/72 6883/3599/72
f 6883/3599/72 6884/3598/4215 6881/3597/4219
f 6882/3570/72 6885/3571/4220 6886/3600/4196
f 6886/3600/4196 6883/3599/72 6882/3570/72
f 6887/3571/4220 6877/3570/202 6880/3599/202
f 6880/3599/202 6888/3600/4196 6887/3571/4220
s 0
f 6889/3601/4019 6890/3599/4019 6891/3602/4019
f 6892/3602/4019 6893/3603/4019 6894/3601/4019
f 6895/3604/4221 6896/3605/4221 6897/3606/4221
f 6898/3606/4221 6899/3607/4221 6900/3604/4221
s 1
f 6901/3608/4196 6902/3609/4196 6903/3610/4222
f 6903/3610/4222 6904/3611/4222 6901/3608/4196
f 6905/3609/4020 6906/3612/4020 6907/3613/4223
f 6907/3613/4223 6908/3610/4223 6905/3609/4020
f 6909/3614/4197 6910/3615/4197 6911/3607/4224
f 6911/3607/4224 6912/3616/4224 6909/3614/4197
s 0
f 6913/3617/4225 6914/3618/4225 6915/3619/4225
f 6916/3619/4225 6917/3620/4225 6918/3617/4225
s 1
f 6901/3608/4196 6919/3621/4226 6920/3622/4226
f 6920/3622/4226 6902/3609/4196 6901/3608/4196
f 6905/3609/4020 6921/3622/4227 6922/3623/4227
f 6922/3623/4227 6906/3612/4020 6905/3609/4020
f 6909/3614/4197 6923/3624/4228 6924/3618/4228
f 6924/3618/4228 6910/3615/4197 6909/3614/4197
s 0
f 6925/3625/4196 6926/3626/4196 6927/3627/4196
s 1
f 6928/3627/4196 6929/3628/4196 6930/3625/4196
s 0
f 6931/3629/4229 6932/3630/4229 6933/3625/4229
s 1
f 6934/3625/4229 6935/3628/4229 6936/3629/4229
s 0
f 6937/3631/4230 6938/3632/4230 6939/3626/4230
f 6940/3626/4230 6941/3633/4230 6942/3631/4230
s 1
f 6943/3625/4197 6944/3634/4197 6945/3633/4197
s 0
f 6946/3633/4197 6947/3626/4197 6948/3625/4197
s 1
f 6949/3635/4196 6950/3636/4196 6951/3637/4196
f 6951/3637/4196 6952/3638/4196 6949/3635/4196
f 6953/3639/4197 6954/3640/4197 6955/3641/4197
f 6956/3641/4197 6957/3642/4197 6958/3639/4197
f 6959/3635/4027 6960/3638/4027 6961/3643/4027
s 0
f 6962/3643/4027 6963/3644/4027 6964/3635/4027
f 6965/3638/72 6966/3637/72 6967/3645/72
f 6967/3645/72 6968/3646/72 6965/3638/72
s 1
f 6969/3637/4020 6970/3636/4020 6971/3647/4020
f 6971/3647/4020 6972/3648/4020 6969/3637/4020
f 6973/3636/202 6974/3635/202 6975/3639/202
s 0
f 6976/3639/202 6977/3642/202 6978/3636/202
f 6979/3649/4197 6980/3650/4197 6981/3651/4197
f 6982/3651/4197 6983/3652/4197 6984/3649/4197
f 6985/3653/4231 6986/3654/4231 6987/3655/4231
s 1
f 6988/3655/4232 6989/3656/4232 6990/3653/4232
s 0
f 6991/3657/4233 6992/3658/4233 6993/3659/4233
f 6994/3659/4234 6995/3660/4234 6996/3657/4234
f 6997/3654/4027 6998/3653/4027 6999/3658/4027
s 1
f 7000/3658/4027 7001/3657/4027 7002/3654/4027
s 0
f 7003/3661/4020 7004/3662/4020 7005/3663/4020
s 1
f 7006/3663/4020 7007/3664/4020 7008/3661/4020
s 0
f 7009/3658/4027 7010/3653/4027 7011/3665/4027
f 7012/3665/4050 7013/3666/4050 7014/3658/4050
f 7015/3653/72 7016/3656/72 7017/3667/72
f 7017/3667/72 7018/3665/72 7015/3653/72
f 7019/3661/4019 7020/3664/4019 7021/3652/4019
f 7021/3652/4019 7022/3651/4019 7019/3661/4019
f 7023/3659/202 7024/3658/202 7025/3666/202
f 7025/3666/202 7026/3668/202 7023/3659/202
f 7027/3657/4196 7028/3663/4196 7029/3662/4196
f 7030/3662/4220 7031/3654/4220 7032/3657/4220
f 7033/3669/4197 7034/3670/4197 7035/3671/4197
f 7036/3671/4197 7037/3672/4197 7038/3669/4197
f 7039/3673/4235 7040/3674/4235 7041/3675/4235
f 7042/3675/4235 7043/3676/4235 7044/3673/4235
s 1
f 7045/3677/4233 7046/3678/4233 7047/3679/4233
f 7048/3679/4233 7049/3680/4233 7050/3677/4233
s 0
f 7051/3674/4027 7052/3673/4027 7053/3678/4027
s 1
f 7054/3678/4027 7055/3677/4027 7056/3674/4027
s 0
f 7057/3681/4020 7058/3682/4020 7059/3683/4020
s 1
f 7060/3683/4020 7061/3684/4020 7062/3681/4020
s 0
f 7063/3678/4027 7064/3673/4027 7065/3685/4027
f 7065/3685/4027 7066/3686/4027 7063/3678/4027
f 7067/3673/72 7068/3676/72 7069/3687/72
f 7069/3687/72 7070/3685/72 7067/3673/72
f 7071/3681/4020 7072/3684/4020 7073/3672/4020
f 7074/3672/4019 7075/3671/4019 7076/3681/4019
f 7077/3679/202 7078/3678/202 7079/3686/202
f 7079/3686/202 7080/3688/202 7077/3679/202
f 7081/3677/4220 7082/3683/4220 7083/3682/4220
f 7083/3682/4220 7084/3674/4220 7081/3677/4220
s 1
f 7085/3689/4236 7086/3690/4236 7087/3691/4237
f 7087/3691/4237 7088/3692/4237 7085/3689/4236
s 0
f 7089/3693/72 7090/3694/72 7091/3691/72
f 7092/3691/72 7093/3695/72 7094/3693/72
s 1
f 7095/3696/4238 7096/3697/4238 7097/3698/4239
f 7097/3698/4239 7098/3694/4239 7095/3696/4238
s 0
f 7099/3699/202 7100/3692/202 7101/3698/202
f 7102/3698/202 7103/3700/202 7104/3699/202
s 1
f 7097/3698/4239 7088/3692/4237 7087/3691/4237
f 7087/3691/4237 7098/3694/4239 7097/3698/4239
f 7105/3701/4240 7106/3702/4240 7107/3703/4241
f 7107/3703/4241 7108/3704/4241 7105/3701/4240
f 7108/3704/4241 7107/3703/4241 7109/3705/4242
f 7109/3705/4242 7110/3706/4242 7108/3704/4241
s 0
f 7111/3702/72 7112/3707/72 7113/3708/72
f 7114/3708/72 7115/3709/72 7116/3702/72
f 7117/3709/72 7118/3708/72 7119/3710/72
f 7120/3707/4243 7121/3711/4243 7122/3712/4243
f 7123/3712/4243 7124/3708/4243 7125/3707/4243
s 1
f 7126/3711/202 7127/3713/202 7128/3714/202
f 7129/3714/202 7130/3712/202 7131/3711/202
f 7130/3712/202 7129/3714/202 7132/3715/202
f 7133/3716/4196 7134/3717/4244 7135/3718/4245
f 7133/3716/4196 7136/3719/4246 7134/3717/4244
f 7133/3716/4196 7137/3720/4247 7136/3719/4246
f 7133/3716/4196 7138/3721/4248 7137/3720/4247
f 7133/3716/4196 7139/3722/4249 7138/3721/4248
f 7133/3716/4196 7140/3723/4250 7139/3722/4249
f 7133/3716/4196 7141/3724/4251 7140/3723/4250
f 7133/3716/4196 7135/3718/4245 7141/3724/4251
s 0
f 7142/3725/4197 7143/3726/4197 7144/3727/4197
f 7145/3727/4197 7146/3728/4197 7147/3729/4197
f 7148/3729/4197 7149/3730/4197 7150/3731/4197
f 7151/3727/4197 7152/3729/4197 7153/3731/4197
f 7154/3725/4197 7155/3727/4197 7156/3731/4197
f 7157/3732/4197 7158/3725/4197 7159/3731/4197
s 1
f 7160/3716/4196 7161/3717/4244 7162/3718/4245
f 7160/3716/4196 7163/3719/4246 7161/3717/4244
f 7160/3716/4196 7164/3720/4247 7163/3719/4246
f 7160/3716/4196 7165/3721/4248 7164/3720/4247
f 7160/3716/4196 7166/3722/4249 7165/3721/4248
f 7160/3716/4196 7167/3723/4250 7166/3722/4249
f 7160/3716/4196 7168/3724/4251 7167/3723/4250
f 7160/3716/4196 7162/3718/4245 7168/3724/4251
s 0
f 7169/3725/4197 7170/3726/4197 7171/3727/4197
f 7172/3727/4197 7173/3728/4197 7174/3729/4197
f 7175/3729/4197 7176/3730/4197 7177/3731/4197
s 1
f 7178/3727/4197 7179/3729/4197 7180/3731/4197
s 0
f 7181/3725/4197 7182/3727/4197 7183/3731/4197
f 7184/3732/4197 7185/3725/4197 7186/3731/4197
s 1
f 7199/3737/1886 7200/3738/4252 7201/3739/1888
f 7201/3739/1888 7202/3740/1889 7199/3737/1886
f 7200/3738/4252 7203/3741/1890 7204/3742/1891
f 7204/3742/1891 7201/3739/1888 7200/3738/4252
f 7203/3741/1890 7205/3743/1892 7206/3744/1893
f 7206/3744/1893 7204/3742/1891 7203/3741/1890
f 7205/3743/1892 7207/3745/1894 7208/3746/1895
f 7208/3746/1895 7206/3744/1893 7205/3743/1892
f 7207/3745/1894 7209/3747/1896 7210/3748/1897
f 7210/3748/1897 7208/3746/1895 7207/3745/1894
f 7209/3747/1896 7211/3749/1898 7212/3750/4253
f 7212/3750/4253 7210/3748/1897 7209/3747/1896
f 7211/3749/1898 7213/3751/4254 7214/3752/1901
f 7214/3752/1901 7212/3750/4253 7211/3749/1898
f 7213/3751/4254 7215/3753/1902 7216/3754/1903
f 7216/3754/1903 7214/3752/1901 7213/3751/4254
f 7215/3753/1902 7217/3755/1904 7218/3756/4255
f 7218/3756/4255 7216/3754/1903 7215/3753/1902
f 7217/3755/1904 7219/3757/4256 7220/3758/1907
f 7220/3758/1907 7218/3756/4255 7217/3755/1904
f 7219/3757/4256 7221/3759/4257 7222/3760/1909
f 7222/3760/1909 7220/3758/1907 7219/3757/4256
f 7221/3759/4257 7223/3761/4258 7224/3762/1911
f 7224/3762/1911 7222/3760/1909 7221/3759/4257
f 7223/3761/4258 7225/3763/4259 7226/3764/1913
f 7226/3764/1913 7224/3762/1911 7223/3761/4258
f 7225/3763/4259 7227/3765/1914 7228/3766/1915
f 7228/3766/1915 7226/3764/1913 7225/3763/4259
f 7227/3765/1914 7229/3767/1916 7230/3768/4260
f 7230/3768/4260 7228/3766/1915 7227/3765/1914
f 7229/3767/1916 7231/3769/1918 7232/3770/1919
f 7232/3770/1919 7230/3768/4260 7229/3767/1916
f 7231/3769/1918 7233/3771/4261 7234/3772/1921
f 7234/3772/1921 7232/3770/1919 7231/3769/1918
f 7233/3771/4261 7235/3773/1922 7236/3774/1923
f 7236/3774/1923 7234/3772/1921 7233/3771/4261
f 7235/3773/1922 7237/3775/1924 7238/3776/4262
f 7238/3776/4262 7236/3774/1923 7235/3773/1922
f 7237/3775/1924 7199/3737/1886 7202/3740/1889
f 7202/3740/1889 7238/3776/4262 7237/3775/1924
f 7202/3740/1889 7201/3739/1888 7239/3777/1926
f 7201/3739/1888 7204/3742/1891 7239/3777/1926
f 7204/3742/1891 7206/3744/1893 7239/3777/1926
f 7206/3744/1893 7208/3746/1895 7239/3777/1926
f 7208/3746/1895 7210/3748/1897 7239/3777/1926
f 7210/3748/1897 7212/3750/4253 7239/3777/1926
f 7212/3750/4253 7214/3752/1901 7239/3777/1926
f 7214/3752/1901 7216/3754/1903 7239/3777/1926
f 7216/3754/1903 7218/3756/4255 7239/3777/1926
f 7218/3756/4255 7220/3758/1907 7239/3777/1926
f 7220/3758/1907 7222/3760/1909 7239/3777/1926
f 7222/3760/1909 7224/3762/1911 7239/3777/1926
f 7224/3762/1911 7226/3764/1913 7239/3777/1926
f 7226/3764/1913 7228/3766/1915 7239/3777/1926
f 7228/3766/1915 7230/3768/4260 7239/3777/1926
f 7230/3768/4260 7232/3770/1919 7239/3777/1926
f 7232/3770/1919 7234/3772/1921 7239/3777/1926
f 7234/3772/1921 7236/3774/1923 7239/3777/1926
f 7236/3774/1923 7238/3776/4262 7239/3777/1926
f 7238/3776/4262 7202/3740/1889 7239/3777/1926
f 7240/3778/1926 7241/3779/1926 7242/3780/1926
f 7243/3781/1926 7244/3778/1926 7245/3780/1926
s 0
f 7246/3782/1926 7247/3781/1926 7248/3780/1926
s 1
f 7249/3757/4263 7250/3758/1524 7251/3756/1525
f 7251/3756/1525 7252/3755/4264 7249/3757/4263
f 7252/3755/4264 7251/3756/1525 7253/3754/4265
f 7253/3754/4265 7254/3753/4266 7252/3755/4264
f 7254/3753/4266 7253/3754/4265 7255/3752/1529
f 7255/3752/1529 7256/3751/1530 7254/3753/4266
f 7256/3751/1530 7255/3752/1529 7257/3750/1531
f 7257/3750/1531 7258/3749/1532 7256/3751/1530
f 7258/3749/1532 7257/3750/1531 7259/3748/1533
f 7259/3748/1533 7260/3747/1534 7258/3749/1532
f 7260/3747/1534 7259/3748/1533 7261/3746/4267
f 7261/3746/4267 7262/3745/1536 7260/3747/1534
f 7262/3745/1536 7261/3746/4267 7263/3744/1537
f 7263/3744/1537 7264/3743/1538 7262/3745/1536
f 7264/3743/1538 7263/3744/1537 7265/3742/4268
f 7265/3742/4268 7266/3741/1540 7264/3743/1538
f 7266/3741/1540 7265/3742/4268 7267/3739/1541
f 7267/3739/1541 7268/3738/1542 7266/3741/1540
f 7268/3738/1542 7267/3739/1541 7269/3740/1543
f 7269/3740/1543 7270/3737/4269 7268/3738/1542
f 7270/3737/4269 7269/3740/1543 7271/3776/1545
f 7271/3776/1545 7272/3775/4270 7270/3737/4269
f 7272/3775/4270 7271/3776/1545 7273/3774/1547
f 7273/3774/1547 7274/3773/1548 7272/3775/4270
f 7274/3773/1548 7273/3774/1547 7275/3772/1549
f 7275/3772/1549 7276/3771/4271 7274/3773/1548
f 7276/3771/4271 7275/3772/1549 7277/3770/1551
f 7277/3770/1551 7278/3769/1552 7276/3771/4271
f 7278/3769/1552 7277/3770/1551 7279/3768/4272
f 7279/3768/4272 7280/3767/1554 7278/3769/1552
f 7280/3767/1554 7279/3768/4272 7281/3766/1555
f 7281/3766/1555 7282/3765/1556 7280/3767/1554
f 7282/3765/1556 7281/3766/1555 7283/3764/4273
f 7283/3764/4273 7284/3763/4274 7282/3765/1556
f 7284/3763/4274 7283/3764/4273 7285/3762/1559
f 7285/3762/1559 7286/3761/1560 7284/3763/4274
f 7286/3761/1560 7285/3762/1559 7287/3760/1561
f 7287/3760/1561 7288/3759/4275 7286/3761/1560
f 7288/3759/4275 7287/3760/1561 7250/3758/1524
f 7250/3758/1524 7249/3757/4263 7288/3759/4275
f 7250/3758/1524 7289/3777/1563 7251/3756/1525
f 7251/3756/1525 7289/3777/1563 7253/3754/4265
f 7253/3754/4265 7289/3777/1563 7255/3752/1529
f 7255/3752/1529 7289/3777/1563 7257/3750/1531
f 7257/3750/1531 7289/3777/1563 7259/3748/1533
f 7259/3748/1533 7289/3777/1563 7261/3746/4267
f 7261/3746/4267 7289/3777/1563 7263/3744/1537
f 7263/3744/1537 7289/3777/1563 7265/3742/4268
f 7265/3742/4268 7289/3777/1563 7267/3739/1541
f 7267/3739/1541 7289/3777/1563 7269/3740/1543
f 7269/3740/1543 7289/3777/1563 7271/3776/1545
f 7271/3776/1545 7289/3777/1563 7273/3774/1547
f 7273/3774/1547 7289/3777/1563 7275/3772/1549
f 7275/3772/1549 7289/3777/1563 7277/3770/1551
f 7277/3770/1551 7289/3777/1563 7279/3768/4272
f 7279/3768/4272 7289/3777/1563 7281/3766/1555
f 7281/3766/1555 7289/3777/1563 7283/3764/4273
f 7283/3764/4273 7289/3777/1563 7285/3762/1559
f 7285/3762/1559 7289/3777/1563 7287/3760/1561
f 7287/3760/1561 7289/3777/1563 7250/3758/1524
s 0
f 7290/3783/1563 7291/3784/1563 7292/3785/1563
f 7293/3783/1563 7294/3785/1563 7295/3786/1563
f 7296/3787/1563 7297/3783/1563 7298/3786/1563
s 1
f 7329/3792/4286 7330/3793/4287 7331/3794/4288
f 7332/3795/4289 7333/3796/4290 7334/2318/4291
f 7334/2318/4291 7335/2320/4292 7332/3795/4289
f 7336/2323/4293 7337/3797/4294 7338/3798/4289
f 7338/3798/4289 7339/2321/4295 7336/2323/4293
f 7340/3799/4296 7341/3800/4297 7342/3801/4298
f 7342/3801/4298 7343/3802/4299 7340/3799/4296
f 7344/3803/4300 7340/3799/4296 7343/3802/4299
f 7343/3802/4299 7345/3804/4301 7344/3803/4300
f 7346/3805/4302 7347/3806/4303 7348/3807/4304
f 7346/3805/4302 7348/3807/4304 7349/3808/4305
f 7350/3809/4306 7351/3810/4307 7352/3811/4308
f 7353/2829/4309 7354/2834/4310 7355/2837/4311
f 7355/2837/4311 7356/3812/4312 7353/2829/4309
f 7357/3813/4313 7358/3814/4314 7359/3815/4315
f 7359/3815/4315 7360/3816/4316 7357/3813/4313
f 7361/3817/4317 7359/3815/4315 7358/3814/4314
f 7362/3818/4318 7344/3803/4300 7363/3819/4319
f 7364/3820/4320 7365/3821/4321 7366/3822/4322
f 7358/3814/4314 7357/3813/4313 7364/3820/4320
f 7364/3820/4320 7366/3822/4322 7358/3814/4314
f 7367/3823/4323 7366/3822/4322 7365/3821/4321
f 7368/2721/4324 7341/3800/4297 7369/3824/4325
f 7370/2501/4326 7341/3800/4297 7371/3825/4327
f 7371/3825/4327 7372/2502/4328 7370/2501/4326
f 7373/3826/4329 7341/3800/4297 7368/2721/4324
f 7368/2721/4324 7374/2720/4330 7373/3826/4329
f 7375/2723/4331 7376/3827/4332 7373/3826/4329
f 7373/3826/4329 7374/2720/4330 7375/2723/4331
f 7377/3828/4333 7378/3829/4334 7379/3830/4335
f 7371/3825/4327 7379/3830/4335 7380/2499/4336
f 7380/2499/4336 7372/2502/4328 7371/3825/4327
f 7381/2500/4337 7382/3831/4338 7369/3824/4325
f 7369/3824/4325 7370/2501/4326 7381/2500/4337
f 7341/3800/4297 7370/2501/4326 7369/3824/4325
f 7379/3830/4335 7371/3825/4327 7377/3828/4333
f 7383/3832/4339 7384/3833/4340 7385/3834/4341
f 7385/3834/4341 7386/3835/4342 7383/3832/4339
f 7383/3832/4339 7386/3835/4342 7360/3816/4316
f 7377/3828/4333 7387/3836/4343 7388/3837/4344
f 7387/3836/4343 7389/3838/4345 7388/3837/4344
f 7390/3839/4346 7391/3840/4347 7392/3841/4348
f 7392/3841/4348 7393/3842/4349 7390/3839/4346
f 7394/3843/4350 7395/3844/4349 7384/3833/4340
f 7384/3833/4340 7383/3832/4339 7394/3843/4350
f 7396/3845/4351 7394/3843/4350 7383/3832/4339
f 7383/3832/4339 7360/3816/4316 7396/3845/4351
f 7397/3846/4352 7396/3845/4351 7360/3816/4316
f 7360/3816/4316 7359/3815/4315 7397/3846/4352
f 7359/3815/4315 7398/3847/4353 7397/3846/4352
f 7391/3840/4347 7399/3848/4354 7400/3849/4355
f 7400/3849/4355 7392/3841/4348 7391/3840/4347
f 7401/3850/4356 7388/3837/4344 7402/3851/4357
f 7388/3837/4344 7389/3838/4345 7402/3851/4357
f 7402/3851/4357 7389/3838/4345 7390/3839/4346
f 7390/3839/4346 7403/3852/4358 7402/3851/4357
f 7403/3852/4358 7390/3839/4346 7393/3842/4349
f 7393/3842/4349 7404/3853/4359 7403/3852/4358
f 7395/3844/4349 7394/3843/4350 7405/3854/4360
f 7405/3854/4360 7406/3855/4359 7395/3844/4349
f 7394/3843/4350 7396/3845/4351 7407/3856/4361
f 7407/3856/4361 7405/3854/4360 7394/3843/4350
f 7396/3845/4351 7397/3846/4352 7407/3856/4361
f 7397/3846/4352 7398/3847/4353 7407/3856/4361
f 7401/3850/4356 7402/3851/4357 7408/3857/4362
f 7408/3857/4362 7402/3851/4357 7403/3852/4358
f 7403/3852/4358 7409/3858/4363 7408/3857/4362
f 7403/3852/4358 7404/3853/4359 7409/3858/4363
f 7406/3855/4359 7405/3854/4360 7410/3859/4364
f 7405/3854/4360 7407/3856/4361 7411/3860/4365
f 7411/3860/4365 7410/3859/4364 7405/3854/4360
f 7407/3856/4361 7398/3847/4353 7411/3860/4365
f 7388/3837/4344 7401/3850/4356 7377/3828/4333
f 7333/3796/4290 7412/3861/4366 7413/2319/4367
f 7413/2319/4367 7334/2318/4291 7333/3796/4290
f 7399/3848/4354 7391/3840/4347 7387/3836/4343
f 7387/3836/4343 7414/3862/4368 7399/3848/4354
f 7389/3838/4345 7387/3836/4343 7391/3840/4347
f 7391/3840/4347 7390/3839/4346 7389/3838/4345
f 7340/3799/4296 7371/3825/4327 7341/3800/4297
f 7344/3803/4300 7362/3818/4318 7371/3825/4327
f 7371/3825/4327 7340/3799/4296 7344/3803/4300
f 7344/3803/4300 7412/3861/4366 7363/3819/4319
f 7377/3828/4333 7371/3825/4327 7414/3862/4368
f 7387/3836/4343 7377/3828/4333 7414/3862/4368
f 7371/3825/4327 7362/3818/4318 7414/3862/4368
f 7345/3804/4301 7415/3863/4369 7416/2312/4370
f 7415/3863/4369 7331/3794/4288 7417/2310/4371
f 7417/2310/4371 7416/2312/4370 7415/3863/4369
f 7331/3794/4288 7330/3793/4287 7418/2314/4372
f 7418/2314/4372 7417/2310/4371 7331/3794/4288
f 7419/2324/4372 7351/3810/4307 7350/3809/4306
f 7357/3813/4313 7420/3864/4373 7421/3865/4374
f 7364/3820/4320 7357/3813/4313 7421/3865/4374
f 7422/3866/4375 7364/3820/4320 7421/3865/4374
f 7423/3867/4376 7424/3868/4377 7333/3796/4290
f 7333/3796/4290 7332/3795/4289 7423/3867/4376
f 7337/3797/4294 7421/3865/4374 7425/3869/4378
f 7425/3869/4378 7338/3798/4289 7337/3797/4294
f 7341/3800/4297 7373/3826/4329 7342/3801/4298
f 7424/3868/4377 7363/3819/4319 7412/3861/4366
f 7412/3861/4366 7333/3796/4290 7424/3868/4377
f 7416/2312/4370 7413/2319/4367 7412/3861/4366
f 7345/3804/4301 7416/2312/4370 7412/3861/4366
f 7344/3803/4300 7345/3804/4301 7412/3861/4366
f 7346/3805/4302 7426/3870/4379 7364/3820/4320
f 7364/3820/4320 7347/3806/4303 7346/3805/4302
f 7427/2310/4380 7428/3871/4381 7429/2312/4382
f 7430/2314/4383 7428/3871/4381 7427/2310/4380
f 7431/3871/4381 7432/2314/4384 7433/3872/4385
f 7434/2318/4386 7435/3873/4387 7436/2320/4388
f 7437/2320/4389 7438/3873/4390 7439/3874/4391
f 7440/2319/4392 7435/3873/4387 7434/2318/4386
f 7441/3873/4393 7442/2319/4394 7443/2312/4395
f 7443/2312/4395 7444/3871/4396 7441/3873/4393
f 7445/2316/4397 7446/2323/4398 7447/3875/4399
f 7447/3875/4399 7448/3876/4400 7445/2316/4397
f 7449/3877/4401 7445/2316/4397 7448/3876/4400
f 7450/3867/4402 7451/3878/4403 7452/3868/4404
f 7453/3878/4405 7454/3867/4406 7455/3879/4407
f 7452/3868/4404 7451/3878/4403 7456/3819/4408
f 7457/3849/4409 7458/3880/4410 7459/3881/4411
f 7460/3848/4412 7461/3880/4413 7462/3849/4409
f 7463/3862/4414 7461/3880/4413 7460/3848/4412
f 7464/3865/4415 7465/3864/4416 7466/3882/4417
f 7466/3882/4417 7467/3883/4418 7464/3865/4415
f 7468/3884/4419 7469/3818/4420 7470/3819/4421
f 7470/3819/4421 7471/3878/4422 7468/3884/4419
f 7465/3864/4416 7472/3835/4423 7473/3885/4424
f 7473/3885/4424 7466/3882/4417 7465/3864/4416
f 7474/3880/4425 7475/3862/4426 7469/3818/4420
f 7469/3818/4420 7468/3884/4419 7474/3880/4425
f 7476/3886/4427 7477/3887/4428 7478/3888/4429
f 7478/3888/4429 7479/3889/4430 7480/3890/4431
f 7476/3886/4427 7478/3888/4429 7480/3890/4431
f 7476/3886/4427 7481/3891/4432 7477/3887/4428
f 7482/3892/4433 7483/3893/4434 7484/3894/4435
f 7484/3894/4435 7485/3895/4436 7482/3892/4433
f 7486/3896/4437 7487/3897/4438 7488/3898/4439
f 7486/3896/4437 7488/3898/4439 7489/3899/4440
f 7486/3896/4437 7489/3899/4440 7490/3900/4441
f 7491/3901/4442 7487/3897/4438 7486/3896/4437
f 7492/3902/4443 7493/3903/4444 7494/3904/4445
f 7494/3904/4445 7495/3905/4446 7492/3902/4443
f 7496/3823/4447 7497/3906/4448 7498/3907/4449
f 7498/3907/4449 7499/3822/4450 7496/3823/4447
f 7500/3908/4451 7494/3904/4445 7493/3903/4444
f 7501/3909/4452 7502/3910/4453 7503/3911/4454
f 7503/3911/4454 7504/3912/4455 7501/3909/4452
f 7505/3913/4456 7506/3914/4457 7507/3817/4458
f 7507/3817/4458 7508/3814/4459 7505/3913/4456
f 7509/3915/4460 7510/3916/4461 7511/3917/4462
f 7511/3917/4462 7512/3918/4463 7509/3915/4460
f 7512/3918/4463 7511/3917/4462 7513/2732/4464
f 7513/2732/4464 7514/2731/4465 7512/3918/4463
f 7515/3919/4466 7516/3920/4467 7517/3921/4468
f 7517/3921/4468 7518/3922/4469 7515/3919/4466
f 7518/3922/4469 7517/3921/4468 7519/2734/4470
f 7519/2734/4470 7520/2733/4471 7518/3922/4469
f 7521/3923/4472 7522/3924/4473 7523/3925/4474
f 7523/3925/4474 7524/3926/4475 7521/3923/4472
f 7523/3925/4474 7525/2736/4476 7526/2735/4477
f 7526/2735/4477 7524/3926/4475 7523/3925/4474
f 7522/3924/4473 7521/3923/4472 7527/3927/4478
f 7516/3920/4467 7515/3919/4466 7528/3928/4479
f 7510/3916/4461 7509/3915/4460 7529/3929/4480
f 7530/3930/4466 7531/3931/4481 7511/3917/4462
f 7511/3917/4462 7510/3916/4461 7530/3930/4466
f 7512/3918/4463 7532/3932/4482 7533/3933/4483
f 7533/3933/4483 7509/3915/4460 7512/3918/4463
f 7511/3917/4462 7531/3931/4481 7534/2737/4484
f 7534/2737/4484 7513/2732/4464 7511/3917/4462
f 7509/3915/4460 7533/3933/4483 7535/3934/4478
f 7535/3934/4478 7529/3929/4480 7509/3915/4460
f 7530/3930/4466 7510/3916/4461 7529/3929/4480
f 7529/3929/4480 7536/3935/4479 7530/3930/4466
f 7536/3935/4479 7529/3929/4480 7537/3936/4485
f 7529/3929/4480 7535/3934/4478 7537/3936/4485
f 7538/2730/4486 7532/3932/4482 7512/3918/4463
f 7512/3918/4463 7514/2731/4465 7538/2730/4486
f 7539/3937/4487 7540/2460/4488 7541/3938/4489
f 7541/3938/4489 7542/3939/4490 7539/3937/4487
f 7541/3938/4489 7540/2460/4488 7543/2455/4491
f 7544/3940/4492 7545/3941/4493 7546/2462/4494
f 7546/2462/4494 7547/2461/4495 7544/3940/4492
f 7548/3942/4496 7549/3943/4497 7550/3944/4498
f 7550/3944/4498 7551/3945/4499 7548/3942/4496
f 7550/3944/4498 7552/2459/4500 7553/2458/4501
f 7553/2458/4501 7551/3945/4499 7550/3944/4498
f 7539/3937/4487 7554/3946/4492 7555/2463/4502
f 7555/2463/4502 7540/2460/4488 7539/3937/4487
f 7541/3938/4489 7556/3947/4503 7557/3948/4497
f 7557/3948/4497 7542/3939/4490 7541/3938/4489
f 7539/3937/4487 7558/3949/4504 7559/3950/4505
f 7559/3950/4505 7554/3946/4492 7539/3937/4487
f 7549/3943/4497 7548/3942/4496 7560/3951/4506
f 7539/3937/4487 7542/3939/4490 7558/3949/4504
f 7557/3948/4497 7561/3952/4506 7558/3949/4504
f 7558/3949/4504 7542/3939/4490 7557/3948/4497
f 7545/3941/4493 7544/3940/4492 7562/3953/4507
f 7556/3947/4503 7541/3938/4489 7543/2455/4491
f 7543/2455/4491 7563/2459/4508 7556/3947/4503
f 7564/3954/4509 7565/2495/4510 7566/3955/4511
f 7566/3955/4511 7567/3956/4512 7564/3954/4509
f 7566/3955/4511 7565/2495/4510 7568/2490/4513
f 7569/3957/4514 7570/3958/4515 7571/2497/4516
f 7571/2497/4516 7572/2496/4517 7569/3957/4514
f 7573/3959/4518 7574/3960/4519 7575/3961/4520
f 7575/3961/4520 7576/3962/4521 7573/3959/4518
f 7575/3961/4520 7577/2494/4522 7578/2493/4523
f 7578/2493/4523 7576/3962/4521 7575/3961/4520
f 7564/3954/4509 7579/3963/4524 7580/2498/4517
f 7580/2498/4517 7565/2495/4510 7564/3954/4509
f 7566/3955/4511 7581/3964/4525 7582/3965/4526
f 7582/3965/4526 7567/3956/4512 7566/3955/4511
f 7564/3954/4509 7583/3966/4527 7584/3967/4528
f 7584/3967/4528 7579/3963/4524 7564/3954/4509
f 7574/3960/4519 7573/3959/4518 7585/3968/4529
f 7564/3954/4509 7567/3956/4512 7583/3966/4527
f 7582/3965/4526 7586/3969/4530 7583/3966/4527
f 7583/3966/4527 7567/3956/4512 7582/3965/4526
f 7570/3958/4515 7569/3957/4514 7587/3970/4531
f 7581/3964/4525 7566/3955/4511 7568/2490/4513
f 7568/2490/4513 7588/2494/4532 7581/3964/4525
s 0
f 7589/3971/4533 7590/2063/4533 7591/3972/4533
s 1
f 7592/3972/4534 7593/3973/4535 7594/3974/4535
s 0
f 7595/3972/4533 7596/3974/4533 7597/3975/4533
f 7598/3971/4533 7599/3972/4533 7600/3975/4533
f 7601/3971/4536 7602/2063/4536 7603/3972/4536
f 7604/3972/4537 7605/3973/4537 7606/3974/4537
s 1
f 7607/3972/4538 7608/3974/4538 7609/3975/4538
s 0
f 7610/3971/4538 7611/3972/4538 7612/3975/4538
f 7613/3971/4539 7614/2063/4539 7615/2062/4539
f 7616/3975/4540 7617/3971/4540 7618/2062/4540
f 7619/2062/4540 7620/3973/4540 7621/3974/4540
s 1
f 7622/3975/4541 7623/2062/4541 7624/3974/4541
f 7355/2837/4311 7625/2836/4542 7356/3812/4312
f 7626/2838/4543 7627/2832/4544 7628/2831/4545
f 7626/2838/4543 7628/2831/4545 7629/3976/4546
f 7630/2839/4547 7626/2838/4543 7629/3976/4546
f 7630/2839/4547 7629/3976/4546 7631/3977/4548
f 7632/2833/4549 7630/2839/4547 7631/3977/4548
f 7631/3977/4548 7633/2743/4550 7634/2746/4551
f 7632/2833/4549 7631/3977/4548 7634/2746/4551
f 7631/3977/4548 7365/3821/4321 7633/2743/4550
f 7635/2744/4552 7633/2743/4550 7365/3821/4321
f 7365/3821/4321 7364/3820/4320 7635/2744/4552
f 7426/3870/4379 7356/3812/4312 7625/2836/4542
f 7625/2836/4542 7364/3820/4320 7426/3870/4379
f 7625/2836/4542 7636/2835/4553 7637/2745/4554
f 7637/2745/4554 7635/2744/4552 7364/3820/4320
f 7625/2836/4542 7637/2745/4554 7364/3820/4320
f 7331/3794/4288 7638/3978/4555 7639/3979/4556
f 7639/3979/4556 7329/3792/4286 7331/3794/4288
f 7350/3809/4306 7352/3811/4308 7640/3980/4557
f 7640/3980/4557 7641/3981/4558 7350/3809/4306
f 7642/3982/4559 7643/3983/4560 7644/3984/4561
f 7645/3985/4562 7646/2292/4563 7647/2290/4564
f 7647/2290/4564 7648/3986/4565 7645/3985/4562
f 7649/3987/4566 7650/3988/4567 7651/3989/4568
f 7651/3989/4568 7652/3990/4569 7649/3987/4566
f 7653/3991/4570 7654/3992/4571 7652/3990/4569
f 7652/3990/4569 7651/3989/4568 7653/3991/4570
f 7655/3993/4572 7656/3994/4573 7657/3995/4574
f 7655/3993/4572 7658/3996/4575 7656/3994/4573
f 7659/3997/4576 7660/3998/4577 7661/3999/4578
f 7662/3298/4579 7663/4000/4580 7664/3304/4581
f 7664/3304/4581 7665/3302/4582 7662/3298/4579
f 7666/4001/4583 7667/4002/4584 7668/4003/4585
f 7668/4003/4585 7669/4004/4586 7666/4001/4583
f 7670/4005/4587 7669/4004/4586 7668/4003/4585
f 7671/4006/4588 7672/4007/4589 7653/3991/4570
f 7673/4008/4590 7674/4009/4591 7675/4010/4592
f 7673/4008/4590 7666/4001/4583 7669/4004/4586
f 7669/4004/4586 7674/4009/4591 7673/4008/4590
f 7676/4011/4593 7675/4010/4592 7674/4009/4591
f 7677/2658/4594 7678/4012/4595 7650/3988/4567
f 7679/2509/4596 7680/2508/4597 7681/4013/4598
f 7681/4013/4598 7650/3988/4567 7679/2509/4596
f 7682/4014/4599 7683/2655/4600 7677/2658/4594
f 7677/2658/4594 7650/3988/4567 7682/4014/4599
f 7684/2656/4601 7683/2655/4600 7682/4014/4599
f 7682/4014/4599 7685/4015/4602 7684/2656/4601
f 7686/4016/4603 7687/4017/4604 7688/4018/4605
f 7681/4013/4598 7680/2508/4597 7689/2507/4606
f 7689/2507/4606 7687/4017/4604 7681/4013/4598
f 7690/2510/4607 7679/2509/4596 7678/4012/4595
f 7678/4012/4595 7691/4019/4608 7690/2510/4607
f 7650/3988/4567 7678/4012/4595 7679/2509/4596
f 7687/4017/4604 7686/4016/4603 7681/4013/4598
f 7686/4016/4603 7692/4020/4609 7693/4021/4610
f 7693/4021/4610 7692/4020/4609 7694/4022/4611
f 7695/4023/4612 7696/4024/4613 7697/4025/4614
f 7697/4025/4614 7698/4026/4615 7695/4023/4612
f 7699/4027/4616 7700/4028/4617 7701/4029/4618
f 7701/4029/4618 7702/4030/4619 7699/4027/4616
f 7703/4031/4620 7667/4002/4584 7702/4030/4619
f 7702/4030/4619 7701/4029/4618 7703/4031/4620
f 7704/4032/4621 7668/4003/4585 7667/4002/4584
f 7667/4002/4584 7703/4031/4620 7704/4032/4621
f 7668/4003/4585 7704/4032/4621 7705/4033/4622
f 7706/4034/4623 7707/4035/4624 7698/4026/4615
f 7698/4026/4615 7697/4025/4614 7706/4034/4623
f 7708/4036/4625 7709/4037/4626 7692/4020/4609
f 7692/4020/4609 7709/4037/4626 7694/4022/4611
f 7709/4037/4626 7710/4038/4627 7695/4023/4612
f 7695/4023/4612 7694/4022/4611 7709/4037/4626
f 7710/4038/4627 7711/4039/4628 7696/4024/4613
f 7696/4024/4613 7695/4023/4612 7710/4038/4627
f 7700/4028/4617 7712/4040/4628 7713/4041/4629
f 7713/4041/4629 7701/4029/4618 7700/4028/4617
f 7701/4029/4618 7713/4041/4629 7714/4042/4630
f 7714/4042/4630 7703/4031/4620 7701/4029/4618
f 7703/4031/4620 7714/4042/4630 7704/4032/4621
f 7704/4032/4621 7714/4042/4630 7705/4033/4622
f 7708/4036/4625 7715/4043/4631 7709/4037/4626
f 7715/4043/4631 7716/4044/4632 7710/4038/4627
f 7710/4038/4627 7709/4037/4626 7715/4043/4631
f 7710/4038/4627 7716/4044/4632 7711/4039/4628
f 7712/4040/4628 7717/4045/4633 7713/4041/4629
f 7713/4041/4629 7717/4045/4633 7718/4046/4634
f 7718/4046/4634 7714/4042/4630 7713/4041/4629
f 7714/4042/4630 7718/4046/4634 7705/4033/4622
f 7692/4020/4609 7686/4016/4603 7708/4036/4625
f 7648/3986/4565 7647/2290/4564 7719/2291/4635
f 7719/2291/4635 7720/4047/4636 7648/3986/4565
f 7693/4021/4610 7698/4026/4615 7707/4035/4624
f 7707/4035/4624 7721/4048/4637 7693/4021/4610
f 7694/4022/4611 7695/4023/4612 7698/4026/4615
f 7698/4026/4615 7693/4021/4610 7694/4022/4611
f 7651/3989/4568 7650/3988/4567 7681/4013/4598
f 7653/3991/4570 7651/3989/4568 7681/4013/4598
f 7681/4013/4598 7671/4006/4588 7653/3991/4570
f 7653/3991/4570 7672/4007/4589 7720/4047/4636
f 7686/4016/4603 7721/4048/4637 7681/4013/4598
f 7693/4021/4610 7721/4048/4637 7686/4016/4603
f 7681/4013/4598 7721/4048/4637 7671/4006/4588
f 7654/3992/4571 7722/2283/4638 7723/4049/4639
f 7723/4049/4639 7722/2283/4638 7724/2282/4640
f 7724/2282/4640 7643/3983/4560 7723/4049/4639
f 7643/3983/4560 7724/2282/4640 7725/2286/4641
f 7725/2286/4641 7644/3984/4561 7643/3983/4560
f 7726/4050/4642 7645/3985/4562 7648/3986/4565
f 7648/3986/4565 7727/4051/4643 7726/4050/4642
f 7650/3988/4567 7649/3987/4566 7682/4014/4599
f 7727/4051/4643 7648/3986/4565 7720/4047/4636
f 7720/4047/4636 7672/4007/4589 7727/4051/4643
f 7720/4047/4636 7719/2291/4635 7722/2283/4638
f 7720/4047/4636 7722/2283/4638 7654/3992/4571
f 7653/3991/4570 7720/4047/4636 7654/3992/4571
f 7728/4052/4644 7655/3993/4572 7657/3995/4574
f 7657/3995/4574 7673/4008/4590 7728/4052/4644
f 7729/2282/4645 7730/2283/4646 7731/4053/4647
f 7732/2286/4648 7729/2282/4645 7731/4053/4647
f 7733/2290/4649 7734/2292/4650 7735/4054/4651
f 7736/2291/4652 7733/2290/4649 7735/4054/4651
f 7737/2291/4653 7738/4054/4654 7739/4053/4655
f 7739/4053/4655 7740/2283/4656 7737/2291/4653
f 7741/4050/4657 7742/4051/4658 7743/4055/4659
f 7742/4051/4658 7744/4007/4660 7743/4055/4659
f 7745/4035/4661 7746/4034/4662 7747/4056/4663
f 7748/4048/4664 7745/4035/4661 7747/4056/4663
f 7749/4057/4665 7750/4055/4666 7751/4007/4667
f 7751/4007/4667 7752/4006/4668 7749/4057/4665
f 7753/4056/4669 7749/4057/4665 7752/4006/4668
f 7752/4006/4668 7754/4048/4670 7753/4056/4669
f 7755/3890/4671 7756/3889/4672 7757/3888/4673
f 7758/3886/4674 7755/3890/4671 7757/3888/4673
f 7758/3886/4674 7757/3888/4673 7759/3887/4675
f 7758/3886/4674 7759/3887/4675 7760/3891/4676
f 7761/3892/4677 7762/3895/4678 7763/3894/4679
f 7763/3894/4679 7764/3893/4680 7761/3892/4677
f 7765/3896/4681 7766/3900/4682 7767/3899/4683
f 7765/3896/4681 7767/3899/4683 7768/3898/4684
f 7765/3896/4681 7768/3898/4684 7769/3897/4685
f 7770/3901/4686 7765/3896/4681 7769/3897/4685
f 7771/3902/4687 7772/3905/4688 7773/3904/4689
f 7773/3904/4689 7774/3903/4690 7771/3902/4687
f 7775/4011/4691 7776/4009/4692 7777/4058/4693
f 7777/4058/4693 7778/4059/4694 7775/4011/4691
f 7779/3908/4695 7774/3903/4690 7773/3904/4689
f 7780/3909/4696 7781/3912/2794 7782/3911/4697
f 7782/3911/4697 7783/3910/4698 7780/3909/4696
f 7784/4060/4699 7785/4004/4700 7786/4005/4701
f 7786/4005/4701 7787/4061/4702 7784/4060/4699
f 7664/3304/4581 7663/4000/4580 7788/3305/4703
f 7789/2710/4704 7790/2709/4705 7791/4062/4706
f 7792/3303/4707 7789/2710/4704 7791/4062/4706
f 7793/3300/4708 7794/3299/4709 7795/3308/4710
f 7796/4063/4711 7793/3300/4708 7795/3308/4710
f 7796/4063/4711 7795/3308/4710 7797/3307/4712
f 7791/4062/4706 7796/4063/4711 7797/3307/4712
f 7792/3303/4707 7791/4062/4706 7797/3307/4712
f 7791/4062/4706 7790/2709/4705 7675/4010/4592
f 7798/2708/4713 7673/4008/4590 7675/4010/4592
f 7675/4010/4592 7790/2709/4705 7798/2708/4713
f 7728/4052/4644 7788/3305/4703 7663/4000/4580
f 7788/3305/4703 7728/4052/4644 7673/4008/4590
f 7673/4008/4590 7798/2708/4713 7799/2707/4714
f 7788/3305/4703 7673/4008/4590 7799/2707/4714
f 7788/3305/4703 7799/2707/4714 7800/3306/4715
f 7643/3983/4560 7642/3982/4559 7801/4064/4716
f 7801/4064/4716 7802/4065/4717 7643/3983/4560
f 7659/3997/4576 7803/4066/4718 7804/4067/4719
f 7804/4067/4719 7660/3998/4577 7659/3997/4576
f 7805/4068/4720 7806/4069/4721 7807/4070/4722
f 7807/4070/4722 7808/4071/4723 7805/4068/4720
f 7806/4069/4721 7809/2669/4724 7810/2671/4725
f 7810/2671/4725 7807/4070/4722 7806/4069/4721
f 7811/4072/4726 7812/4073/4727 7813/4074/4728
f 7813/4074/4728 7814/4075/4729 7811/4072/4726
f 7812/4073/4727 7815/2673/4730 7816/2672/4731
f 7816/2672/4731 7813/4074/4728 7812/4073/4727
f 7817/4076/4732 7818/4077/4733 7819/4078/4734
f 7819/4078/4734 7820/4079/4735 7817/4076/4732
f 7819/4078/4734 7818/4077/4733 7821/2675/4736
f 7821/2675/4736 7822/2674/4737 7819/4078/4734
f 7820/4079/4735 7823/4080/4738 7817/4076/4732
f 7814/4075/4729 7824/4081/4739 7811/4072/4726
f 7808/4071/4723 7825/4082/4740 7805/4068/4720
f 7826/4083/4726 7808/4071/4723 7807/4070/4722
f 7807/4070/4722 7827/4084/4741 7826/4083/4726
f 7806/4069/4721 7805/4068/4720 7828/4085/4742
f 7828/4085/4742 7829/4086/4743 7806/4069/4721
f 7807/4070/4722 7810/2671/4725 7830/2676/4744
f 7830/2676/4744 7827/4084/4741 7807/4070/4722
f 7805/4068/4720 7825/4082/4740 7831/4087/4738
f 7831/4087/4738 7828/4085/4742 7805/4068/4720
f 7826/4083/4726 7832/4088/4739 7825/4082/4740
f 7825/4082/4740 7808/4071/4723 7826/4083/4726
f 7832/4088/4739 7833/4089/4745 7825/4082/4740
f 7825/4082/4740 7833/4089/4745 7831/4087/4738
f 7834/2670/4746 7809/2669/4724 7806/4069/4721
f 7806/4069/4721 7829/4086/4743 7834/2670/4746
f 7835/4090/4747 7836/4091/4748 7837/4092/4749
f 7837/4092/4749 7838/2619/4750 7835/4090/4747
f 7837/4092/4749 7839/2614/4751 7838/2619/4750
f 7840/4093/4752 7841/2621/4753 7842/2620/4754
f 7842/2620/4754 7843/4094/4755 7840/4093/4752
f 7844/4095/4756 7845/4096/4757 7846/4097/4758
f 7846/4097/4758 7847/4098/4759 7844/4095/4756
f 7846/4097/4758 7845/4096/4757 7848/4099/4760
f 7848/4099/4760 7849/2618/4761 7846/4097/4758
f 7835/4090/4747 7838/2619/4750 7850/2622/4762
f 7850/2622/4762 7851/4100/4752 7835/4090/4747
f 7837/4092/4749 7836/4091/4748 7852/4101/4759
f 7852/4101/4759 7853/4102/4763 7837/4092/4749
f 7835/4090/4747 7851/4100/4752 7854/4103/4764
f 7854/4103/4764 7855/4104/4765 7835/4090/4747
f 7847/4098/4759 7856/4105/4766 7844/4095/4756
f 7835/4090/4747 7855/4104/4765 7836/4091/4748
f 7852/4101/4759 7836/4091/4748 7855/4104/4765
f 7855/4104/4765 7857/4106/4766 7852/4101/4759
f 7843/4094/4755 7858/4107/4767 7840/4093/4752
f 7853/4102/4763 7859/2618/4768 7839/2614/4751
f 7839/2614/4751 7837/4092/4749 7853/4102/4763
f 7860/4108/4769 7861/4109/4770 7862/4110/4771
f 7862/4110/4771 7863/2629/4772 7860/4108/4769
f 7862/4110/4771 7864/2624/4773 7863/2629/4772
f 7865/4111/4774 7866/2631/4775 7867/2630/4776
f 7867/2630/4776 7868/4112/4777 7865/4111/4774
f 7869/4113/4778 7870/4114/4779 7871/4115/4780
f 7871/4115/4780 7872/4116/4781 7869/4113/4778
f 7871/4115/4780 7870/4114/4779 7873/2627/4782
f 7873/2627/4782 7874/2628/4783 7871/4115/4780
f 7860/4108/4769 7863/2629/4772 7875/2632/4775
f 7875/2632/4775 7876/4117/4784 7860/4108/4769
f 7862/4110/4771 7861/4109/4770 7877/4118/4785
f 7877/4118/4785 7878/4119/4786 7862/4110/4771
f 7860/4108/4769 7876/4117/4784 7879/4120/4787
f 7879/4120/4787 7880/4121/4788 7860/4108/4769
f 7872/4116/4781 7881/4122/4789 7869/4113/4778
f 7860/4108/4769 7880/4121/4788 7861/4109/4770
f 7877/4118/4785 7861/4109/4770 7880/4121/4788
f 7880/4121/4788 7882/4123/4789 7877/4118/4785
f 7868/4112/4777 7883/4124/4790 7865/4111/4774
f 7878/4119/4786 7884/2628/4791 7864/2624/4773
f 7864/2624/4773 7862/4110/4771 7878/4119/4786
f 7885/3974/4792 7886/3973/4792 7887/3972/4792
s 0
f 7888/3975/4793 7889/3974/4793 7890/3972/4793
s 1
f 7891/3971/4794 7892/3975/4794 7893/3972/4794
f 7894/3971/4793 7895/3972/4793 7896/2063/4793
f 7897/3974/4795 7898/3973/4796 7899/3972/4796
f 7900/3975/4797 7901/3974/4797 7902/3972/4797
s 0
f 7903/3971/4797 7904/3975/4797 7905/3972/4797
f 7906/3971/4798 7907/3972/4798 7908/2063/4798
f 7909/3974/4799 7910/3973/4799 7911/2062/4799
f 7912/3975/4800 7913/3974/4800 7914/2062/4800
s 1
f 7915/2062/4801 7916/2063/4801 7917/3971/4801
s 0
f 7918/3975/4799 7919/2062/4799 7920/3971/4799
s 1
f 7350/3809/4306 7641/3981/4558 7921/4125/4802
f 7921/4125/4802 7922/4126/4803 7350/3809/4306
f 7659/3997/4576 7923/4127/4804 7924/4128/4805
f 7924/4128/4805 7803/4066/4718 7659/3997/4576
f 7419/2324/4372 7350/3809/4306 7922/4126/4803
f 7922/4126/4803 7925/2317/4806 7419/2324/4372
f 7659/3997/4576 7661/3999/4578 7926/2296/4641
f 7347/3806/4303 7364/3820/4320 7422/3866/4375
f 7422/3866/4375 7421/3865/4374 7347/3806/4303
f 7360/3816/4316 7386/3835/4342 7420/3864/4373
f 7420/3864/4373 7357/3813/4313 7360/3816/4316
f 7702/4030/4619 7927/4129/4807 7928/4130/4808
f 7928/4130/4808 7699/4027/4616 7702/4030/4619
f 7667/4002/4584 7927/4129/4807 7702/4030/4619
f 7929/4131/4809 7930/4132/4810 7666/4001/4583
f 7929/4131/4809 7666/4001/4583 7673/4008/4590
f 7931/4133/4811 7929/4131/4809 7673/4008/4590
f 7743/4055/4659 7932/4134/4812 7741/4050/4657
f 7933/4034/4662 7934/4135/4813 7935/4056/4814
f 7936/4131/4815 7937/4136/4816 7938/4137/4817
f 7938/4137/4817 7939/4132/4818 7936/4131/4815
f 7939/4132/4818 7938/4137/4817 7940/4138/4819
f 7940/4138/4819 7941/4129/4820 7939/4132/4818
f 7657/3995/4574 7929/4131/4809 7931/4133/4811
f 7931/4133/4811 7673/4008/4590 7657/3995/4574
f 7667/4002/4584 7666/4001/4583 7930/4132/4810
f 7930/4132/4810 7927/4129/4807 7667/4002/4584
f 7349/3808/4305 7348/3807/4304 7942/3877/4821
f 7942/3877/4821 7348/3807/4304 7943/2316/4822
f 7336/2323/4293 7347/3806/4303 7337/3797/4294
f 7337/3797/4294 7347/3806/4303 7421/3865/4374
f 7942/3877/4821 7925/2317/4806 7922/4126/4803
f 7922/4126/4803 7349/3808/4305 7942/3877/4821
f 7348/3807/4304 7347/3806/4303 7336/2323/4293
f 7336/2323/4293 7943/2316/4822 7348/3807/4304
s 0
f 7944/3872/4823 7945/4139/4823 7946/3871/4823
s 1
f 7947/2294/4824 7948/2293/4825 7949/4140/4562
f 7949/4140/4562 7950/4141/4826 7947/2294/4824
f 7950/4141/4826 7949/4140/4562 7951/4142/4827
f 7951/4142/4827 7929/4131/4809 7950/4141/4826
f 7952/4053/4647 7953/4143/4828 7954/2286/4829
f 7955/2292/4830 7956/4144/4831 7957/4054/4832
f 7958/2289/4833 7959/4145/4834 7960/4146/4835
f 7960/4146/4835 7961/2294/4836 7958/2289/4833
f 7962/4147/4837 7959/4145/4834 7958/2289/4833
f 7926/2296/4641 7963/2288/4838 7923/4127/4804
f 7923/4127/4804 7659/3997/4576 7926/2296/4641
f 7658/3996/4575 7964/4147/4839 7656/3994/4573
f 7964/4147/4839 7965/2289/4840 7656/3994/4573
f 7947/2294/4824 7950/4141/4826 7657/3995/4574
f 7950/4141/4826 7929/4131/4809 7657/3995/4574
f 7964/4147/4839 7658/3996/4575 7923/4127/4804
f 7923/4127/4804 7963/2288/4838 7964/4147/4839
f 7656/3994/4573 7965/2289/4840 7947/2294/4824
f 7947/2294/4824 7657/3995/4574 7656/3994/4573
s 0
f 7966/4143/4841 7967/4053/4841 7968/4148/4841
s 1
f 7969/4149/4842 7970/4150/4843 7971/4051/4844
f 7971/4051/4844 7972/4151/4845 7969/4149/4842
f 7972/4151/4845 7971/4051/4844 7973/4007/4846
f 7973/4007/4846 7974/4006/4847 7972/4151/4845
f 7974/4006/4847 7975/4048/4848 7976/4035/4849
f 7976/4035/4849 7972/4151/4845 7974/4006/4847
f 7972/4151/4845 7976/4035/4849 7977/4034/4850
f 7977/4034/4850 7969/4149/4842 7972/4151/4845
f 7978/4130/4851 7979/4129/4852 7980/4152/4853
f 7980/4152/4853 7981/4153/4842 7978/4130/4851
f 7981/4153/4842 7980/4152/4853 7982/4131/4854
f 7982/4131/4854 7983/4142/4855 7981/4153/4842
f 7984/4154/4856 7985/4142/4857 7986/4155/4858
f 7987/4142/4857 7988/4131/4859 7989/4155/4858
f 7990/4131/4860 7984/4154/4856 7986/4155/4858
f 7991/4156/4861 7992/4129/4862 7993/4157/4863
f 7994/4130/4864 7991/4156/4861 7993/4157/4863
f 7995/4129/4865 7996/4130/4864 7997/4157/4863
f 7998/4158/4866 7999/4159/4867 8000/4160/4868
f 8000/4160/4868 8001/4161/4869 7998/4158/4866
f 8001/4161/4869 8000/4160/4868 8002/4162/4870
f 8002/4162/4870 8003/4163/4871 8001/4161/4869
f 8004/4164/4872 8002/4162/4870 8000/4160/4868
f 8000/4160/4868 8005/4165/4873 8004/4164/4872
f 8000/4160/4868 7999/4159/4867 8006/4166/4874
f 8006/4166/4874 8005/4165/4873 8000/4160/4868
f 8007/4167/4875 8008/4168/4876 8009/3868/4877
f 8009/3868/4877 8010/3867/4878 8007/4167/4875
f 8008/4168/4876 8011/3818/4879 8012/3819/4880
f 8012/3819/4880 8009/3868/4877 8008/4168/4876
f 8011/3818/4879 8008/4168/4876 8013/3848/4881
f 8013/3848/4881 8014/3862/4882 8011/3818/4879
f 8008/4168/4876 8007/4167/4875 8015/3849/4883
f 8015/3849/4883 8013/3848/4881 8008/4168/4876
f 8016/3834/4884 8017/4169/4885 8018/3864/4886
f 8018/3864/4886 8019/3835/4887 8016/3834/4884
f 8017/4169/4885 8020/3869/4888 8021/3865/4889
f 8021/3865/4889 8018/3864/4886 8017/4169/4885
f 8022/4170/4890 8023/4171/4891 8024/3869/4892
f 8025/3869/4893 8026/4171/4891 8027/3865/4894
f 8028/3865/4895 8023/4171/4891 8022/4170/4890
f 8029/4172/4896 8030/4173/4897 8031/3835/4898
f 8032/3834/4899 8030/4173/4897 8029/4172/4896
f 8033/3835/4900 8034/4173/4897 8035/3834/4899
f 8036/4158/4901 8037/4161/4902 8038/4160/4903
f 8038/4160/4903 8039/4159/4904 8036/4158/4901
f 8037/4161/4902 8040/4163/4905 8041/4162/4906
f 8041/4162/4906 8038/4160/4903 8037/4161/4902
f 8042/4164/4907 8043/4165/4908 8038/4160/4903
f 8038/4160/4903 8041/4162/4906 8042/4164/4907
f 8038/4160/4903 8043/4165/4908 8044/4166/4909
f 8044/4166/4909 8039/4159/4904 8038/4160/4903
f 8045/3824/4910 8046/4174/4911 8047/4175/4912
f 8047/4175/4912 8048/2721/4913 8045/3824/4910
f 8049/3821/4914 8050/4176/4915 8051/4177/4916
f 8051/4177/4916 8052/3823/4323 8049/3821/4914
s 0
f 8053/3823/4917 8054/3823/4917 8055/4177/4917
f 8056/4176/4918 8057/3821/4918 8058/3821/4918
s 1
f 8059/3823/4919 8060/3821/4920 8061/3821/4921
f 8061/3821/4921 8062/3823/4922 8059/3823/4919
f 8063/4012/4923 8064/2658/4924 8065/4178/4925
f 8065/4178/4925 8066/4179/4926 8063/4012/4923
f 8067/4010/4927 8068/4011/4593 8069/4180/4928
f 8069/4180/4928 8070/4181/4929 8067/4010/4927
s 0
f 8071/4011/4930 8072/4180/4930 8073/4011/4930
f 8074/4181/4931 8075/4010/4931 8076/4010/4931
s 1
f 8077/4010/4932 8078/4011/4933 8079/4011/4934
f 8079/4011/4934 8080/4010/4935 8077/4010/4932
s 0
usemtl material04
f 7187/3733/4197 7188/3734/4197 7189/3735/4197
f 7190/3735/4197 7191/3736/4197 7192/3733/4197
f 7193/3733/4197 7194/3734/4197 7195/3735/4197
f 7196/3735/4197 7197/3736/4197 7198/3733/4197
s 1
f 7299/3788/4276 7300/3789/4276 7301/3790/4277
f 7301/3790/4277 7302/3791/4277 7299/3788/4276
f 7303/3733/4278 7304/3734/4278 7300/3789/4276
f 7300/3789/4276 7299/3788/4276 7303/3733/4278
f 7305/3788/4276 7306/3789/4276 7307/3790/4279
f 7307/3790/4279 7308/3791/4279 7305/3788/4276
f 7309/3733/4280 7310/3734/4280 7306/3789/4276
f 7306/3789/4276 7305/3788/4276 7309/3733/4280
f 7311/3788/4281 7312/3791/4282 7313/3790/4282
f 7313/3790/4282 7314/3789/4281 7311/3788/4281
f 7315/3733/4283 7311/3788/4281 7314/3789/4281
f 7314/3789/4281 7316/3734/4283 7315/3733/4283
f 7317/3788/4281 7318/3791/4284 7319/3790/4284
f 7319/3790/4284 7320/3789/4281 7317/3788/4281
f 7321/3733/4285 7317/3788/4281 7320/3789/4281
f 7320/3789/4281 7322/3734/4285 7321/3733/4285
s 0
f 7323/3733/4011 7324/3734/4011 7325/3735/4011
f 7326/3735/4011 7327/3736/4011 7328/3733/4011
usemtl material02
f 8081/1541/72 8082/1541/72 8083/1541/72
f 8082/1541/72 8081/1541/72 8084/1541/72
f 8085/1541/72 8086/1541/72 8083/1541/72
f 8083/1541/72 8082/1541/72 8085/1541/72
s 1
f 8087/1541/72 8088/1541/72 8089/1541/72
s 0
f 8090/1541/202 8091/1541/202 8092/1541/202
f 8093/1541/202 8094/1541/202 8095/1541/202
f 8096/1541/202 8097/1541/202 8098/1541/202
f 8090/1541/202 8099/1541/202 8100/1541/202
s 1
f 8101/1541/202 8102/1541/202 8103/1541/202
s 0
f 8104/1541/4936 8105/1541/4936 8106/1541/4936
f 8107/1541/4936 8108/1541/4936 8105/1541/4936
f 8105/1541/4936 8104/1541/4936 8107/1541/4936
f 8109/1541/1123 8110/1541/1123 8111/1541/1123
f 8111/1541/1123 8112/1541/1123 8109/1541/1123
f 8111/1541/1123 8110/1541/1123 8113/1541/1123
s 1
f 8114/1541/4937 8115/1541/4937 8116/1541/4937
f 8116/1541/4937 8117/1541/4937 8114/1541/4937
f 8118/1541/4938 8119/1541/4939 8120/1541/4940
f 8121/1541/4941 8118/1541/4938 8120/1541/4940
f 8122/1541/4942 8121/1541/4941 8120/1541/4940
f 8123/1541/4943 8121/1541/4941 8122/1541/4942
f 8122/1541/4942 8124/1541/4944 8123/1541/4943
f 8119/1541/4939 8125/1541/4945 8126/1541/4946
f 8126/1541/4946 8120/1541/4940 8119/1541/4939
f 8126/1541/4946 8125/1541/4945 8127/1541/4947
f 8127/1541/4947 8128/1541/4948 8126/1541/4946
f 8125/1541/4945 8129/1541/4949 8130/1541/4950
f 8130/1541/4950 8127/1541/4947 8125/1541/4945
f 8127/1541/4947 8131/1541/4951 8128/1541/4948
f 8127/1541/4947 8132/1541/4952 8133/1541/4953
f 8133/1541/4953 8131/1541/4951 8127/1541/4947
f 8128/1541/4948 8131/1541/4951 8134/1541/4954
f 8134/1541/4954 8135/1541/4955 8128/1541/4948
f 8136/1541/4956 8137/1541/4957 8118/1541/4938
f 8118/1541/4938 8121/1541/4941 8136/1541/4956
f 8137/1541/4957 8138/1541/4958 8118/1541/4938
f 8138/1541/4958 8139/1541/4959 8119/1541/4939
f 8119/1541/4939 8118/1541/4938 8138/1541/4958
f 8139/1541/4959 8140/1541/4960 8125/1541/4945
f 8125/1541/4945 8119/1541/4939 8139/1541/4959
f 8140/1541/4960 8141/1541/4961 8129/1541/4949
f 8129/1541/4949 8125/1541/4945 8140/1541/4960
f 8141/1541/4961 8142/1541/4962 8130/1541/4950
f 8130/1541/4950 8129/1541/4949 8141/1541/4961
f 8142/1541/4962 8143/1541/4963 8127/1541/4947
f 8127/1541/4947 8130/1541/4950 8142/1541/4962
f 8144/1541/4964 8145/1541/1123 8126/1541/4946
f 8126/1541/4946 8128/1541/4948 8144/1541/4964
f 8145/1541/1123 8146/1541/4965 8120/1541/4940
f 8120/1541/4940 8126/1541/4946 8145/1541/1123
f 8146/1541/4965 8147/1541/4966 8148/1541/4967
f 8148/1541/4967 8120/1541/4940 8146/1541/4965
f 8147/1541/4966 8149/1541/4968 8122/1541/4942
f 8122/1541/4942 8148/1541/4967 8147/1541/4966
f 8149/1541/4968 8150/1541/4969 8122/1541/4942
f 8150/1541/4969 8151/1541/4970 8124/1541/4944
f 8124/1541/4944 8122/1541/4942 8150/1541/4969
f 8151/1541/4970 8152/1541/4971 8124/1541/4944
f 8152/1541/4971 8153/1541/4972 8123/1541/4943
f 8123/1541/4943 8124/1541/4944 8152/1541/4971
f 8153/1541/4972 8154/1541/4973 8123/1541/4943
f 8154/1541/4973 8155/1541/4974 8121/1541/4941
f 8121/1541/4941 8123/1541/4943 8154/1541/4973
f 8155/1541/4974 8136/1541/4956 8121/1541/4941
f 8156/1541/4975 8157/1541/4976 8133/1541/4953
f 8133/1541/4953 8132/1541/4952 8156/1541/4975
f 8157/1541/4976 8158/1541/4977 8131/1541/4951
f 8131/1541/4951 8133/1541/4953 8157/1541/4976
f 8158/1541/4977 8159/1541/4978 8134/1541/4954
f 8134/1541/4954 8131/1541/4951 8158/1541/4977
f 8159/1541/4978 8160/1541/4979 8135/1541/4955
f 8135/1541/4955 8134/1541/4954 8159/1541/4978
f 8160/1541/4979 8144/1541/4964 8128/1541/4948
f 8128/1541/4948 8135/1541/4955 8160/1541/4979
f 8143/1541/4963 8156/1541/4975 8132/1541/4952
f 8132/1541/4952 8127/1541/4947 8143/1541/4963
f 8120/1541/4940 8148/1541/4967 8122/1541/4942
f 8161/1541/4980 8162/1541/4981 8163/1541/4982
f 8161/1541/4980 8163/1541/4982 8164/1541/4983
f 8165/1541/4984 8161/1541/4980 8164/1541/4983
f 8166/1541/4985 8167/1541/4986 8165/1541/4984
f 8165/1541/4984 8164/1541/4983 8166/1541/4985
f 8162/1541/4981 8161/1541/4980 8168/1541/4987
f 8168/1541/4987 8169/1541/4988 8162/1541/4981
f 8168/1541/4987 8170/1541/4989 8171/1541/4990
f 8171/1541/4990 8169/1541/4988 8168/1541/4987
f 8169/1541/4988 8171/1541/4990 8172/1541/4991
f 8172/1541/4991 8173/1541/4992 8169/1541/4988
f 8171/1541/4990 8170/1541/4989 8174/1541/4993
f 8171/1541/4990 8174/1541/4993 8175/1541/4994
f 8175/1541/4994 8176/1541/4995 8171/1541/4990
f 8170/1541/4989 8177/1541/4996 8178/1541/4997
f 8178/1541/4997 8174/1541/4993 8170/1541/4989
f 8179/1541/4998 8164/1541/4983 8163/1541/4982
f 8163/1541/4982 8180/1541/4999 8179/1541/4998
f 8180/1541/4999 8163/1541/4982 8181/1541/5000
f 8181/1541/5000 8163/1541/4982 8162/1541/4981
f 8162/1541/4981 8182/1541/5001 8181/1541/5000
f 8182/1541/5001 8162/1541/4981 8169/1541/4988
f 8169/1541/4988 8183/1541/5002 8182/1541/5001
f 8183/1541/5002 8169/1541/4988 8173/1541/4992
f 8173/1541/4992 8184/1541/5003 8183/1541/5002
f 8184/1541/5003 8173/1541/4992 8172/1541/4991
f 8172/1541/4991 8185/1541/5004 8184/1541/5003
f 8185/1541/5004 8172/1541/4991 8171/1541/4990
f 8171/1541/4990 8186/1541/5005 8185/1541/5004
f 8187/1541/5006 8170/1541/4989 8168/1541/4987
f 8168/1541/4987 8188/1541/1123 8187/1541/5006
f 8188/1541/1123 8168/1541/4987 8161/1541/4980
f 8161/1541/4980 8189/1541/5007 8188/1541/1123
f 8189/1541/5007 8161/1541/4980 8190/1541/5008
f 8190/1541/5008 8191/1541/5009 8189/1541/5007
f 8191/1541/5009 8190/1541/5008 8165/1541/4984
f 8165/1541/4984 8192/1541/5010 8191/1541/5009
f 8192/1541/5010 8165/1541/4984 8193/1541/5011
f 8193/1541/5011 8165/1541/4984 8167/1541/4986
f 8167/1541/4986 8194/1541/5012 8193/1541/5011
f 8194/1541/5012 8167/1541/4986 8195/1541/5013
f 8195/1541/5013 8167/1541/4986 8166/1541/4985
f 8166/1541/4985 8196/1541/5014 8195/1541/5013
f 8196/1541/5014 8166/1541/4985 8197/1541/5015
f 8197/1541/5015 8166/1541/4985 8164/1541/4983
f 8164/1541/4983 8198/1541/5016 8197/1541/5015
f 8198/1541/5016 8164/1541/4983 8179/1541/4998
f 8199/1541/5017 8176/1541/4995 8175/1541/4994
f 8175/1541/4994 8200/1541/5018 8199/1541/5017
f 8200/1541/5018 8175/1541/4994 8174/1541/4993
f 8174/1541/4993 8201/1541/5019 8200/1541/5018
f 8201/1541/5019 8174/1541/4993 8178/1541/4997
f 8178/1541/4997 8202/1541/5020 8201/1541/5019
f 8202/1541/5020 8178/1541/4997 8177/1541/4996
f 8177/1541/4996 8203/1541/5021 8202/1541/5020
f 8203/1541/5021 8177/1541/4996 8170/1541/4989
f 8170/1541/4989 8187/1541/5006 8203/1541/5021
f 8186/1541/5005 8171/1541/4990 8176/1541/4995
f 8176/1541/4995 8199/1541/5017 8186/1541/5005
f 8161/1541/4980 8165/1541/4984 8190/1541/5008
f 8204/4182/5022 8205/4183/5023 8206/4184/5024
f 8206/4184/5024 8207/4185/5025 8204/4182/5022
f 8207/4185/5025 8206/4184/5024 8208/4186/5026
f 8208/4186/5026 8209/4187/5027 8207/4185/5025
f 8210/4188/5028 8211/4189/5029 8212/4190/5030
f 8212/4190/5030 8213/4191/5031 8210/4188/5028
f 8214/4192/5032 8215/4193/5033 8205/4183/5023
f 8205/4183/5023 8204/4182/5022 8214/4192/5032
f 8216/4194/5034 8217/4195/5035 8218/4196/5036
f 8218/4196/5036 8219/4197/5037 8216/4194/5034
f 8209/4187/5027 8208/4186/5026 8220/4198/5038
f 8220/4198/5038 8221/4199/5031 8209/4187/5027
f 8221/4199/5031 8220/4198/5038 8222/4200/5039
f 8222/4200/5039 8223/4201/5028 8221/4199/5031
f 8224/4201/5028 8225/4200/5040 8226/4198/5041
f 8226/4198/5041 8227/4199/5042 8224/4201/5028
f 8227/4199/5042 8226/4198/5041 8228/4186/5043
f 8228/4186/5043 8229/4187/5044 8227/4199/5042
f 8229/4187/5044 8228/4186/5043 8230/4184/5045
f 8230/4184/5045 8231/4185/5046 8229/4187/5044
f 8231/4185/5046 8230/4184/5045 8232/4183/5047
f 8232/4183/5047 8233/4182/5048 8231/4185/5046
f 8233/4182/5048 8232/4183/5047 8234/4193/5049
f 8234/4193/5049 8235/4192/5050 8233/4182/5048
f 8235/4192/5050 8234/4193/5049 8236/4202/5051
f 8236/4202/5051 8237/4203/5052 8235/4192/5050
f 8238/4203/5052 8239/4202/5053 8215/4193/5033
f 8215/4193/5033 8214/4192/5032 8238/4203/5052
f 8240/4204/5054 8241/4205/5055 8242/4206/5056
f 8242/4206/5056 8243/4207/5057 8244/4208/5058
f 8244/4208/5058 8245/4209/5059 8246/4210/5060
f 8242/4206/5056 8244/4208/5058 8246/4210/5060
f 8246/4210/5060 8247/4211/5061 8248/4212/5062
f 8248/4212/5062 8249/4213/5063 8212/4190/5030
f 8246/4210/5060 8248/4212/5062 8212/4190/5030
f 8242/4206/5056 8246/4210/5060 8212/4190/5030
f 8240/4204/5054 8242/4206/5056 8212/4190/5030
f 8211/4189/5029 8240/4204/5054 8212/4190/5030
f 8250/4214/3212 8251/4215/5064 8252/4216/5065
f 8252/4216/5065 8253/4217/5066 8254/4218/5067
f 8254/4218/5067 8255/4219/5068 8252/4216/5065
f 8252/4216/5065 8251/4215/5064 8256/4220/5069
f 8256/4220/5069 8253/4217/5066 8252/4216/5065
f 8251/4215/5064 8257/4221/5070 8258/4222/5071
f 8258/4222/5071 8256/4220/5069 8251/4215/5064
f 8259/4223/5072 8260/4224/5073 8258/4222/5071
f 8258/4222/5071 8257/4221/5070 8259/4223/5072
f 8259/4223/5072 8261/4225/5074 8262/4226/5075
f 8262/4226/5075 8260/4224/5073 8259/4223/5072
f 8263/4227/5076 8264/4228/5077 8262/4226/5075
f 8262/4226/5075 8261/4225/5074 8263/4227/5076
f 8263/4227/5076 8265/4229/5078 8266/4230/5079
f 8266/4230/5079 8264/4228/5077 8263/4227/5076
f 8267/4231/5080 8268/4232/5081 8266/4230/5079
f 8266/4230/5079 8265/4229/5078 8267/4231/5080
f 8218/4196/5036 8217/4195/5035 8268/4232/5081
f 8268/4232/5081 8267/4231/5080 8218/4196/5036
f 8269/4233/5082 8270/4234/5083 8216/4194/5034
f 8216/4194/5034 8219/4197/5037 8269/4233/5082
f 8255/4219/5068 8254/4218/5067 8270/4234/5083
f 8270/4234/5083 8269/4233/5082 8255/4219/5068
f 8244/4208/5058 8271/4235/5050 8272/4236/5052
f 8272/4236/5052 8245/4209/5059 8244/4208/5058
f 8244/4208/5058 8243/4207/5057 8273/4237/5084
f 8273/4237/5084 8271/4235/5050 8244/4208/5058
f 8242/4206/5056 8274/4238/5085 8273/4237/5084
f 8273/4237/5084 8243/4207/5057 8242/4206/5056
f 8242/4206/5056 8241/4205/5055 8275/4239/5086
f 8275/4239/5086 8274/4238/5085 8242/4206/5056
f 8240/4204/5054 8276/4240/5042 8275/4239/5086
f 8275/4239/5086 8241/4205/5055 8240/4204/5054
f 8211/4189/5029 8210/4188/5028 8276/4240/5042
f 8276/4240/5042 8240/4204/5054 8211/4189/5029
f 8212/4190/5030 8249/4213/5063 8277/4241/5087
f 8277/4241/5087 8213/4191/5031 8212/4190/5030
f 8248/4212/5062 8278/4242/5025 8277/4241/5087
f 8277/4241/5087 8249/4213/5063 8248/4212/5062
f 8248/4212/5062 8247/4211/5061 8279/4243/5022
f 8279/4243/5022 8278/4242/5025 8248/4212/5062
f 8246/4210/5060 8280/4244/5088 8279/4243/5022
f 8279/4243/5022 8247/4211/5061 8246/4210/5060
f 8245/4209/5059 8272/4236/5052 8280/4244/5088
f 8280/4244/5088 8246/4210/5060 8245/4209/5059
f 8259/4223/5072 8257/4221/5070 8250/4214/3212
f 8269/4233/5082 8219/4197/5037 8250/4214/3212
f 8250/4214/3212 8218/4196/5036 8267/4231/5080
f 8265/4229/5078 8263/4227/5076 8250/4214/3212
f 8250/4214/3212 8257/4221/5070 8251/4215/5064
f 8252/4216/5065 8255/4219/5068 8250/4214/3212
f 8250/4214/3212 8267/4231/5080 8265/4229/5078
f 8219/4197/5037 8218/4196/5036 8250/4214/3212
f 8250/4214/3212 8263/4227/5076 8261/4225/5074
f 8261/4225/5074 8259/4223/5072 8250/4214/3212
f 8250/4214/3212 8255/4219/5068 8269/4233/5082
f 8281/4245/5075 8282/4246/5077 8206/4184/5024
f 8206/4184/5024 8205/4183/5023 8281/4245/5075
f 8282/4246/5077 8283/4247/5089 8208/4186/5026
f 8208/4186/5026 8206/4184/5024 8282/4246/5077
f 8284/4248/5090 8281/4245/5075 8205/4183/5023
f 8205/4183/5023 8215/4193/5033 8284/4248/5090
f 8283/4247/5089 8285/4249/5081 8220/4198/5038
f 8220/4198/5038 8208/4186/5026 8283/4247/5089
f 8285/4249/5081 8286/4250/5035 8222/4200/5039
f 8222/4200/5039 8220/4198/5038 8285/4249/5081
f 8287/4250/5035 8288/4249/5034 8226/4198/5041
f 8226/4198/5041 8225/4200/5040 8287/4250/5035
f 8288/4249/5034 8289/4247/5091 8228/4186/5043
f 8228/4186/5043 8226/4198/5041 8288/4249/5034
f 8289/4247/5091 8290/4246/5067 8230/4184/5045
f 8230/4184/5045 8228/4186/5043 8289/4247/5091
f 8290/4246/5067 8291/4245/5092 8232/4183/5047
f 8232/4183/5047 8230/4184/5045 8290/4246/5067
f 8291/4245/5092 8292/4248/5093 8234/4193/5049
f 8234/4193/5049 8232/4183/5047 8291/4245/5092
f 8292/4248/5093 8293/4251/5071 8236/4202/5051
f 8236/4202/5051 8234/4193/5049 8292/4248/5093
f 8294/4251/5094 8284/4248/5090 8215/4193/5033
f 8215/4193/5033 8239/4202/5053 8294/4251/5094
f 8295/4182/5095 8296/4185/5096 8297/4184/5097
f 8297/4184/5097 8298/4183/5098 8295/4182/5095
f 8296/4185/5096 8299/4187/5099 8300/4186/5100
f 8300/4186/5100 8297/4184/5097 8296/4185/5096
f 8301/4188/5101 8302/4191/5102 8303/4190/5103
f 8303/4190/5103 8304/4189/5104 8301/4188/5101
f 8305/4192/5105 8295/4182/5095 8298/4183/5098
f 8298/4183/5098 8306/4193/5106 8305/4192/5105
f 8307/4194/5107 8308/4197/5108 8309/4196/5109
f 8309/4196/5109 8310/4195/5110 8307/4194/5107
f 8299/4187/5099 8311/4199/5102 8312/4198/5111
f 8312/4198/5111 8300/4186/5100 8299/4187/5099
f 8311/4199/5102 8313/4201/5101 8314/4200/5112
f 8314/4200/5112 8312/4198/5111 8311/4199/5102
f 8315/4201/5113 8316/4199/5114 8317/4198/5115
f 8317/4198/5115 8318/4200/5116 8315/4201/5113
f 8316/4199/5114 8319/4187/5117 8320/4186/5118
f 8320/4186/5118 8317/4198/5115 8316/4199/5114
f 8319/4187/5117 8321/4185/5119 8322/4184/5120
f 8322/4184/5120 8320/4186/5118 8319/4187/5117
f 8321/4185/5119 8323/4182/5121 8324/4183/5122
f 8324/4183/5122 8322/4184/5120 8321/4185/5119
f 8323/4182/5121 8325/4192/5123 8326/4193/5124
f 8326/4193/5124 8324/4183/5122 8323/4182/5121
f 8325/4192/5123 8327/4203/5125 8328/4202/5126
f 8328/4202/5126 8326/4193/5124 8325/4192/5123
f 8329/4203/5125 8305/4192/5105 8306/4193/5106
f 8306/4193/5106 8330/4202/5127 8329/4203/5125
f 8303/4190/5103 8331/4213/5128 8332/4212/5129
f 8332/4212/5129 8333/4211/5130 8334/4210/5131
f 8303/4190/5103 8332/4212/5129 8334/4210/5131
f 8334/4210/5131 8335/4209/5132 8336/4208/5133
f 8336/4208/5133 8337/4207/5134 8338/4206/5135
f 8334/4210/5131 8336/4208/5133 8338/4206/5135
f 8303/4190/5103 8334/4210/5131 8338/4206/5135
f 8338/4206/5135 8339/4205/5136 8340/4204/5137
f 8303/4190/5103 8338/4206/5135 8340/4204/5137
f 8304/4189/5104 8303/4190/5103 8340/4204/5137
f 8341/4214/3210 8342/4216/5138 8343/4215/5139
f 8342/4216/5138 8344/4219/5140 8345/4218/5141
f 8345/4218/5141 8346/4217/5142 8342/4216/5138
f 8342/4216/5138 8346/4217/5142 8347/4220/5143
f 8347/4220/5143 8343/4215/5139 8342/4216/5138
f 8343/4215/5139 8347/4220/5143 8348/4222/5144
f 8348/4222/5144 8349/4221/5145 8343/4215/5139
f 8350/4223/5146 8349/4221/5145 8348/4222/5144
f 8348/4222/5144 8351/4224/5147 8350/4223/5146
f 8350/4223/5146 8351/4224/5147 8352/4226/5148
f 8352/4226/5148 8353/4225/5149 8350/4223/5146
f 8354/4227/5150 8353/4225/5149 8352/4226/5148
f 8352/4226/5148 8355/4228/5151 8354/4227/5150
f 8354/4227/5150 8355/4228/5151 8356/4230/5152
f 8356/4230/5152 8357/4229/5153 8354/4227/5150
f 8358/4231/5154 8357/4229/5153 8356/4230/5152
f 8356/4230/5152 8359/4232/5155 8358/4231/5154
f 8309/4196/5109 8358/4231/5154 8359/4232/5155
f 8359/4232/5155 8310/4195/5110 8309/4196/5109
f 8360/4233/5156 8308/4197/5108 8307/4194/5107
f 8307/4194/5107 8361/4234/5157 8360/4233/5156
f 8344/4219/5140 8360/4233/5156 8361/4234/5157
f 8361/4234/5157 8345/4218/5141 8344/4219/5140
f 8336/4208/5133 8335/4209/5132 8362/4236/5125
f 8362/4236/5125 8363/4235/5158 8336/4208/5133
f 8336/4208/5133 8363/4235/5158 8364/4237/5121
f 8364/4237/5121 8337/4207/5134 8336/4208/5133
f 8338/4206/5135 8337/4207/5134 8364/4237/5121
f 8364/4237/5121 8365/4238/5159 8338/4206/5135
f 8338/4206/5135 8365/4238/5159 8366/4239/5117
f 8366/4239/5117 8339/4205/5136 8338/4206/5135
f 8340/4204/5137 8339/4205/5136 8366/4239/5117
f 8366/4239/5117 8367/4240/5160 8340/4204/5137
f 8304/4189/5104 8340/4204/5137 8367/4240/5160
f 8367/4240/5160 8301/4188/5101 8304/4189/5104
f 8303/4190/5103 8302/4191/5102 8368/4241/5099
f 8368/4241/5099 8331/4213/5128 8303/4190/5103
f 8332/4212/5129 8331/4213/5128 8368/4241/5099
f 8368/4241/5099 8369/4242/5096 8332/4212/5129
f 8332/4212/5129 8369/4242/5096 8370/4243/5095
f 8370/4243/5095 8333/4211/5130 8332/4212/5129
f 8334/4210/5131 8333/4211/5130 8370/4243/5095
f 8370/4243/5095 8371/4244/5161 8334/4210/5131
f 8335/4209/5132 8334/4210/5131 8371/4244/5161
f 8371/4244/5161 8362/4236/5125 8335/4209/5132
f 8350/4223/5146 8341/4214/3210 8349/4221/5145
f 8360/4233/5156 8341/4214/3210 8308/4197/5108
f 8341/4214/3210 8358/4231/5154 8309/4196/5109
f 8357/4229/5153 8341/4214/3210 8354/4227/5150
f 8341/4214/3210 8343/4215/5139 8349/4221/5145
f 8342/4216/5138 8341/4214/3210 8344/4219/5140
f 8341/4214/3210 8357/4229/5153 8358/4231/5154
f 8308/4197/5108 8341/4214/3210 8309/4196/5109
f 8341/4214/3210 8353/4225/5149 8354/4227/5150
f 8353/4225/5149 8341/4214/3210 8350/4223/5146
f 8341/4214/3210 8360/4233/5156 8344/4219/5140
f 8372/4245/5148 8298/4183/5098 8297/4184/5097
f 8297/4184/5097 8373/4246/5151 8372/4245/5148
f 8373/4246/5151 8297/4184/5097 8300/4186/5100
f 8300/4186/5100 8374/4247/5162 8373/4246/5151
f 8375/4248/5163 8306/4193/5106 8298/4183/5098
f 8298/4183/5098 8372/4245/5148 8375/4248/5163
f 8374/4247/5162 8300/4186/5100 8312/4198/5111
f 8312/4198/5111 8376/4249/5155 8374/4247/5162
f 8376/4249/5155 8312/4198/5111 8314/4200/5112
f 8314/4200/5112 8377/4250/5164 8376/4249/5155
f 8378/4250/5164 8318/4200/5116 8317/4198/5115
f 8317/4198/5115 8379/4249/5165 8378/4250/5164
f 8379/4249/5165 8317/4198/5115 8320/4186/5118
f 8320/4186/5118 8380/4247/5166 8379/4249/5165
f 8380/4247/5166 8320/4186/5118 8322/4184/5120
f 8322/4184/5120 8381/4246/5141 8380/4247/5166
f 8381/4246/5141 8322/4184/5120 8324/4183/5122
f 8324/4183/5122 8382/4245/5142 8381/4246/5141
f 8382/4245/5142 8324/4183/5122 8326/4193/5124
f 8326/4193/5124 8383/4248/5143 8382/4245/5142
f 8383/4248/5143 8326/4193/5124 8328/4202/5126
f 8328/4202/5126 8384/4251/5167 8383/4248/5143
f 8385/4251/5144 8330/4202/5127 8306/4193/5106
f 8306/4193/5106 8375/4248/5163 8385/4251/5144
f 8386/4182/5050 8387/4183/5049 8388/4184/5051
f 8388/4184/5051 8389/4185/5052 8386/4182/5050
f 8389/4185/5052 8388/4184/5051 8390/4186/5033
f 8390/4186/5033 8391/4187/5088 8389/4185/5052
f 8392/4188/5025 8393/4189/5062 8394/4190/5061
f 8394/4190/5061 8395/4191/5022 8392/4188/5025
f 8396/4192/5084 8397/4193/5047 8387/4183/5049
f 8387/4183/5049 8386/4182/5050 8396/4192/5084
f 8398/4194/5089 8399/4195/5077 8400/4196/5076
f 8400/4196/5076 8401/4197/5078 8398/4194/5089
f 8391/4187/5088 8390/4186/5033 8402/4198/5023
f 8402/4198/5023 8403/4199/5022 8391/4187/5088
f 8403/4199/5022 8402/4198/5023 8404/4200/5168
f 8404/4200/5168 8405/4201/5169 8403/4199/5022
f 8406/4201/5025 8407/4200/5024 8408/4198/5170
f 8408/4198/5170 8409/4199/5027 8406/4201/5025
f 8409/4199/5027 8408/4198/5170 8410/4186/5038
f 8410/4186/5038 8411/4187/5031 8409/4199/5027
f 8411/4187/5031 8410/4186/5038 8412/4184/5040
f 8412/4184/5040 8413/4185/5028 8411/4187/5031
f 8413/4185/5028 8412/4184/5040 8414/4183/5041
f 8414/4183/5041 8415/4182/5042 8413/4185/5028
f 8415/4182/5042 8414/4183/5041 8416/4193/5043
f 8416/4193/5043 8417/4192/5086 8415/4182/5042
f 8417/4192/5086 8416/4193/5043 8418/4202/5171
f 8418/4202/5171 8419/4203/5172 8417/4192/5086
f 8420/4203/5173 8421/4202/5174 8397/4193/5047
f 8397/4193/5047 8396/4192/5084 8420/4203/5173
f 8422/4204/5175 8423/4205/5030 8424/4206/5176
f 8424/4206/5176 8425/4207/5054 8426/4208/5055
f 8426/4208/5055 8427/4209/5056 8428/4210/5057
f 8424/4206/5176 8426/4208/5055 8428/4210/5057
f 8428/4210/5057 8429/4211/5058 8430/4212/5059
f 8430/4212/5059 8431/4213/5060 8394/4190/5061
f 8428/4210/5057 8430/4212/5059 8394/4190/5061
f 8424/4206/5176 8428/4210/5057 8394/4190/5061
f 8422/4204/5175 8424/4206/5176 8394/4190/5061
f 8393/4189/5062 8422/4204/5175 8394/4190/5061
f 8432/4214/3212 8433/4215/5082 8434/4216/5037
f 8434/4216/5037 8435/4217/5034 8436/4218/5035
f 8436/4218/5035 8437/4219/5036 8434/4216/5037
f 8434/4216/5037 8433/4215/5082 8438/4220/5091
f 8438/4220/5091 8435/4217/5034 8434/4216/5037
f 8433/4215/5082 8439/4221/5068 8440/4222/5067
f 8440/4222/5067 8438/4220/5091 8433/4215/5082
f 8441/4223/5177 8442/4224/5178 8440/4222/5067
f 8440/4222/5067 8439/4221/5068 8441/4223/5177
f 8441/4223/5177 8443/4225/5179 8444/4226/5069
f 8444/4226/5069 8442/4224/5178 8441/4223/5177
f 8445/4227/5070 8446/4228/5071 8444/4226/5069
f 8444/4226/5069 8443/4225/5179 8445/4227/5070
f 8445/4227/5070 8447/4229/5180 8448/4230/5073
f 8448/4230/5073 8446/4228/5071 8445/4227/5070
f 8449/4231/5181 8450/4232/5182 8448/4230/5073
f 8448/4230/5073 8447/4229/5180 8449/4231/5181
f 8400/4196/5076 8399/4195/5077 8450/4232/5182
f 8450/4232/5182 8449/4231/5181 8400/4196/5076
f 8451/4233/5080 8452/4234/5081 8398/4194/5089
f 8398/4194/5089 8401/4197/5078 8451/4233/5080
f 8437/4219/5036 8436/4218/5035 8452/4234/5081
f 8452/4234/5081 8451/4233/5080 8437/4219/5036
f 8426/4208/5055 8453/4235/5044 8454/4236/5046
f 8454/4236/5046 8427/4209/5056 8426/4208/5055
f 8426/4208/5055 8425/4207/5054 8455/4237/5042
f 8455/4237/5042 8453/4235/5044 8426/4208/5055
f 8424/4206/5176 8456/4238/5028 8455/4237/5042
f 8455/4237/5042 8425/4207/5054 8424/4206/5176
f 8424/4206/5176 8423/4205/5030 8457/4239/5031
f 8457/4239/5031 8456/4238/5028 8424/4206/5176
f 8422/4204/5175 8458/4240/5087 8457/4239/5031
f 8457/4239/5031 8423/4205/5030 8422/4204/5175
f 8393/4189/5062 8392/4188/5025 8458/4240/5087
f 8458/4240/5087 8422/4204/5175 8393/4189/5062
f 8394/4190/5061 8431/4213/5060 8459/4241/5088
f 8459/4241/5088 8395/4191/5022 8394/4190/5061
f 8430/4212/5059 8460/4242/5052 8459/4241/5088
f 8459/4241/5088 8431/4213/5060 8430/4212/5059
f 8430/4212/5059 8429/4211/5058 8461/4243/5050
f 8461/4243/5050 8460/4242/5052 8430/4212/5059
f 8428/4210/5057 8462/4244/5183 8461/4243/5050
f 8461/4243/5050 8429/4211/5058 8428/4210/5057
f 8427/4209/5056 8454/4236/5046 8462/4244/5183
f 8462/4244/5183 8428/4210/5057 8427/4209/5056
f 8441/4223/5177 8439/4221/5068 8432/4214/3212
f 8451/4233/5080 8401/4197/5078 8432/4214/3212
f 8432/4214/3212 8400/4196/5076 8449/4231/5181
f 8447/4229/5180 8445/4227/5070 8432/4214/3212
f 8432/4214/3212 8439/4221/5068 8433/4215/5082
f 8434/4216/5037 8437/4219/5036 8432/4214/3212
f 8432/4214/3212 8449/4231/5181 8447/4229/5180
f 8401/4197/5078 8400/4196/5076 8432/4214/3212
f 8432/4214/3212 8445/4227/5070 8443/4225/5179
f 8443/4225/5179 8441/4223/5177 8432/4214/3212
f 8432/4214/3212 8437/4219/5036 8451/4233/5080
f 8463/4245/5184 8464/4246/5071 8388/4184/5051
f 8388/4184/5051 8387/4183/5049 8463/4245/5184
f 8464/4246/5071 8465/4247/5073 8390/4186/5033
f 8390/4186/5033 8388/4184/5051 8464/4246/5071
f 8466/4248/5178 8463/4245/5184 8387/4183/5049
f 8387/4183/5049 8397/4193/5047 8466/4248/5178
f 8465/4247/5073 8467/4249/5182 8402/4198/5023
f 8402/4198/5023 8390/4186/5033 8465/4247/5073
f 8467/4249/5182 8468/4250/5077 8404/4200/5168
f 8404/4200/5168 8402/4198/5023 8467/4249/5182
f 8469/4250/5077 8470/4249/5089 8408/4198/5170
f 8408/4198/5170 8407/4200/5024 8469/4250/5077
f 8470/4249/5089 8471/4247/5081 8410/4186/5038
f 8410/4186/5038 8408/4198/5170 8470/4249/5089
f 8471/4247/5081 8472/4246/5035 8412/4184/5040
f 8412/4184/5040 8410/4186/5038 8471/4247/5081
f 8472/4246/5035 8473/4245/5034 8414/4183/5041
f 8414/4183/5041 8412/4184/5040 8472/4246/5035
f 8473/4245/5034 8474/4248/5083 8416/4193/5043
f 8416/4193/5043 8414/4183/5041 8473/4245/5034
f 8474/4248/5083 8475/4251/5067 8418/4202/5171
f 8418/4202/5171 8416/4193/5043 8474/4248/5083
f 8476/4251/5067 8466/4248/5178 8397/4193/5047
f 8397/4193/5047 8421/4202/5174 8476/4251/5067
f 8477/4182/5123 8478/4185/5125 8479/4184/5126
f 8479/4184/5126 8480/4183/5124 8477/4182/5123
f 8478/4185/5125 8481/4187/5105 8482/4186/5106
f 8482/4186/5106 8479/4184/5126 8478/4185/5125
f 8483/4188/5185 8484/4191/5186 8485/4190/5130
f 8485/4190/5130 8486/4189/5129 8483/4188/5185
f 8487/4192/5121 8477/4182/5123 8480/4183/5124
f 8480/4183/5124 8488/4193/5187 8487/4192/5121
f 8489/4194/5152 8490/4197/5188 8491/4196/5150
f 8491/4196/5150 8492/4195/5151 8489/4194/5152
f 8481/4187/5105 8493/4199/5186 8494/4198/5098
f 8494/4198/5098 8482/4186/5106 8481/4187/5105
f 8493/4199/5186 8495/4201/5189 8496/4200/5097
f 8496/4200/5097 8494/4198/5098 8493/4199/5186
f 8497/4201/5189 8498/4199/5190 8499/4198/5100
f 8499/4198/5100 8500/4200/5191 8497/4201/5189
f 8498/4199/5190 8501/4187/5102 8502/4186/5111
f 8502/4186/5111 8499/4198/5100 8498/4199/5190
f 8501/4187/5102 8503/4185/5101 8504/4184/5116
f 8504/4184/5116 8502/4186/5111 8501/4187/5102
f 8503/4185/5101 8505/4182/5160 8506/4183/5115
f 8506/4183/5115 8504/4184/5116 8503/4185/5101
f 8505/4182/5160 8507/4192/5117 8508/4193/5118
f 8508/4193/5118 8506/4183/5115 8505/4182/5160
f 8507/4192/5117 8509/4203/5119 8510/4202/5192
f 8510/4202/5192 8508/4193/5118 8507/4192/5117
f 8511/4203/5119 8487/4192/5121 8488/4193/5187
f 8488/4193/5187 8512/4202/5120 8511/4203/5119
f 8485/4190/5130 8513/4213/5131 8514/4212/5132
f 8514/4212/5132 8515/4211/5133 8516/4210/5134
f 8485/4190/5130 8514/4212/5132 8516/4210/5134
f 8516/4210/5134 8517/4209/5135 8518/4208/5136
f 8518/4208/5136 8519/4207/5193 8520/4206/5194
f 8516/4210/5134 8518/4208/5136 8520/4206/5194
f 8485/4190/5130 8516/4210/5134 8520/4206/5194
f 8520/4206/5194 8521/4205/5195 8522/4204/5196
f 8485/4190/5130 8520/4206/5194 8522/4204/5196
f 8486/4189/5129 8485/4190/5130 8522/4204/5196
f 8523/4214/3210 8524/4216/5108 8525/4215/5156
f 8524/4216/5108 8526/4219/5197 8527/4218/5110
f 8527/4218/5110 8528/4217/5107 8524/4216/5108
f 8524/4216/5108 8528/4217/5107 8529/4220/5157
f 8529/4220/5157 8525/4215/5156 8524/4216/5108
f 8525/4215/5156 8529/4220/5157 8530/4222/5141
f 8530/4222/5141 8531/4221/5198 8525/4215/5156
f 8532/4223/5138 8531/4221/5198 8530/4222/5141
f 8530/4222/5141 8533/4224/5142 8532/4223/5138
f 8532/4223/5138 8533/4224/5142 8534/4226/5143
f 8534/4226/5143 8535/4225/5139 8532/4223/5138
f 8536/4227/5145 8535/4225/5139 8534/4226/5143
f 8534/4226/5143 8537/4228/5144 8536/4227/5145
f 8536/4227/5145 8537/4228/5144 8538/4230/5147
f 8538/4230/5147 8539/4229/5146 8536/4227/5145
f 8540/4231/5149 8539/4229/5146 8538/4230/5147
f 8538/4230/5147 8541/4232/5148 8540/4231/5149
f 8491/4196/5150 8540/4231/5149 8541/4232/5148
f 8541/4232/5148 8492/4195/5151 8491/4196/5150
f 8542/4233/5154 8490/4197/5188 8489/4194/5152
f 8489/4194/5152 8543/4234/5199 8542/4233/5154
f 8526/4219/5197 8542/4233/5154 8543/4234/5199
f 8543/4234/5199 8527/4218/5110 8526/4219/5197
f 8518/4208/5136 8517/4209/5135 8544/4236/5159
f 8544/4236/5159 8545/4235/5117 8518/4208/5136
f 8518/4208/5136 8545/4235/5117 8546/4237/5160
f 8546/4237/5160 8519/4207/5193 8518/4208/5136
f 8520/4206/5194 8519/4207/5193 8546/4237/5160
f 8546/4237/5160 8547/4238/5101 8520/4206/5194
f 8520/4206/5194 8547/4238/5101 8548/4239/5102
f 8548/4239/5102 8521/4205/5195 8520/4206/5194
f 8522/4204/5196 8521/4205/5195 8548/4239/5102
f 8548/4239/5102 8549/4240/5190 8522/4204/5196
f 8486/4189/5129 8522/4204/5196 8549/4240/5190
f 8549/4240/5190 8483/4188/5185 8486/4189/5129
f 8485/4190/5130 8484/4191/5186 8550/4241/5105
f 8550/4241/5105 8513/4213/5131 8485/4190/5130
f 8514/4212/5132 8513/4213/5131 8550/4241/5105
f 8550/4241/5105 8551/4242/5125 8514/4212/5132
f 8514/4212/5132 8551/4242/5125 8552/4243/5158
f 8552/4243/5158 8515/4211/5133 8514/4212/5132
f 8516/4210/5134 8515/4211/5133 8552/4243/5158
f 8552/4243/5158 8553/4244/5200 8516/4210/5134
f 8517/4209/5135 8516/4210/5134 8553/4244/5200
f 8553/4244/5200 8544/4236/5159 8517/4209/5135
f 8532/4223/5138 8523/4214/3210 8531/4221/5198
f 8542/4233/5154 8523/4214/3210 8490/4197/5188
f 8523/4214/3210 8540/4231/5149 8491/4196/5150
f 8539/4229/5146 8523/4214/3210 8536/4227/5145
f 8523/4214/3210 8525/4215/5156 8531/4221/5198
f 8524/4216/5108 8523/4214/3210 8526/4219/5197
f 8523/4214/3210 8539/4229/5146 8540/4231/5149
f 8490/4197/5188 8523/4214/3210 8491/4196/5150
f 8523/4214/3210 8535/4225/5139 8536/4227/5145
f 8535/4225/5139 8523/4214/3210 8532/4223/5138
f 8523/4214/3210 8542/4233/5154 8526/4219/5197
f 8554/4245/5143 8480/4183/5124 8479/4184/5126
f 8479/4184/5126 8555/4246/5144 8554/4245/5143
f 8555/4246/5144 8479/4184/5126 8482/4186/5106
f 8482/4186/5106 8556/4247/5163 8555/4246/5144
f 8557/4248/5142 8488/4193/5187 8480/4183/5124
f 8480/4183/5124 8554/4245/5143 8557/4248/5142
f 8556/4247/5163 8482/4186/5106 8494/4198/5098
f 8494/4198/5098 8558/4249/5148 8556/4247/5163
f 8558/4249/5148 8494/4198/5098 8496/4200/5097
f 8496/4200/5097 8559/4250/5151 8558/4249/5148
f 8560/4250/5151 8500/4200/5191 8499/4198/5100
f 8499/4198/5100 8561/4249/5162 8560/4250/5151
f 8561/4249/5162 8499/4198/5100 8502/4186/5111
f 8502/4186/5111 8562/4247/5155 8561/4249/5162
f 8562/4247/5155 8502/4186/5111 8504/4184/5116
f 8504/4184/5116 8563/4246/5201 8562/4247/5155
f 8563/4246/5201 8504/4184/5116 8506/4183/5115
f 8506/4183/5115 8564/4245/5165 8563/4246/5201
f 8564/4245/5165 8506/4183/5115 8508/4193/5118
f 8508/4193/5118 8565/4248/5157 8564/4245/5165
f 8565/4248/5157 8508/4193/5118 8510/4202/5192
f 8510/4202/5192 8566/4251/5202 8565/4248/5157
f 8567/4251/5141 8512/4202/5120 8488/4193/5187
f 8488/4193/5187 8557/4248/5142 8567/4251/5141
f 8568/4182/5203 8569/4183/5204 8570/4184/5205
f 8570/4184/5205 8571/4185/5206 8568/4182/5203
f 8571/4185/5206 8570/4184/5205 8572/4186/5207
f 8572/4186/5207 8573/4187/5208 8571/4185/5206
f 8574/4188/5209 8575/4189/5210 8576/4190/5211
f 8576/4190/5211 8577/4191/5212 8574/4188/5209
f 8578/4192/5213 8579/4193/5214 8569/4183/5204
f 8569/4183/5204 8568/4182/5203 8578/4192/5213
f 8580/4194/5215 8581/4195/5216 8582/4196/5217
f 8582/4196/5217 8583/4197/5218 8580/4194/5215
f 8573/4187/5208 8572/4186/5207 8584/4198/5219
f 8584/4198/5219 8585/4199/5220 8573/4187/5208
f 8585/4199/5220 8584/4198/5219 8586/4200/5221
f 8586/4200/5221 8587/4201/5222 8585/4199/5220
f 8588/4201/5222 8589/4200/5223 8590/4198/5224
f 8590/4198/5224 8591/4199/5225 8588/4201/5222
f 8591/4199/5225 8590/4198/5224 8592/4186/5226
f 8592/4186/5226 8593/4187/5227 8591/4199/5225
f 8593/4187/5227 8592/4186/5226 8594/4184/5228
f 8594/4184/5228 8595/4185/5229 8593/4187/5227
f 8595/4185/5229 8594/4184/5228 8596/4183/5230
f 8596/4183/5230 8597/4182/5231 8595/4185/5229
f 8597/4182/5231 8596/4183/5230 8598/4193/5232
f 8598/4193/5232 8599/4192/5233 8597/4182/5231
f 8599/4192/5233 8598/4193/5232 8600/4202/5234
f 8600/4202/5234 8601/4203/5235 8599/4192/5233
f 8602/4203/5236 8603/4202/5237 8579/4193/5214
f 8579/4193/5214 8578/4192/5213 8602/4203/5236
f 8604/4204/5238 8605/4205/5239 8606/4206/5240
f 8606/4206/5240 8607/4207/5241 8608/4208/5242
f 8608/4208/5242 8609/4209/5243 8610/4210/5244
f 8606/4206/5240 8608/4208/5242 8610/4210/5244
f 8610/4210/5244 8611/4211/5245 8612/4212/5246
f 8612/4212/5246 8613/4213/5247 8576/4190/5211
f 8610/4210/5244 8612/4212/5246 8576/4190/5211
f 8606/4206/5240 8610/4210/5244 8576/4190/5211
f 8604/4204/5238 8606/4206/5240 8576/4190/5211
f 8575/4189/5210 8604/4204/5238 8576/4190/5211
f 8614/4214/3637 8615/4215/5248 8616/4216/5249
f 8616/4216/5249 8617/4217/5250 8618/4218/5251
f 8618/4218/5251 8619/4219/5252 8616/4216/5249
f 8616/4216/5249 8615/4215/5248 8620/4220/5253
f 8620/4220/5253 8617/4217/5250 8616/4216/5249
f 8615/4215/5248 8621/4221/5254 8622/4222/5255
f 8622/4222/5255 8620/4220/5253 8615/4215/5248
f 8623/4223/5256 8624/4224/5257 8622/4222/5255
f 8622/4222/5255 8621/4221/5254 8623/4223/5256
f 8623/4223/5256 8625/4225/5258 8626/4226/5259
f 8626/4226/5259 8624/4224/5257 8623/4223/5256
f 8627/4227/5260 8628/4228/5261 8626/4226/5259
f 8626/4226/5259 8625/4225/5258 8627/4227/5260
f 8627/4227/5260 8629/4229/5262 8630/4230/5263
f 8630/4230/5263 8628/4228/5261 8627/4227/5260
f 8631/4231/5264 8632/4232/5265 8630/4230/5263
f 8630/4230/5263 8629/4229/5262 8631/4231/5264
f 8582/4196/5217 8581/4195/5216 8632/4232/5265
f 8632/4232/5265 8631/4231/5264 8582/4196/5217
f 8633/4233/5266 8634/4234/5267 8580/4194/5215
f 8580/4194/5215 8583/4197/5218 8633/4233/5266
f 8619/4219/5252 8618/4218/5251 8634/4234/5267
f 8634/4234/5267 8633/4233/5266 8619/4219/5252
f 8608/4208/5242 8635/4235/5233 8636/4236/5235
f 8636/4236/5235 8609/4209/5243 8608/4208/5242
f 8608/4208/5242 8607/4207/5241 8637/4237/5268
f 8637/4237/5268 8635/4235/5233 8608/4208/5242
f 8606/4206/5240 8638/4238/5229 8637/4237/5268
f 8637/4237/5268 8607/4207/5241 8606/4206/5240
f 8606/4206/5240 8605/4205/5239 8639/4239/5269
f 8639/4239/5269 8638/4238/5229 8606/4206/5240
f 8604/4204/5238 8640/4240/5225 8639/4239/5269
f 8639/4239/5269 8605/4205/5239 8604/4204/5238
f 8575/4189/5210 8574/4188/5209 8640/4240/5225
f 8640/4240/5225 8604/4204/5238 8575/4189/5210
f 8576/4190/5211 8613/4213/5247 8641/4241/5270
f 8641/4241/5270 8577/4191/5212 8576/4190/5211
f 8612/4212/5246 8642/4242/5271 8641/4241/5270
f 8641/4241/5270 8613/4213/5247 8612/4212/5246
f 8612/4212/5246 8611/4211/5245 8643/4243/5203
f 8643/4243/5203 8642/4242/5271 8612/4212/5246
f 8610/4210/5244 8644/4244/5272 8643/4243/5203
f 8643/4243/5203 8611/4211/5245 8610/4210/5244
f 8609/4209/5243 8636/4236/5235 8644/4244/5272
f 8644/4244/5272 8610/4210/5244 8609/4209/5243
f 8623/4223/5256 8621/4221/5254 8614/4214/3637
f 8633/4233/5266 8583/4197/5218 8614/4214/3637
f 8614/4214/3637 8582/4196/5217 8631/4231/5264
f 8629/4229/5262 8627/4227/5260 8614/4214/3637
f 8614/4214/3637 8621/4221/5254 8615/4215/5248
f 8616/4216/5249 8619/4219/5252 8614/4214/3637
f 8614/4214/3637 8631/4231/5264 8629/4229/5262
f 8583/4197/5218 8582/4196/5217 8614/4214/3637
f 8614/4214/3637 8627/4227/5260 8625/4225/5258
f 8625/4225/5258 8623/4223/5256 8614/4214/3637
f 8614/4214/3637 8619/4219/5252 8633/4233/5266
f 8645/4245/5259 8646/4246/5261 8570/4184/5205
f 8570/4184/5205 8569/4183/5204 8645/4245/5259
f 8646/4246/5261 8647/4247/5273 8572/4186/5207
f 8572/4186/5207 8570/4184/5205 8646/4246/5261
f 8648/4248/5257 8645/4245/5259 8569/4183/5204
f 8569/4183/5204 8579/4193/5214 8648/4248/5257
f 8647/4247/5273 8649/4249/5265 8584/4198/5219
f 8584/4198/5219 8572/4186/5207 8647/4247/5273
f 8649/4249/5265 8650/4250/5216 8586/4200/5221
f 8586/4200/5221 8584/4198/5219 8649/4249/5265
f 8651/4250/5274 8652/4249/5275 8590/4198/5224
f 8590/4198/5224 8589/4200/5223 8651/4250/5274
f 8652/4249/5275 8653/4247/5267 8592/4186/5226
f 8592/4186/5226 8590/4198/5224 8652/4249/5275
f 8653/4247/5267 8654/4246/5276 8594/4184/5228
f 8594/4184/5228 8592/4186/5226 8653/4247/5267
f 8654/4246/5276 8655/4245/5277 8596/4183/5230
f 8596/4183/5230 8594/4184/5228 8654/4246/5276
f 8655/4245/5277 8656/4248/5253 8598/4193/5232
f 8598/4193/5232 8596/4183/5230 8655/4245/5277
f 8656/4248/5253 8657/4251/5255 8600/4202/5234
f 8600/4202/5234 8598/4193/5232 8656/4248/5253
f 8658/4251/5255 8648/4248/5257 8579/4193/5214
f 8579/4193/5214 8603/4202/5237 8658/4251/5255
f 8659/4182/5278 8660/4185/5279 8661/4184/5280
f 8661/4184/5280 8662/4183/5281 8659/4182/5278
f 8660/4185/5279 8663/4187/5282 8664/4186/5283
f 8664/4186/5283 8661/4184/5280 8660/4185/5279
f 8665/4188/5284 8666/4191/5285 8667/4190/5286
f 8667/4190/5286 8668/4189/5287 8665/4188/5284
f 8669/4192/5288 8659/4182/5278 8662/4183/5281
f 8662/4183/5281 8670/4193/5289 8669/4192/5288
f 8671/4194/5290 8672/4197/5291 8673/4196/5292
f 8673/4196/5292 8674/4195/5293 8671/4194/5290
f 8663/4187/5282 8675/4199/5294 8676/4198/5295
f 8676/4198/5295 8664/4186/5283 8663/4187/5282
f 8675/4199/5294 8677/4201/5296 8678/4200/5297
f 8678/4200/5297 8676/4198/5295 8675/4199/5294
f 8679/4201/5296 8680/4199/5298 8681/4198/5299
f 8681/4198/5299 8682/4200/5300 8679/4201/5296
f 8680/4199/5298 8683/4187/5301 8684/4186/5302
f 8684/4186/5302 8681/4198/5299 8680/4199/5298
f 8683/4187/5301 8685/4185/5303 8686/4184/5304
f 8686/4184/5304 8684/4186/5302 8683/4187/5301
f 8685/4185/5303 8687/4182/5305 8688/4183/5306
f 8688/4183/5306 8686/4184/5304 8685/4185/5303
f 8687/4182/5305 8689/4192/5307 8690/4193/5308
f 8690/4193/5308 8688/4183/5306 8687/4182/5305
f 8689/4192/5307 8691/4203/5309 8692/4202/5310
f 8692/4202/5310 8690/4193/5308 8689/4192/5307
f 8693/4203/5309 8669/4192/5288 8670/4193/5289
f 8670/4193/5289 8694/4202/5311 8693/4203/5309
f 8667/4190/5286 8695/4213/5312 8696/4212/5313
f 8696/4212/5313 8697/4211/5314 8698/4210/5315
f 8667/4190/5286 8696/4212/5313 8698/4210/5315
f 8698/4210/5315 8699/4209/5316 8700/4208/5317
f 8700/4208/5317 8701/4207/5318 8702/4206/5319
f 8698/4210/5315 8700/4208/5317 8702/4206/5319
f 8667/4190/5286 8698/4210/5315 8702/4206/5319
f 8702/4206/5319 8703/4205/5320 8704/4204/5321
f 8667/4190/5286 8702/4206/5319 8704/4204/5321
f 8668/4189/5287 8667/4190/5286 8704/4204/5321
f 8705/4214/3640 8706/4216/5322 8707/4215/5323
f 8706/4216/5322 8708/4219/5324 8709/4218/5325
f 8709/4218/5325 8710/4217/5326 8706/4216/5322
f 8706/4216/5322 8710/4217/5326 8711/4220/5327
f 8711/4220/5327 8707/4215/5323 8706/4216/5322
f 8707/4215/5323 8711/4220/5327 8712/4222/5328
f 8712/4222/5328 8713/4221/5329 8707/4215/5323
f 8714/4223/5330 8713/4221/5329 8712/4222/5328
f 8712/4222/5328 8715/4224/5331 8714/4223/5330
f 8714/4223/5330 8715/4224/5331 8716/4226/5332
f 8716/4226/5332 8717/4225/5333 8714/4223/5330
f 8718/4227/5334 8717/4225/5333 8716/4226/5332
f 8716/4226/5332 8719/4228/5335 8718/4227/5334
f 8718/4227/5334 8719/4228/5335 8720/4230/5336
f 8720/4230/5336 8721/4229/5337 8718/4227/5334
f 8722/4231/5338 8721/4229/5337 8720/4230/5336
f 8720/4230/5336 8723/4232/5339 8722/4231/5338
f 8673/4196/5292 8722/4231/5338 8723/4232/5339
f 8723/4232/5339 8674/4195/5293 8673/4196/5292
f 8724/4233/5340 8672/4197/5291 8671/4194/5290
f 8671/4194/5290 8725/4234/5341 8724/4233/5340
f 8708/4219/5324 8724/4233/5340 8725/4234/5341
f 8725/4234/5341 8709/4218/5325 8708/4219/5324
f 8700/4208/5317 8699/4209/5316 8726/4236/5309
f 8726/4236/5309 8727/4235/5307 8700/4208/5317
f 8700/4208/5317 8727/4235/5307 8728/4237/5342
f 8728/4237/5342 8701/4207/5318 8700/4208/5317
f 8702/4206/5319 8701/4207/5318 8728/4237/5342
f 8728/4237/5342 8729/4238/5343 8702/4206/5319
f 8702/4206/5319 8729/4238/5343 8730/4239/5344
f 8730/4239/5344 8703/4205/5320 8702/4206/5319
f 8704/4204/5321 8703/4205/5320 8730/4239/5344
f 8730/4239/5344 8731/4240/5345 8704/4204/5321
f 8668/4189/5287 8704/4204/5321 8731/4240/5345
f 8731/4240/5345 8665/4188/5284 8668/4189/5287
f 8667/4190/5286 8666/4191/5285 8732/4241/5346
f 8732/4241/5346 8695/4213/5312 8667/4190/5286
f 8696/4212/5313 8695/4213/5312 8732/4241/5346
f 8732/4241/5346 8733/4242/5279 8696/4212/5313
f 8696/4212/5313 8733/4242/5279 8734/4243/5347
f 8734/4243/5347 8697/4211/5314 8696/4212/5313
f 8698/4210/5315 8697/4211/5314 8734/4243/5347
f 8734/4243/5347 8735/4244/5288 8698/4210/5315
f 8699/4209/5316 8698/4210/5315 8735/4244/5288
f 8735/4244/5288 8726/4236/5309 8699/4209/5316
f 8714/4223/5330 8705/4214/3640 8713/4221/5329
f 8724/4233/5340 8705/4214/3640 8672/4197/5291
f 8705/4214/3640 8722/4231/5338 8673/4196/5292
f 8721/4229/5337 8705/4214/3640 8718/4227/5334
f 8705/4214/3640 8707/4215/5323 8713/4221/5329
f 8706/4216/5322 8705/4214/3640 8708/4219/5324
f 8705/4214/3640 8721/4229/5337 8722/4231/5338
f 8672/4197/5291 8705/4214/3640 8673/4196/5292
f 8705/4214/3640 8717/4225/5333 8718/4227/5334
f 8717/4225/5333 8705/4214/3640 8714/4223/5330
f 8705/4214/3640 8724/4233/5340 8708/4219/5324
f 8736/4245/5332 8662/4183/5281 8661/4184/5280
f 8661/4184/5280 8737/4246/5335 8736/4245/5332
f 8737/4246/5335 8661/4184/5280 8664/4186/5283
f 8664/4186/5283 8738/4247/5336 8737/4246/5335
f 8739/4248/5331 8670/4193/5289 8662/4183/5281
f 8662/4183/5281 8736/4245/5332 8739/4248/5331
f 8738/4247/5336 8664/4186/5283 8676/4198/5295
f 8676/4198/5295 8740/4249/5339 8738/4247/5336
f 8740/4249/5339 8676/4198/5295 8678/4200/5297
f 8678/4200/5297 8741/4250/5293 8740/4249/5339
f 8742/4250/5293 8682/4200/5300 8681/4198/5299
f 8681/4198/5299 8743/4249/5290 8742/4250/5293
f 8743/4249/5290 8681/4198/5299 8684/4186/5302
f 8684/4186/5302 8744/4247/5348 8743/4249/5290
f 8744/4247/5348 8684/4186/5302 8686/4184/5304
f 8686/4184/5304 8745/4246/5349 8744/4247/5348
f 8745/4246/5349 8686/4184/5304 8688/4183/5306
f 8688/4183/5306 8746/4245/5326 8745/4246/5349
f 8746/4245/5326 8688/4183/5306 8690/4193/5308
f 8690/4193/5308 8747/4248/5327 8746/4245/5326
f 8747/4248/5327 8690/4193/5308 8692/4202/5310
f 8692/4202/5310 8748/4251/5350 8747/4248/5327
f 8749/4251/5328 8694/4202/5311 8670/4193/5289
f 8670/4193/5289 8739/4248/5331 8749/4251/5328
f 8750/4182/5212 8751/4183/5219 8752/4184/5221
f 8752/4184/5221 8753/4185/5222 8750/4182/5212
f 8753/4185/5222 8752/4184/5221 8754/4186/5224
f 8754/4186/5224 8755/4187/5351 8753/4185/5222
f 8756/4188/5352 8757/4189/5240 8758/4190/5239
f 8758/4190/5239 8759/4191/5269 8756/4188/5352
f 8760/4192/5353 8761/4193/5207 8751/4183/5219
f 8751/4183/5219 8750/4182/5212 8760/4192/5353
f 8762/4194/5250 8763/4195/5251 8764/4196/5252
f 8764/4196/5252 8765/4197/5249 8762/4194/5250
f 8755/4187/5351 8754/4186/5224 8766/4198/5226
f 8766/4198/5226 8767/4199/5227 8755/4187/5351
f 8767/4199/5227 8766/4198/5226 8768/4200/5354
f 8768/4200/5354 8769/4201/5355 8767/4199/5227
f 8770/4201/5355 8771/4200/5228 8772/4198/5230
f 8772/4198/5230 8773/4199/5268 8770/4201/5355
f 8773/4199/5268 8772/4198/5230 8774/4186/5232
f 8774/4186/5232 8775/4187/5356 8773/4199/5268
f 8775/4187/5356 8774/4186/5232 8776/4184/5234
f 8776/4184/5234 8777/4185/5235 8775/4187/5356
f 8777/4185/5235 8776/4184/5234 8778/4183/5214
f 8778/4183/5214 8779/4182/5213 8777/4185/5235
f 8779/4182/5213 8778/4183/5214 8780/4193/5204
f 8780/4193/5204 8781/4192/5357 8779/4182/5213
f 8781/4192/5357 8780/4193/5204 8782/4202/5205
f 8782/4202/5205 8783/4203/5358 8781/4192/5357
f 8784/4203/5359 8785/4202/5360 8761/4193/5207
f 8761/4193/5207 8760/4192/5353 8784/4203/5359
f 8786/4204/5241 8787/4205/5242 8788/4206/5243
f 8788/4206/5243 8789/4207/5244 8790/4208/5245
f 8790/4208/5245 8791/4209/5361 8792/4210/5247
f 8788/4206/5243 8790/4208/5245 8792/4210/5247
f 8792/4210/5247 8793/4211/5211 8794/4212/5362
f 8794/4212/5362 8795/4213/5238 8758/4190/5239
f 8792/4210/5247 8794/4212/5362 8758/4190/5239
f 8788/4206/5243 8792/4210/5247 8758/4190/5239
f 8786/4204/5241 8788/4206/5243 8758/4190/5239
f 8757/4189/5240 8786/4204/5241 8758/4190/5239
f 8796/4214/3637 8797/4215/5258 8798/4216/5256
f 8798/4216/5256 8799/4217/5363 8800/4218/5255
f 8800/4218/5255 8801/4219/5254 8798/4216/5256
f 8798/4216/5256 8797/4215/5258 8802/4220/5364
f 8802/4220/5364 8799/4217/5363 8798/4216/5256
f 8797/4215/5258 8803/4221/5260 8804/4222/5365
f 8804/4222/5365 8802/4220/5364 8797/4215/5258
f 8805/4223/5262 8806/4224/5273 8804/4222/5365
f 8804/4222/5365 8803/4221/5260 8805/4223/5262
f 8805/4223/5262 8807/4225/5264 8808/4226/5265
f 8808/4226/5265 8806/4224/5273 8805/4223/5262
f 8809/4227/5217 8810/4228/5216 8808/4226/5265
f 8808/4226/5265 8807/4225/5264 8809/4227/5217
f 8809/4227/5217 8811/4229/5366 8812/4230/5275
f 8812/4230/5275 8810/4228/5216 8809/4227/5217
f 8813/4231/5367 8814/4232/5267 8812/4230/5275
f 8812/4230/5275 8811/4229/5366 8813/4231/5367
f 8764/4196/5252 8763/4195/5251 8814/4232/5267
f 8814/4232/5267 8813/4231/5367 8764/4196/5252
f 8815/4233/5248 8816/4234/5253 8762/4194/5250
f 8762/4194/5250 8765/4197/5249 8815/4233/5248
f 8801/4219/5254 8800/4218/5255 8816/4234/5253
f 8816/4234/5253 8815/4233/5248 8801/4219/5254
f 8790/4208/5245 8817/4235/5357 8818/4236/5359
f 8818/4236/5359 8791/4209/5361 8790/4208/5245
f 8790/4208/5245 8789/4207/5244 8819/4237/5272
f 8819/4237/5272 8817/4235/5357 8790/4208/5245
f 8788/4206/5243 8820/4238/5235 8819/4237/5272
f 8819/4237/5272 8789/4207/5244 8788/4206/5243
f 8788/4206/5243 8787/4205/5242 8821/4239/5368
f 8821/4239/5368 8820/4238/5235 8788/4206/5243
f 8786/4204/5241 8822/4240/5268 8821/4239/5368
f 8821/4239/5368 8787/4205/5242 8786/4204/5241
f 8757/4189/5240 8756/4188/5352 8822/4240/5268
f 8822/4240/5268 8786/4204/5241 8757/4189/5240
f 8758/4190/5239 8795/4213/5238 8823/4241/5351
f 8823/4241/5351 8759/4191/5269 8758/4190/5239
f 8794/4212/5362 8824/4242/5222 8823/4241/5351
f 8823/4241/5351 8795/4213/5238 8794/4212/5362
f 8794/4212/5362 8793/4211/5211 8825/4243/5212
f 8825/4243/5212 8824/4242/5222 8794/4212/5362
f 8792/4210/5247 8826/4244/5270 8825/4243/5212
f 8825/4243/5212 8793/4211/5211 8792/4210/5247
f 8791/4209/5361 8818/4236/5359 8826/4244/5270
f 8826/4244/5270 8792/4210/5247 8791/4209/5361
f 8805/4223/5262 8803/4221/5260 8796/4214/3637
f 8815/4233/5248 8765/4197/5249 8796/4214/3637
f 8796/4214/3637 8764/4196/5252 8813/4231/5367
f 8811/4229/5366 8809/4227/5217 8796/4214/3637
f 8796/4214/3637 8803/4221/5260 8797/4215/5258
f 8798/4216/5256 8801/4219/5254 8796/4214/3637
f 8796/4214/3637 8813/4231/5367 8811/4229/5366
f 8765/4197/5249 8764/4196/5252 8796/4214/3637
f 8796/4214/3637 8809/4227/5217 8807/4225/5264
f 8807/4225/5264 8805/4223/5262 8796/4214/3637
f 8796/4214/3637 8801/4219/5254 8815/4233/5248
f 8827/4245/5265 8828/4246/5216 8752/4184/5221
f 8752/4184/5221 8751/4183/5219 8827/4245/5265
f 8828/4246/5216 8829/4247/5275 8754/4186/5224
f 8754/4186/5224 8752/4184/5221 8828/4246/5216
f 8830/4248/5263 8827/4245/5265 8751/4183/5219
f 8751/4183/5219 8761/4193/5207 8830/4248/5263
f 8829/4247/5275 8831/4249/5267 8766/4198/5226
f 8766/4198/5226 8754/4186/5224 8829/4247/5275
f 8831/4249/5267 8832/4250/5251 8768/4200/5354
f 8768/4200/5354 8766/4198/5226 8831/4249/5267
f 8833/4250/5276 8834/4249/5277 8772/4198/5230
f 8772/4198/5230 8771/4200/5228 8833/4250/5276
f 8834/4249/5277 8835/4247/5253 8774/4186/5232
f 8774/4186/5232 8772/4198/5230 8834/4249/5277
f 8835/4247/5253 8836/4246/5369 8776/4184/5234
f 8776/4184/5234 8774/4186/5232 8835/4247/5253
f 8836/4246/5369 8837/4245/5257 8778/4183/5214
f 8778/4183/5214 8776/4184/5234 8836/4246/5369
f 8837/4245/5257 8838/4248/5259 8780/4193/5204
f 8780/4193/5204 8778/4183/5214 8837/4245/5257
f 8838/4248/5259 8839/4251/5261 8782/4202/5205
f 8782/4202/5205 8780/4193/5204 8838/4248/5259
f 8840/4251/5365 8830/4248/5263 8761/4193/5207
f 8761/4193/5207 8785/4202/5360 8840/4251/5365
f 8841/4182/5370 8842/4185/5296 8843/4184/5371
f 8843/4184/5371 8844/4183/5295 8841/4182/5370
f 8842/4185/5296 8845/4187/5298 8846/4186/5299
f 8846/4186/5299 8843/4184/5371 8842/4185/5296
f 8847/4188/5303 8848/4191/5372 8849/4190/5373
f 8849/4190/5373 8850/4189/5319 8847/4188/5303
f 8851/4192/5374 8841/4182/5370 8844/4183/5295
f 8844/4183/5295 8852/4193/5283 8851/4192/5374
f 8853/4194/5375 8854/4197/5322 8855/4196/5376
f 8855/4196/5376 8856/4195/5325 8853/4194/5375
f 8845/4187/5298 8857/4199/5344 8858/4198/5302
f 8858/4198/5302 8846/4186/5299 8845/4187/5298
f 8857/4199/5344 8859/4201/5377 8860/4200/5378
f 8860/4200/5378 8858/4198/5302 8857/4199/5344
f 8861/4201/5377 8862/4199/5305 8863/4198/5306
f 8863/4198/5306 8864/4200/5379 8861/4201/5377
f 8862/4199/5305 8865/4187/5307 8866/4186/5308
f 8866/4186/5308 8863/4198/5306 8862/4199/5305
f 8865/4187/5307 8867/4185/5309 8868/4184/5311
f 8868/4184/5311 8866/4186/5308 8865/4187/5307
f 8867/4185/5309 8869/4182/5380 8870/4183/5289
f 8870/4183/5289 8868/4184/5311 8867/4185/5309
f 8869/4182/5380 8871/4192/5347 8872/4193/5281
f 8872/4193/5281 8870/4183/5289 8869/4182/5380
f 8871/4192/5347 8873/4203/5381 8874/4202/5382
f 8874/4202/5382 8872/4193/5281 8871/4192/5347
f 8875/4203/5279 8851/4192/5374 8852/4193/5283
f 8852/4193/5283 8876/4202/5280 8875/4203/5279
f 8849/4190/5373 8877/4213/5321 8878/4212/5287
f 8878/4212/5287 8879/4211/5286 8880/4210/5312
f 8849/4190/5373 8878/4212/5287 8880/4210/5312
f 8880/4210/5312 8881/4209/5313 8882/4208/5314
f 8882/4208/5314 8883/4207/5315 8884/4206/5316
f 8880/4210/5312 8882/4208/5314 8884/4206/5316
f 8849/4190/5373 8880/4210/5312 8884/4206/5316
f 8884/4206/5316 8885/4205/5317 8886/4204/5318
f 8849/4190/5373 8884/4206/5316 8886/4204/5318
f 8850/4189/5319 8849/4190/5373 8886/4204/5318
f 8887/4214/3640 8888/4216/5383 8889/4215/5333
f 8888/4216/5383 8890/4219/5329 8891/4218/5328
f 8891/4218/5328 8892/4217/5331 8888/4216/5383
f 8888/4216/5383 8892/4217/5331 8893/4220/5384
f 8893/4220/5384 8889/4215/5333 8888/4216/5383
f 8889/4215/5333 8893/4220/5384 8894/4222/5335
f 8894/4222/5335 8895/4221/5385 8889/4215/5333
f 8896/4223/5386 8895/4221/5385 8894/4222/5335
f 8894/4222/5335 8897/4224/5336 8896/4223/5386
f 8896/4223/5386 8897/4224/5336 8898/4226/5339
f 8898/4226/5339 8899/4225/5338 8896/4223/5386
f 8900/4227/5387 8899/4225/5338 8898/4226/5339
f 8898/4226/5339 8901/4228/5388 8900/4227/5387
f 8900/4227/5387 8901/4228/5388 8902/4230/5290
f 8902/4230/5290 8903/4229/5291 8900/4227/5387
f 8904/4231/5340 8903/4229/5291 8902/4230/5290
f 8902/4230/5290 8905/4232/5348 8904/4231/5340
f 8855/4196/5376 8904/4231/5340 8905/4232/5348
f 8905/4232/5348 8856/4195/5325 8855/4196/5376
f 8906/4233/5323 8854/4197/5322 8853/4194/5375
f 8853/4194/5375 8907/4234/5389 8906/4233/5323
f 8890/4219/5329 8906/4233/5323 8907/4234/5389
f 8907/4234/5389 8891/4218/5328 8890/4219/5329
f 8882/4208/5314 8881/4209/5313 8908/4236/5279
f 8908/4236/5279 8909/4235/5347 8882/4208/5314
f 8882/4208/5314 8909/4235/5347 8910/4237/5380
f 8910/4237/5380 8883/4207/5315 8882/4208/5314
f 8884/4206/5316 8883/4207/5315 8910/4237/5380
f 8910/4237/5380 8911/4238/5309 8884/4206/5316
f 8884/4206/5316 8911/4238/5309 8912/4239/5390
f 8912/4239/5390 8885/4205/5317 8884/4206/5316
f 8886/4204/5318 8885/4205/5317 8912/4239/5390
f 8912/4239/5390 8913/4240/5391 8886/4204/5318
f 8850/4189/5319 8886/4204/5318 8913/4240/5391
f 8913/4240/5391 8847/4188/5303 8850/4189/5319
f 8849/4190/5373 8848/4191/5372 8914/4241/5298
f 8914/4241/5298 8877/4213/5321 8849/4190/5373
f 8878/4212/5287 8877/4213/5321 8914/4241/5298
f 8914/4241/5298 8915/4242/5296 8878/4212/5287
f 8878/4212/5287 8915/4242/5296 8916/4243/5294
f 8916/4243/5294 8879/4211/5286 8878/4212/5287
f 8880/4210/5312 8879/4211/5286 8916/4243/5294
f 8916/4243/5294 8917/4244/5346 8880/4210/5312
f 8881/4209/5313 8880/4210/5312 8917/4244/5346
f 8917/4244/5346 8908/4236/5279 8881/4209/5313
f 8896/4223/5386 8887/4214/3640 8895/4221/5385
f 8906/4233/5323 8887/4214/3640 8854/4197/5322
f 8887/4214/3640 8904/4231/5340 8855/4196/5376
f 8903/4229/5291 8887/4214/3640 8900/4227/5387
f 8887/4214/3640 8889/4215/5333 8895/4221/5385
f 8888/4216/5383 8887/4214/3640 8890/4219/5329
f 8887/4214/3640 8903/4229/5291 8904/4231/5340
f 8854/4197/5322 8887/4214/3640 8855/4196/5376
f 8887/4214/3640 8899/4225/5338 8900/4227/5387
f 8899/4225/5338 8887/4214/3640 8896/4223/5386
f 8887/4214/3640 8906/4233/5323 8890/4219/5329
f 8918/4245/5339 8844/4183/5295 8843/4184/5371
f 8843/4184/5371 8919/4246/5388 8918/4245/5339
f 8919/4246/5388 8843/4184/5371 8846/4186/5299
f 8846/4186/5299 8920/4247/5290 8919/4246/5388
f 8921/4248/5336 8852/4193/5283 8844/4183/5295
f 8844/4183/5295 8918/4245/5339 8921/4248/5336
f 8920/4247/5290 8846/4186/5299 8858/4198/5302
f 8858/4198/5302 8922/4249/5348 8920/4247/5290
f 8922/4249/5348 8858/4198/5302 8860/4200/5378
f 8860/4200/5378 8923/4250/5325 8922/4249/5348
f 8924/4250/5349 8864/4200/5379 8863/4198/5306
f 8863/4198/5306 8925/4249/5375 8924/4250/5349
f 8925/4249/5375 8863/4198/5306 8866/4186/5308
f 8866/4186/5308 8926/4247/5389 8925/4249/5375
f 8926/4247/5389 8866/4186/5308 8868/4184/5311
f 8868/4184/5311 8927/4246/5328 8926/4247/5389
f 8927/4246/5328 8868/4184/5311 8870/4183/5289
f 8870/4183/5289 8928/4245/5331 8927/4246/5328
f 8928/4245/5331 8870/4183/5289 8872/4193/5281
f 8872/4193/5281 8929/4248/5384 8928/4245/5331
f 8929/4248/5384 8872/4193/5281 8874/4202/5382
f 8874/4202/5382 8930/4251/5335 8929/4248/5384
f 8931/4251/5335 8876/4202/5280 8852/4193/5283
f 8852/4193/5283 8921/4248/5336 8931/4251/5335
f 8932/4252/5392 8933/4253/5393 8934/4254/5394
f 8934/4254/5394 8935/4255/5395 8932/4252/5392
f 8935/4255/5395 8934/4254/5394 8936/4256/5396
f 8936/4256/5396 8937/4257/5397 8935/4255/5395
f 8938/4258/5398 8939/4259/5399 8940/4260/5400
f 8940/4260/5400 8941/4261/5401 8938/4258/5398
f 8942/4262/5402 8943/4263/5403 8933/4253/5393
f 8933/4253/5393 8932/4252/5392 8942/4262/5402
f 8944/4264/5404 8945/4265/5405 8946/4266/5406
f 8946/4266/5406 8947/4267/5407 8944/4264/5404
f 8937/4257/5397 8936/4256/5396 8948/4268/5408
f 8948/4268/5408 8949/4269/5409 8937/4257/5397
f 8949/4269/5409 8948/4268/5408 8950/4270/4027
f 8950/4270/4027 8951/4271/5399 8949/4269/5409
f 8952/4271/5410 8953/4270/4027 8954/4268/5411
f 8954/4268/5411 8955/4269/5400 8952/4271/5410
f 8955/4269/5400 8954/4268/5411 8956/4256/5412
f 8956/4256/5412 8957/4257/5413 8955/4269/5400
f 8957/4257/5413 8956/4256/5412 8958/4254/4011
f 8958/4254/4011 8959/4255/5414 8957/4257/5413
f 8959/4255/5414 8958/4254/4011 8960/4253/5415
f 8960/4253/5415 8961/4252/5416 8959/4255/5414
f 8961/4252/5416 8960/4253/5415 8962/4263/5417
f 8962/4263/5417 8963/4262/5418 8961/4252/5416
f 8963/4262/5418 8962/4263/5417 8964/4272/4019
f 8964/4272/4019 8965/4273/5419 8963/4262/5418
f 8966/4273/5419 8967/4272/4020 8943/4263/5403
f 8943/4263/5403 8942/4262/5402 8966/4273/5419
f 8941/4261/5401 8968/4274/5420 8969/4275/5421
f 8969/4275/5421 8970/4276/5422 8971/4277/5423
f 8971/4277/5423 8972/4278/5424 8973/4279/5425
f 8969/4275/5421 8971/4277/5423 8973/4279/5425
f 8973/4279/5425 8974/4280/5426 8975/4281/5427
f 8975/4281/5427 8976/4282/5428 8977/4283/5429
f 8973/4279/5425 8975/4281/5427 8977/4283/5429
f 8969/4275/5421 8973/4279/5425 8977/4283/5429
f 8941/4261/5401 8969/4275/5421 8977/4283/5429
f 8938/4258/5398 8941/4261/5401 8977/4283/5429
f 8946/4266/5406 8945/4265/5405 8978/4284/4006
f 8979/4285/5430 8980/4286/5431 8981/4287/5432
f 8981/4287/5432 8982/4288/5433 8979/4285/5430
f 8983/4289/5434 8984/4290/5435 8978/4284/4006
f 8983/4289/5434 8985/4291/5436 8986/4292/5437
f 8986/4292/5437 8984/4290/5435 8983/4289/5434
f 8987/4293/5438 8988/4294/5439 8945/4265/5405
f 8945/4265/5405 8944/4264/5404 8987/4293/5438
f 8945/4265/5405 8988/4294/5439 8978/4284/4006
f 8978/4284/4006 8981/4287/5432 8980/4286/5431
f 8989/4295/5440 8990/4296/5441 8988/4294/5439
f 8988/4294/5439 8987/4293/5438 8989/4295/5440
f 8988/4294/5439 8990/4296/5441 8978/4284/4006
f 8982/4288/5433 8981/4287/5432 8990/4296/5441
f 8990/4296/5441 8989/4295/5440 8982/4288/5433
f 8990/4296/5441 8981/4287/5432 8978/4284/4006
f 8978/4284/4006 8991/4297/5442 8983/4289/5434
f 8983/4289/5434 8991/4297/5442 8992/4298/5443
f 8992/4298/5443 8985/4291/5436 8983/4289/5434
f 8993/4299/5444 8994/4300/5445 8984/4290/5435
f 8984/4290/5435 8986/4292/5437 8993/4299/5444
f 8984/4290/5435 8994/4300/5445 8978/4284/4006
f 8995/4301/5446 8996/4302/5447 8980/4286/5431
f 8980/4286/5431 8979/4285/5430 8995/4301/5446
f 8980/4286/5431 8996/4302/5447 8978/4284/4006
f 8992/4298/5443 8991/4297/5442 8996/4302/5447
f 8996/4302/5447 8995/4301/5446 8992/4298/5443
f 8996/4302/5447 8991/4297/5442 8978/4284/4006
f 8978/4284/4006 8994/4300/5445 8997/4303/5448
f 8994/4300/5445 8993/4299/5444 8998/4304/5449
f 8998/4304/5449 8997/4303/5448 8994/4300/5445
f 8978/4284/4006 8997/4303/5448 8946/4266/5406
f 8997/4303/5448 8998/4304/5449 8947/4267/5407
f 8947/4267/5407 8946/4266/5406 8997/4303/5448
f 8999/4305/5450 8976/4282/5428 8975/4281/5427
f 8975/4281/5427 9000/4255/5451 8999/4305/5450
f 8975/4281/5427 8974/4280/5426 9001/4306/5452
f 9001/4306/5452 9000/4255/5451 8975/4281/5427
f 9001/4306/5452 8974/4280/5426 8973/4279/5425
f 8973/4279/5425 9002/4307/5453 9001/4306/5452
f 8973/4279/5425 8972/4278/5424 9003/4308/5419
f 9003/4308/5419 9002/4307/5453 8973/4279/5425
f 9003/4308/5419 8972/4278/5424 8971/4277/5423
f 8971/4277/5423 9004/4309/5454 9003/4308/5419
f 8971/4277/5423 8970/4276/5422 9005/4310/5455
f 9005/4310/5455 9004/4309/5454 8971/4277/5423
f 9005/4310/5455 8970/4276/5422 8969/4275/5421
f 8969/4275/5421 9006/4311/5414 9005/4310/5455
f 8969/4275/5421 8968/4274/5420 9007/4312/5456
f 9007/4312/5456 9006/4311/5414 8969/4275/5421
f 9007/4312/5456 8968/4274/5420 8941/4261/5401
f 8941/4261/5401 8940/4260/5400 9007/4312/5456
f 9008/4313/5457 8939/4259/5399 8938/4258/5398
f 8938/4258/5398 8977/4283/5429 9008/4313/5457
f 9008/4313/5457 8977/4283/5429 8976/4282/5428
f 8976/4282/5428 8999/4305/5450 9008/4313/5457
f 9009/4314/5458 9010/4288/5444 8934/4254/5394
f 8934/4254/5394 8933/4253/5393 9009/4314/5458
f 9010/4288/5444 9011/4315/5459 8936/4256/5396
f 8936/4256/5396 8934/4254/5394 9010/4288/5444
f 9012/4316/5407 9009/4314/5458 8933/4253/5393
f 8933/4253/5393 8943/4263/5403 9012/4316/5407
f 9011/4315/5459 9013/4317/5460 8948/4268/5408
f 8948/4268/5408 8936/4256/5396 9011/4315/5459
f 9013/4317/5460 9014/4318/5443 8950/4270/4027
f 8950/4270/4027 8948/4268/5408 9013/4317/5460
f 9015/4318/5443 9016/4317/5461 8954/4268/5411
f 8954/4268/5411 8953/4270/4027 9015/4318/5443
f 9016/4317/5461 9017/4315/5462 8956/4256/5412
f 8956/4256/5412 8954/4268/5411 9016/4317/5461
f 9017/4315/5462 9018/4288/5463 8958/4254/4011
f 8958/4254/4011 8956/4256/5412 9017/4315/5462
f 9018/4288/5463 9019/4314/5464 8960/4253/5415
f 8960/4253/5415 8958/4254/4011 9018/4288/5463
f 9019/4314/5464 9020/4316/5465 8962/4263/5417
f 8962/4263/5417 8960/4253/5415 9019/4314/5464
f 9020/4316/5465 9021/4319/5404 8964/4272/4019
f 8964/4272/4019 8962/4263/5417 9020/4316/5465
f 9022/4319/5466 9012/4316/5407 8943/4263/5403
f 8943/4263/5403 8967/4272/4020 9022/4319/5466
f 9023/4252/5458 9024/4255/5444 9025/4254/5394
f 9025/4254/5394 9026/4253/5393 9023/4252/5458
f 9024/4255/5444 9027/4257/5437 9028/4256/5396
f 9028/4256/5396 9025/4254/5394 9024/4255/5444
f 9029/4258/5467 9030/4261/5468 9031/4260/5446
f 9031/4260/5446 9032/4259/5443 9029/4258/5467
f 9033/4262/5407 9023/4252/5458 9026/4253/5393
f 9026/4253/5393 9034/4263/5469 9033/4262/5407
f 9035/4264/5419 9036/4267/5402 9037/4266/5470
f 9037/4266/5470 9038/4265/5471 9035/4264/5419
f 9027/4257/5437 9039/4269/5460 9040/4268/5408
f 9040/4268/5408 9028/4256/5396 9027/4257/5437
f 9039/4269/5460 9041/4271/5443 9042/4270/4027
f 9042/4270/4027 9040/4268/5408 9039/4269/5460
f 9043/4271/5443 9044/4269/5461 9045/4268/5411
f 9045/4268/5411 9046/4270/4027 9043/4271/5443
f 9044/4269/5461 9047/4257/5462 9048/4256/5412
f 9048/4256/5412 9045/4268/5411 9044/4269/5461
f 9047/4257/5462 9049/4255/5463 9050/4254/4011
f 9050/4254/4011 9048/4256/5412 9047/4257/5462
f 9049/4255/5463 9051/4252/5464 9052/4253/5415
f 9052/4253/5415 9050/4254/4011 9049/4255/5463
f 9051/4252/5464 9053/4262/5465 9054/4263/5472
f 9054/4263/5472 9052/4253/5415 9051/4252/5464
f 9053/4262/5465 9055/4273/5404 9056/4272/4019
f 9056/4272/4019 9054/4263/5472 9053/4262/5465
f 9057/4273/5466 9033/4262/5407 9034/4263/5469
f 9034/4263/5469 9058/4272/4020 9057/4273/5466
f 9059/4283/5473 9060/4282/5474 9061/4281/5475
f 9061/4281/5475 9062/4280/5476 9063/4279/5477
f 9059/4283/5473 9061/4281/5475 9063/4279/5477
f 9063/4279/5477 9064/4278/5478 9065/4277/5479
f 9065/4277/5479 9066/4276/5480 9067/4275/5481
f 9063/4279/5477 9065/4277/5479 9067/4275/5481
f 9059/4283/5473 9063/4279/5477 9067/4275/5481
f 9067/4275/5481 9068/4274/5482 9030/4261/5468
f 9059/4283/5473 9067/4275/5481 9030/4261/5468
f 9029/4258/5467 9059/4283/5473 9030/4261/5468
f 9037/4266/5470 9069/4284/4001 9038/4265/5471
f 9070/4285/5456 9071/4288/5414 9072/4287/5483
f 9072/4287/5483 9073/4286/5484 9070/4285/5456
f 9074/4289/5485 9069/4284/4001 9075/4290/5486
f 9074/4289/5485 9075/4290/5486 9076/4292/5450
f 9076/4292/5450 9077/4291/5409 9074/4289/5485
f 9078/4293/5454 9035/4264/5419 9038/4265/5471
f 9038/4265/5471 9079/4294/5487 9078/4293/5454
f 9038/4265/5471 9069/4284/4001 9079/4294/5487
f 9069/4284/4001 9073/4286/5484 9072/4287/5483
f 9080/4295/5455 9078/4293/5454 9079/4294/5487
f 9079/4294/5487 9081/4296/5488 9080/4295/5455
f 9079/4294/5487 9069/4284/4001 9081/4296/5488
f 9071/4288/5414 9080/4295/5455 9081/4296/5488
f 9081/4296/5488 9072/4287/5483 9071/4288/5414
f 9081/4296/5488 9069/4284/4001 9072/4287/5483
f 9069/4284/4001 9074/4289/5485 9082/4297/5489
f 9074/4289/5485 9077/4291/5409 9083/4298/5399
f 9083/4298/5399 9082/4297/5489 9074/4289/5485
f 9084/4299/5451 9076/4292/5450 9075/4290/5486
f 9075/4290/5486 9085/4300/5490 9084/4299/5451
f 9075/4290/5486 9069/4284/4001 9085/4300/5490
f 9086/4301/5400 9070/4285/5456 9073/4286/5484
f 9073/4286/5484 9087/4302/5491 9086/4301/5400
f 9073/4286/5484 9069/4284/4001 9087/4302/5491
f 9083/4298/5399 9086/4301/5400 9087/4302/5491
f 9087/4302/5491 9082/4297/5489 9083/4298/5399
f 9087/4302/5491 9069/4284/4001 9082/4297/5489
f 9069/4284/4001 9088/4303/5492 9085/4300/5490
f 9085/4300/5490 9088/4303/5492 9089/4304/5493
f 9089/4304/5493 9084/4299/5451 9085/4300/5490
f 9069/4284/4001 9037/4266/5470 9088/4303/5492
f 9088/4303/5492 9037/4266/5470 9036/4267/5402
f 9036/4267/5402 9089/4304/5493 9088/4303/5492
f 9090/4305/5437 9091/4255/5444 9061/4281/5475
f 9061/4281/5475 9060/4282/5474 9090/4305/5437
f 9061/4281/5475 9091/4255/5444 9092/4306/5494
f 9092/4306/5494 9062/4280/5476 9061/4281/5475
f 9092/4306/5494 9093/4307/5407 9063/4279/5477
f 9063/4279/5477 9062/4280/5476 9092/4306/5494
f 9063/4279/5477 9093/4307/5407 9094/4308/5404
f 9094/4308/5404 9064/4278/5478 9063/4279/5477
f 9094/4308/5404 9095/4309/5438 9065/4277/5479
f 9065/4277/5479 9064/4278/5478 9094/4308/5404
f 9065/4277/5479 9095/4309/5438 9096/4310/5440
f 9096/4310/5440 9066/4276/5480 9065/4277/5479
f 9096/4310/5440 9097/4311/5433 9067/4275/5481
f 9067/4275/5481 9066/4276/5480 9096/4310/5440
f 9067/4275/5481 9097/4311/5433 9098/4312/5430
f 9098/4312/5430 9068/4274/5482 9067/4275/5481
f 9098/4312/5430 9031/4260/5446 9030/4261/5468
f 9030/4261/5468 9068/4274/5482 9098/4312/5430
f 9099/4313/5436 9059/4283/5473 9029/4258/5467
f 9029/4258/5467 9032/4259/5443 9099/4313/5436
f 9099/4313/5436 9090/4305/5437 9060/4282/5474
f 9060/4282/5474 9059/4283/5473 9099/4313/5436
f 9100/4314/5392 9026/4253/5393 9025/4254/5394
f 9025/4254/5394 9101/4288/5451 9100/4314/5392
f 9101/4288/5451 9025/4254/5394 9028/4256/5396
f 9028/4256/5396 9102/4315/5397 9101/4288/5451
f 9103/4316/5402 9034/4263/5469 9026/4253/5393
f 9026/4253/5393 9100/4314/5392 9103/4316/5402
f 9102/4315/5397 9028/4256/5396 9040/4268/5408
f 9040/4268/5408 9104/4317/5409 9102/4315/5397
f 9104/4317/5409 9040/4268/5408 9042/4270/4027
f 9042/4270/4027 9105/4318/5410 9104/4317/5409
f 9106/4318/5410 9046/4270/4027 9045/4268/5411
f 9045/4268/5411 9107/4317/5400 9106/4318/5410
f 9107/4317/5400 9045/4268/5411 9048/4256/5412
f 9048/4256/5412 9108/4315/5413 9107/4317/5400
f 9108/4315/5413 9048/4256/5412 9050/4254/4011
f 9050/4254/4011 9109/4288/5414 9108/4315/5413
f 9109/4288/5414 9050/4254/4011 9052/4253/5415
f 9052/4253/5415 9110/4314/5416 9109/4288/5414
f 9110/4314/5416 9052/4253/5415 9054/4263/5472
f 9054/4263/5472 9111/4316/5418 9110/4314/5416
f 9111/4316/5418 9054/4263/5472 9056/4272/4019
f 9056/4272/4019 9112/4319/5419 9111/4316/5418
f 9113/4319/5419 9058/4272/4020 9034/4263/5469
f 9034/4263/5469 9103/4316/5402 9113/4319/5419
