# Blender 5.2.0 LTS
# www.blender.org
mtllib jagde100gun.mtl
o gun
v -37.045853 3.894352 -5.789617
v -37.045853 5.159191 -4.084914
v -37.045853 2.190483 -7.053965
v -36.354027 2.442852 -7.489313
v -36.354027 4.251255 -6.146568
v -36.354034 5.593735 -4.336782
v 1.014435 6.029793 -4.588607
v -36.354034 6.489723 -2.270123
v -37.045853 6.002907 -2.138352
v -37.045853 -1.862362 -8.139837
v -37.045876 6.244820 -0.031660
v -36.354050 6.748070 -0.031659
v -37.045883 6.002907 2.075031
v -36.354050 6.489723 2.206805
v 1.014427 7.251328 -0.031615
v 1.014427 6.978050 -2.400183
v 1.014427 6.978050 2.336954
v -36.354050 5.593735 4.273465
v 1.014420 6.029793 4.525378
v -36.354057 4.251255 6.083252
v 1.014420 4.609653 6.440249
v -36.354057 2.442852 7.425996
v 1.014420 2.693737 7.861390
v -36.354057 0.374619 8.320047
v 1.014420 0.506035 8.808818
v -36.354057 -1.862362 8.578588
v 1.014420 -1.862354 9.082371
v -36.354042 -4.100838 8.320047
v 1.014420 -4.232243 8.808818
v -36.354042 -6.167580 7.425996
v 1.014420 -6.419945 7.861390
v -36.354042 -7.977474 6.083252
v 1.014420 -8.334370 6.440249
v -36.354034 -9.319958 4.273465
v 1.014420 -9.756001 4.525378
v -36.354034 -10.215946 2.206805
v 1.014427 -10.704254 2.336954
v -36.354034 -10.472801 -0.031659
v 1.014427 -10.976036 -0.031615
v 1.014435 -10.704254 -2.400183
v -36.354034 -10.215946 -2.270123
v 1.014442 -9.756001 -4.588607
v -36.354034 -9.319958 -4.336782
v 1.014442 -8.334370 -6.503478
v -36.354027 -7.977474 -6.146568
v 1.014442 -6.419945 -7.924619
v -36.354027 -6.167580 -7.489313
v 1.014442 -4.232243 -8.872046
v -36.354027 -4.100838 -8.385033
v 1.014435 -1.862354 -9.145599
v -36.354027 -1.862362 -8.641906
v 1.014435 0.506035 -8.872046
v -36.354027 0.374619 -8.385033
v 1.014435 2.693737 -7.924619
v 1.014435 4.609653 -6.503478
v -37.045853 0.244701 -7.896308
v -37.045853 -3.970921 -7.896308
v -37.045853 -5.916702 -7.053965
v -37.045853 -7.620571 -5.789617
v -37.045853 -8.883911 -4.084914
v -37.045853 -9.727634 -2.138352
v -37.045860 -9.971043 -0.031660
v -37.045868 -9.727634 2.075031
v -37.045868 -8.883911 4.021595
v -37.045868 -7.620571 5.726297
v -37.045868 -5.916702 6.990645
v -37.045868 -3.970921 7.832988
v -37.045883 -1.862362 8.076517
v -37.045883 0.244701 7.832988
v -37.045883 2.190483 6.990645
v -37.045883 3.894352 5.726297
v -37.045883 5.159191 4.021595
v -221.620529 6.636032 2.251619
v -222.264328 4.257195 2.583552
v -222.264328 6.196999 3.317475
v -221.610916 4.593189 1.319204
v -220.304123 6.636032 2.251622
v -220.294540 4.593189 1.319206
v -219.631516 4.257195 2.583555
v -219.631516 6.196999 3.317477
v -220.284927 5.765434 4.358313
v -220.294540 3.591175 3.709459
v -221.620529 5.765434 4.358311
v -221.610916 3.591175 3.709456
v -222.245102 -10.577366 -0.031881
v -222.245102 -8.441929 -0.031881
v -222.888901 -10.422058 1.140726
v -222.888901 -10.431019 -1.141106
v -224.205307 -10.431019 -1.141107
v -222.888901 -8.274677 -1.284555
v -224.205307 -8.271690 -1.292896
v -224.214890 -8.277664 -1.276216
v -224.849075 -8.441929 -0.031885
v -224.253342 -8.277664 1.214117
v -224.205307 -10.422058 1.140725
v -224.849075 -10.577366 -0.031885
v -222.840866 -8.277664 1.214118
v -226.886124 6.636032 2.251613
v -227.529922 4.257195 2.583545
v -227.529922 6.196999 3.317469
v -226.866898 4.593189 1.319198
v -225.540909 6.636032 2.251616
v -225.550522 4.593189 1.319199
v -224.897110 4.257195 2.583549
v -224.897110 6.196999 3.317471
v -225.540909 5.765434 4.358306
v -225.550522 3.591175 3.709452
v -226.866898 3.591175 3.709450
v -226.876511 5.765434 4.358304
v -224.858688 6.937683 -0.015205
v -224.205307 6.794319 -1.141107
v -224.849075 4.787315 -0.031885
v -224.205307 6.785362 1.140725
v -222.888901 6.785362 1.140726
v -224.253342 4.623051 1.214117
v -222.840866 4.623051 1.214118
v -222.245102 4.787315 -0.031881
v -222.879288 6.788353 1.117374
v -222.235489 6.937683 -0.015201
v -222.888901 6.794319 -1.141106
v -222.879288 4.623051 -1.276215
v -224.214890 4.623051 -1.276216
v -230.172348 6.937683 -0.015211
v -229.528549 6.794319 -1.141114
v -230.162735 4.787312 -0.031891
v -229.528549 6.785362 1.140719
v -228.212143 6.785362 1.140720
v -229.566971 4.623047 1.214110
v -228.164078 4.623051 1.214112
v -227.568375 4.787315 -0.031888
v -228.202530 4.623051 -1.276221
v -228.212143 6.794319 -1.141112
v -227.558762 6.937683 -0.015208
v -229.538162 4.623047 -1.276223
v -227.568375 -10.577366 -0.031888
v -227.558762 -8.438942 -0.013540
v -228.212143 -10.422058 1.140720
v -228.212143 -10.431019 -1.141112
v -229.528549 -10.431026 -1.141114
v -228.202530 -8.274677 -1.284561
v -229.538162 -8.277668 -1.276223
v -230.162735 -8.441933 -0.031891
v -229.566971 -8.277668 1.214110
v -229.528549 -10.422062 1.140719
v -230.162735 -10.577370 -0.031891
v -228.164078 -8.277664 1.214112
v -229.528549 5.069550 5.270701
v -230.172348 2.835552 4.640195
v -230.181961 4.373665 6.178096
v -229.547775 3.598637 3.642727
v -228.212143 5.069553 5.270702
v -228.192917 3.598640 3.642729
v -227.558762 2.835556 4.640198
v -227.549149 4.373669 6.178099
v -228.212143 3.456779 6.883664
v -228.173691 1.842506 5.404142
v -229.557388 1.842503 5.404141
v -229.528549 3.456768 6.883663
v -235.505203 -10.577370 -0.031898
v -235.505203 -8.441933 -0.031898
v -234.861404 -10.431026 -1.141120
v -234.861404 -10.422062 1.140712
v -233.544998 -10.422062 1.140713
v -234.909470 -8.277668 1.214104
v -233.506577 -8.277668 1.214105
v -232.910843 -8.441933 -0.031894
v -233.535385 -8.277668 -1.276227
v -233.544998 -10.431026 -1.141119
v -232.910843 -10.577370 -0.031894
v -234.871017 -8.277668 -1.276229
v -218.228653 -9.403618 4.358315
v -218.228653 -8.010361 6.178110
v -214.308273 -6.664886 4.828698
v -214.308273 -7.755005 3.404221
v -218.228653 -10.277210 2.241616
v -244.825699 -10.277214 2.241584
v -244.825699 -9.403629 4.358284
v -244.825699 -8.010372 6.178078
v -245.219650 -7.832664 5.999601
v -245.219650 -9.184113 4.233183
v -245.219650 -10.033810 2.176531
v -245.479080 -9.493225 2.031415
v -245.479080 -9.765007 -0.031909
v -245.479080 -8.700279 3.951289
v -245.219650 -10.323509 -0.031909
v -245.219650 -10.033810 -2.238681
v -245.479080 -9.493225 -2.093565
v -244.825699 -10.577374 -0.031908
v -218.228653 -10.577366 -0.031876
v -244.825699 -10.277214 -2.303733
v -218.228653 -10.277210 -2.303700
v -214.308273 -7.755005 -3.467964
v -218.228653 -9.403618 -4.422069
v -244.825699 -9.403629 -4.422100
v -214.308273 -8.438942 -1.809966
v -214.308273 -8.673393 -0.031872
v -204.785965 -8.438942 1.747902
v -214.308273 -8.438942 1.747891
v -204.785965 -8.673389 -0.031861
v -204.785965 -8.438942 -1.809955
v -204.785965 -7.755005 -3.467953
v -204.334396 -7.616127 -0.031860
v -204.334396 -7.417515 -1.536401
v -204.334396 -6.838108 -2.937526
v -204.334396 -5.916737 -4.141828
v -36.719162 -8.267178 -3.764658
v -36.719162 -9.010845 -1.963211
v -36.719170 -9.264706 -0.031660
v -36.719170 -9.010845 1.901559
v -204.334396 -7.417515 1.472682
v -36.719177 -8.267178 3.701337
v -204.334396 -6.838108 2.875475
v -36.719177 -7.082981 5.249247
v -204.334396 -5.916737 4.078106
v -36.719177 -5.540390 6.435199
v -204.334396 -4.716114 5.002182
v -36.719177 -3.743935 7.180798
v -204.334396 -3.316883 5.582647
v -36.719177 -1.817562 7.436002
v -204.334396 -1.817596 5.781141
v -36.719185 0.107315 7.180798
v -204.334396 -0.319805 5.582647
v -36.719185 1.903770 6.435199
v -204.334396 1.079430 5.002182
v -36.719177 3.446358 5.249247
v -204.334396 2.280052 4.078106
v -36.719177 4.630554 3.701337
v -204.334396 3.201420 2.873807
v -36.719177 5.374222 1.901559
v -204.334396 3.780827 1.472682
v -36.719170 5.628082 -0.031660
v -204.334396 3.977947 -0.031860
v -36.719162 5.374222 -1.963211
v -204.334396 3.780827 -1.536401
v -36.719162 4.630554 -3.764658
v -204.334396 3.201420 -2.937526
v -36.719162 3.446358 -5.310899
v -204.334396 2.280052 -4.141828
v -36.719162 1.903770 -6.498519
v -204.334396 1.079430 -5.065903
v -36.719162 0.107315 -7.244118
v -204.334396 -0.319805 -5.646368
v -36.719162 -1.817562 -7.499323
v -204.334396 -1.817596 -5.844861
v -36.719162 -3.743935 -7.244118
v -204.334396 -3.316883 -5.646368
v -36.719162 -5.540390 -6.498519
v -204.334396 -4.716114 -5.065903
v -36.719162 -7.082981 -5.310899
v -204.785965 -6.664886 -4.890761
v -204.785965 -5.244747 -5.984973
v -204.785965 -3.591648 -6.670525
v -214.308273 -5.244747 -5.984986
v -214.308273 -3.591652 -6.670536
v -214.308273 -6.664886 -4.890773
v -218.228622 -6.197479 -7.637983
v -218.228653 -8.010361 -6.241862
v -244.825668 -6.197487 -7.638015
v -244.825699 -8.010372 -6.241894
v -245.219650 -7.832664 -6.061751
v -245.219650 -6.070560 -7.417840
v -245.219650 -4.018745 -8.270191
v -245.479050 -3.873894 -7.728090
v -245.479080 -5.791309 -6.932451
v -245.479080 -7.436935 -5.664767
v -245.479080 -4.863964 -5.321157
v -245.479080 -3.393051 -5.929978
v -245.479080 -1.817608 -6.138480
v -246.295822 -4.863964 -5.321157
v -246.295822 -3.393051 -5.929979
v -246.295822 -1.817608 -6.138481
v -246.295822 -2.349224 -5.094308
v -246.295822 -1.285988 -5.094308
v -246.295822 -0.243652 -5.929979
v -245.479080 -0.243652 -5.929978
v -245.479080 1.225761 -5.321157
v -245.479080 2.153111 -6.932451
v -245.479050 0.235699 -7.728090
v -246.295822 1.225761 -5.321157
v -246.295822 -0.243652 -4.874133
v -246.295822 0.728493 -4.440451
v -246.295822 1.588638 -3.814947
v -246.295822 2.487614 -4.350379
v -245.479080 2.487614 -4.350377
v -245.479080 3.798740 -5.664767
v -245.479080 3.456768 -3.084361
v -245.479080 5.062077 -4.015108
v -246.295822 3.456768 -3.084361
v -246.295822 2.300945 -3.024313
v -246.295822 2.834057 -2.101905
v -246.295822 4.064548 -1.611511
v -245.479080 4.064548 -1.611510
v -245.479080 5.856522 -2.093565
v -245.479080 4.272118 -0.031909
v -246.295822 4.272118 -0.031910
v -246.295822 3.162586 -1.089426
v -246.295822 3.273090 -0.031910
v -246.295822 3.162586 1.027274
v -246.295822 4.064548 1.549360
v -245.479080 4.064548 1.549361
v -245.479080 6.126816 -0.031909
v -245.479080 5.856522 2.031415
v -245.479080 3.456768 3.022210
v -246.295822 3.456768 3.022209
v -246.295822 2.834057 2.039754
v -246.295822 2.300945 2.960493
v -246.295822 2.487614 4.286556
v -245.479080 2.487614 4.286559
v -245.479080 5.062077 3.951289
v -245.479080 3.798740 5.602614
v -245.479080 1.225761 5.257339
v -246.295822 1.225761 5.257337
v -246.295822 1.588638 3.752796
v -246.295822 0.728493 4.378297
v -246.295822 -0.243652 4.810310
v -246.295822 -0.243652 5.867826
v -245.479080 -0.243652 5.867827
v -245.479080 2.153111 6.868631
v -245.479111 0.235699 7.664269
v -245.479080 -1.817608 6.076328
v -246.295822 -1.817608 6.076327
v -246.295822 -1.285988 5.032156
v -246.295822 -2.349224 5.032156
v -246.295822 -3.393051 5.867826
v -245.479080 -3.393051 5.867827
v -245.479111 -3.873894 7.664269
v -245.479080 -5.791309 6.868631
v -245.479080 -4.863964 5.257339
v -246.295822 -4.863964 5.257337
v -246.295822 -3.391560 4.810310
v -246.295822 -4.363705 4.378297
v -246.295822 -5.223850 3.752796
v -246.295822 -6.124317 4.286556
v -245.479080 -6.124317 4.286559
v -245.479080 -7.436935 5.602614
v -245.479080 -7.093475 3.022210
v -246.295822 -7.093475 3.022209
v -246.295822 -7.701252 1.549360
v -246.295822 -6.469269 2.039754
v -246.295822 -5.936161 2.960493
v -245.479080 -7.701252 1.549361
v -245.479080 -7.908821 -0.031909
v -246.295822 -7.908821 -0.031910
v -246.295822 -6.797798 1.027274
v -246.295822 -6.908306 -0.031910
v -246.295822 -6.797798 -1.089426
v -246.295822 -7.701252 -1.611511
v -245.479080 -7.701252 -1.611510
v -245.479080 -7.093475 -3.084361
v -246.295822 -7.093475 -3.084361
v -246.295822 -6.469269 -2.101905
v -246.295822 -5.936161 -3.024313
v -246.295822 -6.124317 -4.350379
v -245.479080 -6.124317 -4.350377
v -245.479080 -8.700279 -4.015108
v -245.219650 -9.184113 -4.295332
v -246.295822 -5.223850 -3.814947
v -246.295822 -4.363705 -4.440451
v -245.997940 -4.136719 -4.048468
v -245.997940 -4.922199 -3.479678
v -243.759109 -4.922199 -3.479676
v -243.759109 -5.570297 -2.757429
v -245.997940 -5.570297 -2.757431
v -243.759109 -6.055626 -1.918422
v -245.997940 -6.055626 -1.918424
v -243.759109 -6.355782 -0.996015
v -245.997940 -6.355782 -0.996017
v -243.759109 -6.457325 -0.031907
v -245.997940 -6.457325 -0.031910
v -243.759109 -6.355782 0.933868
v -245.997940 -6.355782 0.933866
v -243.759109 -6.055626 1.854607
v -245.997940 -6.055626 1.854605
v -243.759109 -5.570297 2.695283
v -245.997940 -5.570297 2.695280
v -243.759109 -4.922199 3.415861
v -245.997940 -4.922199 3.415859
v -243.759109 -4.136719 3.986319
v -245.997940 -4.136719 3.986317
v -243.759109 -3.251183 4.381638
v -245.997940 -3.251183 4.381634
v -243.759109 -2.302933 4.581799
v -245.997940 -2.302933 4.581795
v -243.759109 -1.332283 4.581799
v -245.997940 -1.332283 4.581795
v -243.759109 -0.384026 4.381638
v -245.997940 -0.384026 4.381634
v -243.759109 0.501507 3.986319
v -245.997940 0.501507 3.986317
v -243.759109 1.286987 3.415861
v -245.997940 1.286987 3.415859
v -243.759109 1.935089 2.695283
v -245.997940 1.935081 2.695280
v -243.759109 2.420414 1.854607
v -245.997940 2.420414 1.854605
v -243.759109 2.720566 0.933868
v -245.997940 2.720566 0.933866
v -243.759109 2.822109 -0.031907
v -245.997940 2.822109 -0.031910
v -243.759109 2.720566 -0.996015
v -245.997940 2.720566 -0.996017
v -243.759109 2.420414 -1.918422
v -245.997940 2.420414 -1.918424
v -243.759109 1.935089 -2.757429
v -245.997940 1.935081 -2.757431
v -243.759109 1.286987 -3.479676
v -245.997940 1.286987 -3.479678
v -243.759109 0.501507 -4.048465
v -245.997940 0.501507 -4.048468
v -243.759109 -0.384026 -4.443783
v -245.997940 -0.384026 -4.443786
v -243.759109 -1.332283 -4.645612
v -245.997940 -1.332283 -4.645614
v -243.759109 -2.302933 -4.645612
v -245.997940 -2.302933 -4.645614
v -243.759109 -3.251183 -4.443783
v -245.997940 -3.251183 -4.443786
v -246.295822 -3.391560 -4.874133
v -243.759109 -4.136719 -4.048465
v -243.509293 -6.207943 -4.907489
v -243.509293 -5.098412 -5.714804
v -243.509293 -3.845524 -6.271918
v -218.238235 -6.207935 -4.907458
v -218.238235 -5.098408 -5.714772
v -218.238235 -3.845512 -6.271886
v -214.039200 -4.362198 -2.857474
v -214.039200 -3.718582 -3.324515
v -214.039200 -2.992836 -3.648108
v -213.722122 -3.546848 -3.025942
v -213.722122 -4.132233 -2.602269
v -213.722122 -4.616066 -2.063503
v -185.904770 -4.132225 -2.602235
v -185.904770 -3.546848 -3.025909
v -185.904770 0.497040 2.538559
v -185.904770 -2.886806 -3.321146
v -185.904770 -2.178978 -3.471266
v -213.722122 -2.886806 -3.321179
v -213.722122 -2.178978 -3.471300
v -214.039200 -2.214817 -3.813241
v -218.238235 -2.503029 -6.557117
v -218.238235 -1.132168 -6.557117
v -214.039200 -1.420380 -3.813241
v -218.238235 0.210320 -6.271886
v -214.039200 -0.642361 -3.648108
v -213.722122 -1.456219 -3.471300
v -185.904770 -1.456211 -3.471266
v -185.904770 -0.748383 -3.321146
v -213.722122 -0.748390 -3.321179
v -185.904770 -0.088341 -3.025909
v -213.722122 -0.088345 -3.025942
v -214.039200 0.083385 -3.324515
v -218.238235 1.463207 -5.714772
v -218.238235 2.572739 -4.907458
v -214.039200 0.727005 -2.857474
v -218.238235 3.491123 -3.888306
v -214.039200 1.258621 -2.266999
v -213.722122 0.497036 -2.602269
v -185.904770 0.497040 -2.602235
v -185.904770 0.980873 -2.063469
v -213.722122 0.980869 -2.063503
v -185.904770 1.342255 -1.437967
v -213.722122 1.342247 -1.438001
v -214.039200 1.655846 -1.578113
v -218.238235 4.176556 -2.700686
v -218.238235 4.600655 -1.396305
v -214.039200 1.902241 -0.822506
v -218.238235 4.744015 -0.031876
v -214.039200 1.984375 -0.031871
v -213.722122 1.564754 -0.750782
v -185.904770 1.564758 -0.750749
v -185.904770 1.640919 -0.031838
v -213.722122 1.640911 -0.031871
v -185.904770 1.564758 0.687073
v -213.722122 1.564754 0.687039
v -214.039200 1.902241 0.758763
v -218.238235 4.600655 1.332553
v -218.238235 4.176556 2.636933
v -214.039200 1.655846 1.516038
v -218.238235 3.491123 3.826222
v -214.039200 1.258621 2.203257
v -213.722122 1.342247 1.375926
v -185.904770 1.342255 1.375959
v -185.904770 0.980873 2.001461
v -213.722122 0.980869 2.001428
v -213.722122 0.497036 2.538526
v -214.039200 0.727005 2.795399
v -218.238235 2.572739 4.845373
v -218.238235 1.463207 5.651020
v -214.039200 0.083385 3.262441
v -218.238235 0.210320 6.209803
v -214.039200 -0.642361 3.586034
v -213.722122 -0.088345 2.963868
v -185.904770 -0.088341 2.963901
v -185.904770 -0.748383 3.257470
v -213.722122 -0.748390 3.257437
v -185.904770 -1.456211 3.407591
v -213.722122 -1.456219 3.407557
v -214.039200 -1.420380 3.751166
v -218.238235 -1.132168 6.495030
v -218.238235 -2.503029 6.495030
v -214.039200 -2.214817 3.751166
v -218.238235 -3.845512 6.209803
v -214.039200 -2.992836 3.586034
v -213.722122 -2.178978 3.407557
v -185.904770 -2.178978 3.407591
v -185.904770 -2.886806 3.257470
v -213.722122 -2.886806 3.257437
v -185.904770 -3.546848 2.963901
v -213.722122 -3.546848 2.963868
v -214.039200 -3.718582 3.262441
v -218.238235 -5.098408 5.651020
v -218.238235 -6.207935 4.845373
v -214.039200 -4.362198 2.795399
v -218.238235 -7.126324 3.826222
v -214.039200 -4.893818 2.203257
v -213.722122 -4.132233 2.538526
v -185.904770 -4.132225 2.538559
v -185.904770 -4.616058 2.001461
v -213.722122 -4.616066 2.001428
v -185.904770 -4.977440 1.375959
v -213.722122 -4.977444 1.375926
v -214.039200 -5.291042 1.516038
v -218.238235 -7.811749 2.636933
v -218.238235 -8.235851 1.332553
v -214.039200 -5.537434 0.758763
v -218.238235 -8.379208 -0.031876
v -214.039200 -5.621059 -0.031871
v -213.722122 -5.199947 0.687039
v -185.904770 -5.199944 0.687073
v -185.904770 -5.276104 -0.031838
v -213.722122 -5.276108 -0.031871
v -185.904770 -5.199944 -0.750749
v -213.722122 -5.199947 -0.750782
v -214.039200 -5.537434 -0.822506
v -218.238235 -8.235851 -1.396305
v -218.238235 -7.811749 -2.700686
v -214.039200 -5.291042 -1.578113
v -218.238235 -7.126324 -3.888306
v -214.039200 -4.893818 -2.266999
v -213.722122 -4.977444 -1.438001
v -185.904770 -4.977440 -1.437967
v -185.904770 -4.616058 -2.063469
v -243.509293 -7.126331 -3.888336
v -243.509293 -7.811760 -2.700716
v -243.509293 -8.235859 -1.396336
v -243.509293 -8.379219 -0.031907
v -243.509293 -8.235859 1.332523
v -243.509293 -7.811760 2.636903
v -243.509293 -7.126331 3.826192
v -243.509293 -6.207943 4.845342
v -243.509293 -5.098412 5.650990
v -243.509293 -3.845524 6.209771
v -243.509293 -2.503033 6.495001
v -243.509293 -1.132172 6.495001
v -243.509293 0.210308 6.209771
v -243.509293 1.463203 5.650990
v -243.509293 2.572731 4.845342
v -243.509293 3.491119 3.826192
v -243.509293 4.176544 2.636903
v -243.509293 4.600647 1.332523
v -243.509293 4.744003 -0.031907
v -243.509293 4.600647 -1.396336
v -243.509293 4.176544 -2.700716
v -243.509293 3.491119 -3.888336
v -243.509293 2.572731 -4.907489
v -243.509293 1.463203 -5.714804
v -243.509293 0.210308 -6.271918
v -243.509293 -1.132172 -6.557146
v -243.509293 -2.503033 -6.557146
v -245.219650 -6.070560 7.355690
v -245.219650 -4.018745 8.206372
v -244.825729 -4.082958 8.451571
v -244.825699 -6.195995 7.574199
v -218.228653 -6.197479 7.574232
v -218.228683 -4.082954 8.451602
v -244.825729 -1.816116 8.751811
v -218.228683 -1.816105 8.751843
v -214.308273 -3.591652 6.608460
v -214.308273 -1.817596 6.843649
v -218.228683 0.446262 8.451602
v -214.308273 -0.046528 6.608460
v -204.785965 -0.046528 6.608471
v -204.785965 -1.817596 6.843660
v -204.785965 -3.591648 6.608471
v -214.308273 -5.244747 5.921242
v -204.785965 -5.244747 5.921253
v -204.785965 -6.664886 4.828710
v -204.785965 -7.755005 3.404231
v -214.308273 1.608059 5.921242
v -204.785965 1.608059 5.921253
v -204.785965 3.028198 4.828710
v -214.308273 3.028198 4.828698
v -214.308273 4.118313 3.404221
v -204.785965 4.118320 3.404231
v -204.785965 4.802254 1.747902
v -214.308273 4.802250 1.747891
v -204.785965 5.036701 -0.031861
v -214.308273 5.036701 -0.031872
v -218.228653 6.939178 -0.031876
v -218.228653 6.640511 -2.303700
v -214.308273 4.802250 -1.809966
v -204.785965 4.802254 -1.809955
v -218.228653 6.640511 2.241616
v -218.228653 5.765434 4.358315
v -244.825699 5.765427 4.358284
v -244.825699 6.640511 2.241584
v -244.825699 6.939171 -0.031908
v -244.825699 6.640511 -2.303733
v -245.219650 6.686806 -0.031909
v -245.219650 6.397095 2.176531
v -245.219650 5.547409 4.233183
v -245.219650 4.194462 5.999601
v -245.219650 2.433849 7.355690
v -244.825699 4.373661 6.178078
v -218.228653 4.373669 6.178110
v -244.825699 2.559292 7.574199
v -244.825729 0.446251 8.451571
v -218.228653 2.559296 7.574232
v -245.219650 0.380550 8.206372
v -245.219650 -1.816116 8.498274
v -245.479111 -1.816116 7.936155
v -245.219650 6.397095 -2.238681
v -245.219650 5.547409 -4.295332
v -244.825699 5.765427 -4.422100
v -218.228653 5.765434 -4.422069
v -218.228653 4.373669 -6.241862
v -244.825699 4.373661 -6.241894
v -245.219650 4.194462 -6.061751
v -245.219650 2.433849 -7.417840
v -245.219650 0.380550 -8.270191
v -244.825668 0.446251 -8.513720
v -244.825668 2.559292 -7.638015
v -218.228622 2.559296 -7.637983
v -218.228622 0.446262 -8.513687
v -218.228622 -1.816105 -8.813929
v -214.308273 -1.817596 -6.905725
v -214.308273 -0.046528 -6.670536
v -244.825668 -1.816116 -8.813960
v -218.228622 -4.082954 -8.513687
v -244.825668 -4.082958 -8.513720
v -245.219650 -1.816116 -8.560424
v -245.479050 -1.816116 -7.999975
v -214.308273 1.608059 -5.984986
v -204.785965 -0.046528 -6.670525
v -204.785965 1.608059 -5.984973
v -204.785965 -1.817596 -6.905714
v -204.785965 3.028198 -4.890761
v -204.785965 4.118320 -3.467953
v -214.308273 4.118313 -3.467964
v -214.308273 3.028198 -4.890773
v -235.514816 6.937683 -0.015218
v -234.861404 6.794319 -1.141120
v -235.505203 4.787312 -0.031898
v -234.861404 6.785362 1.140712
v -233.544998 6.785362 1.140713
v -234.909470 4.623047 1.214104
v -233.506577 4.623047 1.214105
v -232.910843 4.787312 -0.031894
v -233.535385 4.623047 -1.276227
v -233.544998 6.794319 -1.141119
v -232.901230 6.937683 -0.015214
v -234.871017 4.623047 -1.276229
v -238.205246 -10.577370 -0.031900
v -238.205246 -8.441933 -0.031900
v -238.849045 -10.422070 1.140707
v -238.849045 -10.431026 -1.141125
v -240.165421 -10.431026 -1.141127
v -238.849045 -8.274689 -1.284574
v -240.175034 -8.274689 -1.284575
v -240.818832 -8.438950 -0.013556
v -240.213486 -8.277668 1.214098
v -240.165421 -10.422070 1.140706
v -240.818832 -10.574387 -0.015224
v -238.801010 -8.277668 1.214099
v -240.818832 6.937683 -0.015224
v -240.165421 6.794319 -1.141127
v -240.809219 4.787312 -0.031904
v -240.165421 6.785362 1.140706
v -238.849045 6.785362 1.140707
v -240.213486 4.623047 1.214098
v -238.801010 4.623047 1.214099
v -238.195633 4.784325 -0.013552
v -238.839432 4.623047 -1.276234
v -238.849045 6.794319 -1.141125
v -238.195633 6.937683 -0.015220
v -240.175034 4.623047 -1.276235
v -219.631516 -9.854599 -3.329527
v -220.284927 -9.403618 -4.422071
v -219.631516 -7.928226 -2.540559
v -220.275314 -10.277210 -2.303703
v -221.630142 -10.277210 -2.303705
v -220.294540 -8.249294 -1.271207
v -221.610916 -8.249294 -1.271209
v -222.264328 -7.928226 -2.540562
v -221.610916 -7.277149 -3.674806
v -221.610916 -9.403618 -4.422072
v -222.264328 -9.854599 -3.329529
v -220.294540 -7.277142 -3.674804
v -224.897110 -9.854599 -3.329532
v -225.550522 -9.403625 -4.422078
v -224.897110 -7.928226 -2.540566
v -225.531296 -10.277210 -2.303710
v -226.886124 -10.277210 -2.303711
v -225.550522 -8.249294 -1.271214
v -226.866898 -8.249294 -1.271215
v -227.529922 -7.928234 -2.540568
v -226.866898 -7.277149 -3.674812
v -226.866898 -9.403625 -4.422079
v -227.529922 -9.854599 -3.329535
v -225.550522 -7.277149 -3.674811
v -230.210770 -9.854603 -3.329538
v -230.864151 -9.403629 -4.422084
v -230.210770 -7.928238 -2.540572
v -230.854568 -10.277214 -2.303716
v -232.209396 -10.277214 -2.303717
v -230.873764 -8.249298 -1.271220
v -232.190170 -8.249298 -1.271221
v -232.843552 -7.928238 -2.540575
v -232.190170 -7.277153 -3.674818
v -232.190170 -9.403629 -4.422085
v -232.843552 -9.854603 -3.329542
v -230.873764 -7.277153 -3.674817
v -232.843552 6.196999 3.317462
v -232.199783 6.636032 2.251607
v -232.843552 4.257191 2.583539
v -232.199783 5.765434 4.358299
v -230.864151 5.765434 4.358300
v -232.190170 3.591171 3.709444
v -230.873764 3.591171 3.709446
v -230.210770 4.257191 2.583543
v -230.873764 4.593185 1.319193
v -230.854568 6.636032 2.251609
v -230.210770 6.196999 3.317465
v -232.190170 4.593185 1.319192
v -235.553238 -9.854610 -3.329545
v -236.206650 -9.403629 -4.422090
v -235.553238 -7.928238 -2.540579
v -236.187424 -10.277214 -2.303722
v -237.532639 -10.280201 -2.288712
v -236.206650 -8.249298 -1.271226
v -237.532639 -8.249298 -1.271228
v -238.186050 -7.928238 -2.540581
v -237.532639 -7.277153 -3.674824
v -237.542252 -9.403629 -4.422091
v -238.186050 -9.854610 -3.329548
v -236.206650 -7.277153 -3.674823
v -238.186050 6.196999 3.317456
v -237.542252 6.636032 2.251601
v -238.186050 4.257183 2.583533
v -237.532639 5.765434 4.358293
v -236.206650 5.765434 4.358294
v -237.532639 3.591171 3.709438
v -236.206650 3.591171 3.709440
v -235.553238 4.257183 2.583536
v -236.206650 4.593178 1.319187
v -236.197037 6.636032 2.251602
v -235.553238 6.196999 3.317458
v -237.532639 4.593178 1.319185
v -240.857285 -9.854610 -3.329551
v -240.857285 -7.928238 -2.540585
v -241.491440 -10.277214 -2.303729
v -241.510666 -9.403629 -4.422095
v -242.827072 -9.403629 -4.422097
v -241.510666 -7.277153 -3.674829
v -242.827072 -7.277153 -3.674831
v -243.490097 -7.928238 -2.540587
v -242.827072 -8.249298 -1.271235
v -242.846298 -10.277214 -2.303730
v -243.490097 -9.854610 -3.329554
v -241.510666 -8.249298 -1.271232
v -243.490097 6.196999 3.317450
v -242.817459 6.636032 2.251594
v -243.490097 4.257183 2.583527
v -242.836685 5.765427 4.358286
v -241.501053 5.765434 4.358288
v -242.827072 3.591171 3.709431
v -241.510666 3.591171 3.709434
v -240.857285 4.257183 2.583530
v -241.510666 4.593178 1.319180
v -241.501053 6.636032 2.251595
v -240.857285 6.196999 3.317452
v -242.827072 4.593178 1.319179
v -224.858688 4.373669 6.178102
v -224.205307 5.069553 5.270707
v -224.858688 2.835556 4.640200
v -224.205307 3.456779 6.883669
v -222.888901 3.456779 6.883671
v -224.243729 1.842506 5.404148
v -222.850449 1.842506 5.404150
v -222.235489 2.835556 4.640204
v -222.869675 3.598640 3.642735
v -222.888901 5.069553 5.270710
v -222.235489 4.373669 6.178106
v -224.224503 3.598640 3.642734
v -222.245102 -8.010361 -6.241867
v -222.245102 -6.506599 -4.670605
v -222.888901 -8.730137 -5.301113
v -222.888901 -7.124832 -6.924082
v -224.205307 -7.124832 -6.924085
v -222.879288 -5.513546 -5.436221
v -224.214890 -5.513546 -5.436223
v -224.849075 -6.506599 -4.670609
v -224.243729 -7.269680 -3.674809
v -224.205307 -8.730137 -5.301115
v -224.849075 -8.010361 -6.241871
v -222.850449 -7.269680 -3.674807
v -227.568375 -8.010361 -6.241873
v -227.568375 -6.506599 -4.670612
v -228.212143 -8.730137 -5.301119
v -228.212143 -7.124832 -6.924089
v -229.528549 -7.124836 -6.924090
v -228.192917 -5.513546 -5.436227
v -229.538162 -5.513550 -5.436229
v -230.172348 -6.506603 -4.670615
v -229.566971 -7.269684 -3.674816
v -229.528549 -8.730141 -5.301120
v -230.162735 -8.010365 -6.241876
v -228.164078 -7.269680 -3.674813
v -235.524429 4.373665 6.178090
v -234.861404 5.069550 5.270694
v -235.514816 2.835552 4.640187
v -234.861404 3.456768 6.883656
v -233.544998 3.456768 6.883658
v -234.899857 1.842503 5.404135
v -233.516159 1.842503 5.404136
v -232.901230 2.835552 4.640191
v -233.525772 3.598637 3.642723
v -233.544998 5.069550 5.270696
v -232.891617 4.373665 6.178092
v -234.880630 3.598637 3.642721
v -232.910843 -8.010365 -6.241879
v -232.901230 -6.506603 -4.670618
v -233.544998 -8.730141 -5.301126
v -233.544998 -7.124836 -6.924096
v -234.861404 -7.124836 -6.924097
v -233.535385 -5.513550 -5.436234
v -234.880630 -5.513550 -5.436236
v -235.505203 -6.506603 -4.670621
v -234.909470 -7.269684 -3.674822
v -234.861404 -8.730141 -5.301128
v -235.505203 -8.010365 -6.241884
v -233.506577 -7.269684 -3.674820
v -226.886093 0.446262 -8.513697
v -227.529922 0.715057 -6.131785
v -227.529892 1.525925 -8.066673
v -226.866898 -0.548286 -6.468722
v -225.560104 0.446262 -8.513696
v -225.550522 -0.548286 -6.468720
v -224.897110 0.715057 -6.131783
v -224.897079 1.525925 -8.066669
v -225.540878 2.559296 -7.637992
v -225.550522 1.841015 -5.462913
v -226.886093 2.559296 -7.637994
v -226.866898 1.841015 -5.462915
v -238.205246 -8.010365 -6.241887
v -238.205246 -6.506603 -4.670625
v -238.849045 -8.730141 -5.301132
v -238.849045 -7.124836 -6.924102
v -240.165421 -7.124836 -6.924103
v -238.839432 -5.500114 -5.441245
v -240.175034 -5.500114 -5.441247
v -240.818832 -6.515564 -4.658952
v -240.203873 -7.269684 -3.674828
v -240.165421 -8.730141 -5.301134
v -240.809219 -8.010365 -6.241890
v -238.810623 -7.269684 -3.674826
v -232.199753 0.446259 -8.513703
v -232.843552 0.715054 -6.131792
v -232.843552 1.525921 -8.066679
v -232.190170 -0.548290 -6.468728
v -230.864120 0.446259 -8.513701
v -230.873764 -0.548290 -6.468727
v -230.210770 0.715054 -6.131788
v -230.210739 1.525921 -8.066675
v -230.854538 2.559292 -7.637999
v -230.873764 1.841007 -5.462919
v -232.199753 2.559292 -7.638000
v -232.190170 1.841007 -5.462920
v -237.532639 -4.081467 8.451579
v -238.186050 -4.311432 6.069665
v -238.186081 -5.134251 8.016229
v -237.532639 -3.045109 6.396595
v -236.206650 -4.081467 8.451582
v -236.206650 -3.045109 6.396597
v -235.553238 -4.311432 6.069668
v -235.553268 -5.134251 8.016232
v -236.206650 -6.193008 7.575878
v -236.206650 -5.441872 5.409138
v -237.532639 -6.193008 7.575876
v -237.532639 -5.441872 5.409135
v -240.165421 5.096424 -5.297798
v -240.818832 4.385609 -6.226878
v -240.809219 2.860939 -4.677301
v -240.213486 3.624020 -3.679832
v -238.849045 5.096424 -5.297796
v -238.801010 3.624020 -3.679831
v -238.205246 2.860939 -4.677298
v -238.205246 4.385612 -6.226875
v -238.849045 3.491119 -6.920766
v -238.839432 1.867889 -5.441245
v -240.165421 3.491119 -6.920767
v -240.175034 1.867889 -5.441247
v -238.849045 -7.088997 6.886988
v -238.195633 -8.005886 6.181422
v -238.205246 -6.449856 4.646857
v -238.810623 -5.456806 5.412470
v -240.203873 -5.456806 5.412469
v -240.165421 -7.088997 6.886987
v -240.818832 -6.442390 4.653525
v -240.818832 -8.005886 6.181418
v -240.165421 -8.703266 5.274024
v -240.175034 -7.218914 3.634374
v -238.829819 -7.212940 3.651056
v -238.849045 -8.703266 5.274026
v -234.861404 5.096424 -5.297792
v -235.514816 4.385612 -6.226871
v -235.505203 2.860939 -4.677295
v -234.909470 3.624020 -3.679826
v -233.544998 5.096424 -5.297790
v -233.506577 3.624020 -3.679824
v -232.910843 2.860939 -4.677291
v -232.901230 4.385612 -6.226868
v -233.544998 3.491119 -6.920760
v -233.535385 1.867889 -5.441237
v -234.861404 3.491119 -6.920761
v -234.871017 1.867889 -5.441240
v -229.528549 5.096424 -5.297784
v -230.172348 4.385612 -6.226865
v -230.162735 2.860939 -4.677287
v -229.566971 3.624020 -3.679820
v -228.212143 5.096436 -5.297783
v -228.164078 3.624023 -3.679817
v -227.568375 2.860947 -4.677284
v -227.558762 4.385616 -6.226862
v -228.212143 3.491123 -6.920753
v -228.202530 1.867893 -5.441231
v -229.538162 1.867889 -5.441233
v -229.528549 3.491119 -6.920754
v -224.205307 5.096436 -5.297779
v -224.858688 4.385616 -6.226859
v -224.849075 2.860947 -4.677282
v -224.253342 3.624023 -3.679813
v -222.840866 3.624023 -3.679812
v -222.888901 5.096436 -5.297777
v -222.245102 2.860947 -4.677278
v -222.254715 4.373669 -6.241867
v -222.888901 3.491123 -6.920746
v -222.879288 1.867893 -5.441225
v -224.205307 3.491123 -6.920748
v -224.214890 1.867893 -5.441227
v -221.610916 2.559296 7.574227
v -222.264328 0.719536 6.053005
v -222.264328 1.505020 8.012912
v -221.610916 1.848484 5.390807
v -220.294540 2.559296 7.574229
v -220.294540 1.848484 5.390809
v -219.631516 0.719536 6.053007
v -219.631516 1.505020 8.012915
v -220.294540 0.447754 8.449931
v -220.294540 -0.546787 6.383272
v -221.591721 0.446262 8.451598
v -221.610916 -0.546787 6.383270
v -240.155838 3.456768 6.883650
v -240.809219 4.373661 6.178082
v -240.809219 2.835552 4.640181
v -240.184647 1.842503 5.404129
v -238.839432 3.456768 6.883651
v -238.801010 1.842503 5.404130
v -238.186050 2.835552 4.640184
v -238.186050 4.373665 6.178086
v -238.839432 5.069546 5.270690
v -238.820206 3.598637 3.642716
v -240.175034 3.598637 3.642715
v -240.155838 5.069546 5.270688
v -232.190170 2.559292 7.574214
v -232.843552 0.719532 6.052992
v -232.843552 1.505013 8.012899
v -232.190170 1.848473 5.390794
v -230.873764 2.559292 7.574216
v -230.873764 1.848473 5.390795
v -230.210770 0.719532 6.052996
v -230.210800 1.505013 8.012902
v -230.864182 0.446259 8.451588
v -230.873764 -0.546799 6.383260
v -232.190170 -0.546799 6.383258
v -232.190170 0.449242 8.449918
v -237.532639 -6.203465 -7.633002
v -238.186050 -4.336823 -6.153482
v -238.186020 -5.158142 -8.068354
v -237.532639 -5.462776 -5.486279
v -236.206650 -6.203465 -7.633001
v -236.206650 -5.462776 -5.486278
v -235.553238 -4.336823 -6.153480
v -235.553207 -5.158142 -8.068350
v -236.206650 -4.082958 -8.513708
v -236.206650 -3.071983 -6.487081
v -237.532639 -4.082958 -8.513710
v -237.532639 -3.071983 -6.487083
v -221.610916 5.774391 -4.402056
v -222.264328 4.275108 -2.555574
v -222.264328 6.217903 -3.327861
v -221.610916 3.624031 -3.688150
v -220.294540 5.774391 -4.402054
v -220.294540 3.624031 -3.688148
v -219.631516 4.275108 -2.555571
v -219.631516 6.217903 -3.327857
v -220.284927 6.643501 -2.287023
v -220.294540 4.596176 -1.284551
v -221.620529 6.643501 -2.287025
v -221.610916 4.596176 -1.284553
v -232.190170 5.774391 -4.402068
v -232.843552 4.275105 -2.555587
v -232.843552 6.217903 -3.327874
v -232.190170 3.624020 -3.688162
v -230.873764 5.774391 -4.402067
v -230.873764 3.624020 -3.688161
v -230.210770 4.275105 -2.555584
v -230.210770 6.217903 -3.327870
v -230.864151 6.643494 -2.287036
v -230.873764 4.596169 -1.284564
v -232.190170 4.596169 -1.284565
v -232.199783 6.643494 -2.287037
v -243.490097 6.217903 -3.327886
v -242.827072 5.774391 -4.402081
v -243.490097 4.275105 -2.555599
v -242.836685 6.643494 -2.287050
v -241.501053 6.643494 -2.287049
v -242.827072 4.596169 -1.284579
v -241.510666 4.596169 -1.284577
v -240.857285 4.275105 -2.555597
v -241.510666 3.624020 -3.688174
v -241.510666 5.774391 -4.402079
v -240.857285 6.217903 -3.327883
v -242.827072 3.624020 -3.688175
v -240.857285 -9.832207 3.320788
v -240.857285 -7.905834 2.503466
v -241.510666 -9.397652 4.366628
v -241.510666 -10.277214 2.241587
v -242.827072 -10.277214 2.241586
v -241.510666 -8.243328 1.239116
v -242.827072 -8.243328 1.239114
v -243.490097 -7.905834 2.503463
v -242.827072 -7.238331 3.629367
v -242.836685 -9.397659 4.366626
v -243.490097 -9.832207 3.320786
v -241.510666 -7.238323 3.629369
v -238.186050 6.217903 -3.327880
v -237.532639 5.774391 -4.402075
v -238.186050 4.275105 -2.555593
v -237.542252 6.643494 -2.287044
v -236.197037 6.643494 -2.287042
v -237.532639 4.596169 -1.284573
v -236.206650 4.596169 -1.284570
v -235.553238 4.275105 -2.555591
v -236.206650 3.624020 -3.688167
v -236.206650 5.774391 -4.402074
v -235.553238 6.217903 -3.327877
v -237.532639 3.624020 -3.688169
v -235.553238 -9.832207 3.320794
v -236.197037 -10.277214 2.241595
v -235.553238 -7.905834 2.503472
v -236.206650 -9.397652 4.366634
v -237.532639 -9.397652 4.366632
v -236.206650 -7.238323 3.629375
v -237.532639 -7.238323 3.629374
v -238.186050 -7.905834 2.503469
v -237.532639 -8.243328 1.239121
v -237.532639 -10.277214 2.241593
v -238.186050 -9.832207 3.320792
v -236.206650 -8.243328 1.239123
v -230.210770 -9.832207 3.320802
v -230.864151 -10.277214 2.241601
v -230.210770 -7.905834 2.503479
v -230.864151 -9.397652 4.366640
v -232.190170 -9.397652 4.366639
v -232.190170 -7.238323 3.629380
v -230.873764 -7.238323 3.629381
v -232.843552 -7.905834 2.503475
v -232.190170 -8.243320 1.239127
v -232.190170 -10.277214 2.241599
v -232.843552 -9.832207 3.320798
v -230.873764 -8.243320 1.239129
v -227.529922 6.217903 -3.327868
v -226.866898 5.774391 -4.402063
v -227.529922 4.275108 -2.555580
v -226.876511 6.643494 -2.287031
v -225.540909 6.643494 -2.287030
v -226.866898 4.596172 -1.284559
v -225.550522 4.596172 -1.284558
v -224.897110 4.275108 -2.555578
v -225.550522 3.624023 -3.688154
v -225.550522 5.774391 -4.402061
v -224.897110 6.217903 -3.327864
v -226.866898 3.624023 -3.688156
v -224.897110 -9.832203 3.320807
v -225.550522 -10.277210 2.241607
v -224.897110 -7.905830 2.503485
v -225.550522 -9.397648 4.366646
v -226.876511 -9.397648 4.366645
v -226.866898 -7.238319 3.629386
v -225.550522 -7.238319 3.629387
v -227.529922 -7.905830 2.503482
v -226.866898 -8.243317 1.239134
v -226.876511 -10.277210 2.241605
v -227.529922 -9.832203 3.320805
v -225.550522 -8.243317 1.239136
v -219.631516 -9.832199 3.320813
v -220.294540 -10.277210 2.241614
v -219.631516 -7.905830 2.503491
v -220.284927 -9.397648 4.366652
v -221.610916 -9.397648 4.366651
v -220.294540 -7.238319 3.629394
v -221.610916 -7.238319 3.629392
v -222.264328 -7.905830 2.503488
v -221.610916 -8.243317 1.239140
v -221.601334 -10.277210 2.241611
v -222.264328 -9.832203 3.320811
v -220.294540 -8.243317 1.239142
v -240.857285 1.505013 8.012888
v -241.164780 0.449242 8.449905
v -240.857285 0.719532 6.052982
v -241.510666 2.559292 7.574203
v -242.827072 2.559292 7.574201
v -242.827072 1.848473 5.390782
v -241.510666 1.848473 5.390784
v -243.490097 0.719532 6.052979
v -242.827072 -0.546799 6.383245
v -242.481186 0.449242 8.449904
v -243.490097 1.505013 8.012886
v -241.510666 -0.546799 6.383247
v -240.857285 -5.158142 -8.068357
v -241.510666 -4.082958 -8.513716
v -240.857285 -4.336823 -6.153485
v -241.510666 -6.203465 -7.633007
v -242.836655 -6.203465 -7.633008
v -241.510666 -5.462776 -5.486283
v -242.827072 -5.462776 -5.486285
v -243.490097 -4.336823 -6.153488
v -242.827072 -3.071991 -6.487089
v -242.827072 -4.082958 -8.513718
v -243.490097 -5.158142 -8.068359
v -241.510666 -3.071991 -6.487087
v -238.186081 1.505013 8.012893
v -237.532639 2.559292 7.574207
v -238.186050 0.719532 6.052986
v -237.532639 0.449242 8.449911
v -236.206650 0.449242 8.449913
v -237.532639 -0.546799 6.383252
v -236.206650 -0.546799 6.383254
v -235.553238 0.719532 6.052989
v -236.206650 1.848473 5.390790
v -236.206650 2.559292 7.574210
v -235.553268 1.505013 8.012897
v -237.532639 1.848473 5.390788
v -230.210739 -5.158142 -8.068343
v -230.210770 -4.336823 -6.153472
v -230.864120 -6.203457 -7.632994
v -230.873764 -4.082958 -8.513701
v -232.180527 -4.082958 -8.513703
v -230.873764 -3.071983 -6.487075
v -232.190170 -3.071983 -6.487077
v -232.843552 -4.336823 -6.153476
v -232.190170 -5.462776 -5.486273
v -232.190170 -6.203457 -7.632996
v -232.843552 -5.158142 -8.068347
v -230.873764 -5.462776 -5.486272
v -224.897141 1.505020 8.012908
v -225.550522 0.449245 8.449924
v -224.897110 0.719536 6.053001
v -225.550522 2.559296 7.574223
v -226.866898 2.559296 7.574221
v -226.866898 1.848476 5.390800
v -225.550522 1.848476 5.390801
v -227.529922 0.719536 6.052999
v -226.866898 -0.546795 6.383264
v -226.876511 0.449245 8.449923
v -227.529953 1.505016 8.012904
v -225.550522 -0.546795 6.383265
v -224.897079 -5.158138 -8.068337
v -224.897110 -4.336815 -6.153467
v -225.550522 -6.203453 -7.632988
v -225.550522 -4.082954 -8.513696
v -226.866867 -4.082954 -8.513697
v -225.550522 -3.071980 -6.487069
v -226.866898 -3.071980 -6.487070
v -227.529922 -4.336815 -6.153470
v -226.866898 -5.462772 -5.486267
v -226.876511 -6.203453 -7.632990
v -227.529892 -5.158138 -8.068341
v -225.550522 -5.462772 -5.486265
v -224.897141 -5.134247 8.016244
v -224.897110 -4.311428 6.069681
v -225.550522 -4.081463 8.451593
v -225.550522 -6.193005 7.575890
v -226.876511 -6.193005 7.575888
v -225.550522 -5.441868 5.409151
v -226.866898 -5.441868 5.409149
v -227.529922 -4.311428 6.069677
v -226.866898 -3.045101 6.396608
v -226.866928 -4.081463 8.451592
v -227.529953 -5.134247 8.016240
v -225.550522 -3.045101 6.396609
v -219.631516 -5.158138 -8.068332
v -219.631516 -4.336815 -6.153460
v -220.284897 -6.203453 -7.632981
v -220.284897 -4.082954 -8.513690
v -221.610886 -4.082954 -8.513691
v -220.294540 -3.071980 -6.487062
v -221.610916 -3.071980 -6.487064
v -222.264328 -4.336815 -6.153462
v -221.610916 -5.462772 -5.486260
v -221.610886 -6.203453 -7.632983
v -222.264328 -5.158138 -8.068335
v -220.294540 -5.462772 -5.486259
v -230.210800 -5.134251 8.016238
v -230.210770 -4.311432 6.069674
v -230.873764 -4.081467 8.451588
v -230.864151 -6.193008 7.575884
v -232.190170 -6.193008 7.575882
v -232.190170 -5.441872 5.409143
v -230.873764 -5.441872 5.409144
v -232.843552 -4.311432 6.069672
v -232.190170 -3.045109 6.396602
v -232.190170 -4.081467 8.451587
v -232.843552 -5.134251 8.016235
v -230.873764 -3.045109 6.396603
v -238.186081 -1.816109 8.751820
v -238.195633 -1.816109 6.603427
v -238.849045 -0.673729 8.600031
v -238.849045 -2.955505 8.600031
v -240.165451 -2.955505 8.600028
v -238.820206 -3.058548 6.439962
v -240.194260 -3.058548 6.439960
v -240.828445 -1.816109 6.603424
v -240.194260 -0.578159 6.439960
v -240.165451 -0.673729 8.600028
v -240.828476 -1.816109 8.751815
v -238.820206 -0.578159 6.439962
v -219.631516 -5.134247 8.016251
v -219.631516 -4.311428 6.069687
v -220.294540 -4.081455 8.451599
v -220.294540 -6.193001 7.575897
v -221.610916 -6.193001 7.575895
v -221.610916 -5.441868 5.409155
v -220.294540 -5.441868 5.409157
v -222.264328 -4.311428 6.069685
v -221.610916 -3.045101 6.396614
v -221.610947 -4.081455 8.451598
v -222.264328 -5.134247 8.016248
v -220.294540 -3.045101 6.396616
v -224.858688 -8.005882 6.181438
v -224.858688 -6.449852 4.646872
v -224.205307 -8.703259 5.274043
v -224.205307 -7.088993 6.887005
v -222.888901 -7.088993 6.887007
v -224.243729 -5.456799 5.412488
v -222.850449 -5.456799 5.412490
v -222.245102 -6.449852 4.646876
v -222.869675 -7.212936 3.651075
v -222.888901 -8.703259 5.274045
v -222.235489 -8.005882 6.181442
v -224.224503 -7.212936 3.651074
v -219.631516 1.525925 -8.066663
v -219.631516 0.715057 -6.131777
v -220.294540 0.446262 -8.513690
v -220.275314 2.559296 -7.637986
v -221.620529 2.559296 -7.637988
v -220.294540 1.841015 -5.462906
v -221.610916 1.841015 -5.462908
v -222.264328 0.715057 -6.131779
v -221.610916 -0.548286 -6.468716
v -221.610886 0.446262 -8.513691
v -222.264328 1.525925 -8.066666
v -220.294540 -0.548286 -6.468714
v -240.828415 -1.816109 -8.813956
v -240.165390 -2.955505 -8.663834
v -240.828445 -1.816109 -6.673904
v -240.165390 -0.673729 -8.662167
v -238.849045 -0.673729 -8.662164
v -240.194260 -0.578159 -6.510438
v -238.820206 -0.578159 -6.510437
v -238.195633 -1.816109 -6.673901
v -238.820206 -3.058548 -6.510437
v -238.849045 -2.955505 -8.663831
v -238.186020 -1.816109 -8.813951
v -240.194260 -3.058548 -6.510438
v -235.524399 -1.816109 -8.813949
v -234.861374 -2.955505 -8.663827
v -235.524429 -1.816109 -6.673898
v -234.861374 -0.673729 -8.662159
v -233.544968 -0.673729 -8.662158
v -233.516159 -0.578159 -6.510431
v -234.899857 -0.578159 -6.510432
v -232.891617 -1.816109 -6.673894
v -233.525772 -3.058548 -6.510431
v -233.544968 -2.955505 -8.663826
v -232.891586 -1.816109 -8.813946
v -234.890244 -3.058548 -6.510432
v -235.524460 -1.816109 8.751823
v -235.524429 -1.816109 6.603431
v -234.861435 -2.955505 8.600036
v -234.861435 -0.673729 8.600036
v -233.545029 -0.673729 8.600037
v -234.899857 -0.578159 6.439966
v -233.516159 -0.578159 6.439969
v -232.891617 -1.816109 6.603434
v -233.525772 -3.058548 6.439969
v -233.545029 -2.955505 8.600037
v -232.891647 -1.816109 8.751826
v -234.890244 -3.058548 6.439966
v -238.186020 1.525917 -8.066685
v -237.532639 0.446251 -8.513710
v -238.186050 0.715054 -6.131798
v -237.542221 2.559292 -7.638008
v -236.197006 2.559292 -7.638005
v -237.532639 1.841007 -5.462927
v -236.206650 1.841007 -5.462925
v -235.553238 0.715054 -6.131795
v -236.206650 -0.548290 -6.468733
v -236.206650 0.446251 -8.513708
v -235.553207 1.525917 -8.066682
v -237.532639 -0.548290 -6.468734
v -240.857285 -5.134251 8.016224
v -241.510666 -6.193008 7.575871
v -240.857285 -4.311432 6.069662
v -241.510666 -4.081467 8.451574
v -242.827072 -4.081467 8.451572
v -242.827072 -3.045109 6.396589
v -241.510666 -3.045109 6.396591
v -243.490097 -4.311440 6.069659
v -242.827072 -5.441872 5.409130
v -242.827072 -6.193008 7.575869
v -243.490097 -5.134251 8.016222
v -241.510666 -5.441872 5.409132
v -240.857285 1.525917 -8.066689
v -241.501022 2.559292 -7.638011
v -240.857285 0.715054 -6.131802
v -241.510666 0.446251 -8.513716
v -242.836655 0.446251 -8.513718
v -241.510666 -0.548290 -6.468740
v -242.827072 -0.548290 -6.468741
v -243.490097 0.715046 -6.131804
v -242.827072 1.841007 -5.462933
v -242.846298 2.559292 -7.638013
v -243.490097 1.525917 -8.066691
v -241.510666 1.841007 -5.462931
v -222.235458 -1.816105 -8.813932
v -222.235489 -1.816105 -6.673881
v -222.888901 -2.955502 -8.663814
v -222.888901 -0.673721 -8.662146
v -224.205307 -0.673721 -8.662148
v -224.234116 -0.578148 -6.510419
v -222.860062 -0.578148 -6.510417
v -224.868301 -1.816105 -6.673885
v -224.234116 -3.058544 -6.510419
v -224.205307 -2.955502 -8.663815
v -224.868271 -1.816105 -8.813936
v -222.860062 -3.058544 -6.510417
v -230.181961 -8.005886 6.181432
v -230.172348 -6.449856 4.646867
v -229.528549 -8.703262 5.274038
v -229.528549 -7.088997 6.886999
v -228.212143 -7.088993 6.887000
v -229.566971 -5.456806 5.412482
v -228.173691 -5.456802 5.412484
v -227.558762 -6.449852 4.646870
v -228.192917 -7.212936 3.651069
v -228.212143 -8.703259 5.274039
v -227.549149 -8.005882 6.181435
v -229.538162 -7.212940 3.651067
v -222.235519 -1.816105 8.751839
v -222.235489 -1.816105 6.603448
v -222.888901 -0.673721 8.600049
v -222.888901 -2.955502 8.600049
v -224.205307 -2.955502 8.600047
v -222.860062 -3.058544 6.439981
v -224.234116 -3.058544 6.439979
v -224.868301 -1.816105 6.603443
v -224.234116 -0.578148 6.439979
v -224.205307 -0.673721 8.600047
v -224.868332 -1.816105 8.751835
v -222.860062 -0.578148 6.439981
v -230.181992 -1.816109 8.751830
v -229.528549 -0.673725 8.600040
v -230.181961 -1.816109 6.603438
v -229.528549 -2.955505 8.600040
v -228.212143 -2.955502 8.600042
v -229.547775 -3.058548 6.439974
v -228.183304 -3.058544 6.439975
v -227.549149 -1.816105 6.603441
v -228.173691 -0.578156 6.439975
v -228.212143 -0.673721 8.600042
v -227.549179 -1.816105 8.751832
v -229.557388 -0.578159 6.439974
v -232.891617 -8.005886 6.181428
v -232.901230 -6.449856 4.646863
v -233.544998 -7.088997 6.886994
v -233.544998 -8.703262 5.274032
v -234.861404 -8.703266 5.274031
v -233.535385 -7.212940 3.651062
v -234.871017 -7.218910 3.634381
v -235.514816 -6.442390 4.653532
v -234.899857 -5.456806 5.412475
v -234.861404 -7.088997 6.886992
v -235.524429 -8.005886 6.181426
v -233.506577 -5.456806 5.412477
v -227.549118 -1.816105 -8.813940
v -227.549149 -1.816105 -6.673887
v -228.212143 -2.955502 -8.663819
v -228.212143 -0.673721 -8.662151
v -229.528549 -0.673725 -8.662153
v -228.173691 -0.578156 -6.510425
v -229.557388 -0.578159 -6.510426
v -230.181961 -1.816109 -6.673890
v -229.547775 -3.058548 -6.510426
v -229.528549 -2.955505 -8.663821
v -230.181931 -1.816109 -8.813942
v -228.183304 -3.058544 -6.510425
vn -0.5867 0.7037 -0.4006
vn -0.0155 0.8659 -0.5000
vn -0.5867 0.5713 -0.5739
vn -1.0000 -0.0000 -0.0000
vn -0.5867 0.4038 -0.7019
vn -0.0155 0.4978 -0.8672
vn -0.0242 0.7070 -0.7068
vn -0.0066 0.8673 -0.4978
vn -0.0242 0.9669 -0.2539
vn -0.5867 0.7833 -0.2054
vn -0.5867 0.8098 0.0038
vn -0.0154 0.9999 -0.0000
vn -0.0065 1.0000 -0.0000
vn -0.5868 0.7833 0.2054
vn -0.0242 0.9669 0.2538
vn -0.0066 0.9672 -0.2540
vn -0.0066 0.9672 0.2540
vn -0.0154 0.8659 0.5000
vn -0.0066 0.8673 0.4978
vn -0.0242 0.7069 0.7069
vn -0.0066 0.7071 0.7071
vn -0.0154 0.4978 0.8672
vn -0.0066 0.4978 0.8673
vn -0.0242 0.2539 0.9669
vn -0.0065 0.2540 0.9672
vn -0.0154 -0.0000 0.9999
vn -0.0066 -0.0000 1.0000
vn -0.0242 -0.2539 0.9669
vn -0.0066 -0.2539 0.9672
vn -0.0154 -0.4978 0.8672
vn -0.0066 -0.4978 0.8673
vn -0.0242 -0.7068 0.7070
vn -0.0065 -0.7071 0.7071
vn -0.0155 -0.8672 0.4977
vn -0.0066 -0.8673 0.4978
vn -0.0242 -0.9669 0.2539
vn -0.0066 -0.9672 0.2540
vn -0.0155 -0.9999 -0.0000
vn -0.0065 -1.0000 -0.0000
vn -0.0066 -0.9672 -0.2540
vn -0.0242 -0.9669 -0.2539
vn -0.0066 -0.8673 -0.4978
vn -0.0155 -0.8659 -0.4999
vn -0.0066 -0.7071 -0.7071
vn -0.0242 -0.7069 -0.7069
vn -0.0065 -0.4978 -0.8673
vn -0.0155 -0.4999 -0.8659
vn -0.0066 -0.2539 -0.9672
vn -0.0242 -0.2539 -0.9669
vn -0.0065 -0.0000 -1.0000
vn -0.0154 -0.0000 -0.9999
vn -0.0066 0.2539 -0.9672
vn -0.0242 0.2539 -0.9669
vn -0.0066 0.4978 -0.8673
vn -0.0066 0.7071 -0.7071
vn -0.5868 0.2090 -0.7823
vn -0.5868 -0.0000 -0.8097
vn -0.5867 -0.2090 -0.7824
vn -0.5868 -0.4039 -0.7018
vn -0.5867 -0.5713 -0.5739
vn -0.5867 -0.7038 -0.4005
vn -0.5867 -0.7833 -0.2053
vn -0.5840 -0.8117 -0.0000
vn -0.5867 -0.7833 0.2053
vn -0.5867 -0.7038 0.4005
vn -0.5867 -0.5713 0.5739
vn -0.5867 -0.4038 0.7019
vn -0.5867 -0.2090 0.7823
vn -0.5868 -0.0000 0.8097
vn -0.5867 0.2090 0.7824
vn -0.5868 0.4038 0.7019
vn -0.5867 0.5713 0.5739
vn -0.5867 0.7038 0.4006
vn 0.5175 -0.3478 0.7818
vn 0.5175 -0.3409 0.7848
vn 0.9998 -0.0067 -0.0162
vn 1.0000 -0.0000 -0.0000
vn -0.5101 -0.3487 0.7863
vn -0.5213 -0.3586 0.7744
vn -0.9998 -0.0141 -0.0167
vn -1.0000 -0.0038 0.0079
vn -0.5175 0.2529 -0.8174
vn -0.4988 0.2459 -0.8311
vn 0.5176 0.2525 -0.8175
vn 0.4987 0.2455 -0.8313
vn -0.5288 0.0378 0.8479
vn -0.9997 0.0256 0.0058
vn -0.5287 0.0227 -0.8485
vn 0.5288 0.0415 0.8477
vn -0.5063 0.0618 0.8601
vn -0.0021 0.0604 0.9982
vn 0.8907 0.0264 0.4538
vn 0.9997 0.0247 0.0088
vn 0.5063 0.0295 -0.8619
vn 0.5397 0.0227 -0.8415
vn -0.4988 0.0302 -0.8662
vn 0.5138 -0.3478 0.7842
vn 0.5101 -0.3448 0.7880
vn 1.0000 -0.0000 -0.0001
vn -0.5176 -0.3379 0.7861
vn -0.5175 -0.3517 0.7800
vn -0.9998 -0.0076 -0.0158
vn -0.4988 0.2458 -0.8311
vn 0.5176 0.2526 -0.8175
vn 0.9998 -0.0162 0.0067
vn 0.5288 -0.0415 0.8477
vn 0.5361 -0.0151 -0.8440
vn -0.0166 -0.0302 -0.9994
vn 0.5063 -0.0302 -0.8618
vn -0.4987 -0.0302 -0.8662
vn -0.9998 -0.0137 0.0109
vn -0.8847 -0.0000 -0.4662
vn -0.5287 -0.0378 0.8480
vn -0.4987 -0.0491 0.8654
vn 0.4987 -0.0452 0.8656
vn 0.5287 -0.0415 0.8478
vn 0.5361 -0.0152 -0.8440
vn -0.5324 -0.0151 -0.8463
vn -0.4988 -0.0302 -0.8662
vn -0.5287 0.0378 0.8479
vn -0.9998 0.0215 -0.0038
vn -0.5398 0.0227 -0.8415
vn 0.5287 0.0415 0.8478
vn -0.5063 0.0527 0.8608
vn 0.4987 0.0528 0.8651
vn 0.4987 0.0297 -0.8662
vn 0.5287 0.0227 -0.8485
vn -0.4987 0.0303 -0.8662
vn 0.4987 -0.6431 0.5811
vn 0.5324 -0.6265 0.5692
vn 0.9998 -0.0162 -0.0067
vn -0.5287 -0.6250 0.5743
vn -0.4987 -0.6460 0.5779
vn -0.9998 -0.0136 -0.0110
vn -0.5324 0.5768 -0.6195
vn -0.4988 0.5793 -0.6447
vn 0.5063 0.5783 -0.6397
vn 0.5325 0.5719 -0.6240
vn 0.5398 0.0226 -0.8415
vn 0.5288 0.0415 0.8478
vn -0.5325 0.0227 -0.8462
vn -0.4988 0.0303 -0.8662
vn -0.4987 0.0543 0.8651
vn -1.0000 -0.0000 -0.0001
vn 0.4987 0.0528 0.8652
vn 0.0548 -0.8647 0.4992
vn 0.0548 -0.7040 0.7080
vn 0.0021 -0.8673 0.4978
vn 0.1415 -0.7053 0.6947
vn 0.1416 -0.8598 0.4906
vn 0.0548 -0.9652 0.2557
vn -0.0022 -0.9672 0.2540
vn -0.5324 -0.8183 0.2167
vn -0.5324 -0.7318 0.4255
vn -0.7626 -0.6247 0.1680
vn -0.0022 -0.7071 0.7071
vn -0.5324 -0.6038 0.5933
vn -0.7626 -0.4614 0.4533
vn -0.7626 -0.5652 0.3146
vn -0.9920 -0.1131 0.0566
vn -0.9925 -0.1189 0.0283
vn -0.9920 -0.1265 -0.0019
vn -0.7598 -0.6502 -0.0019
vn -0.7626 -0.6266 -0.1607
vn -0.5324 -0.8465 -0.0000
vn -0.9925 -0.1179 -0.0319
vn 0.0022 -1.0000 -0.0000
vn 0.0547 -0.9985 0.0019
vn 0.0547 -0.9662 -0.2521
vn -0.5324 -0.8183 -0.2167
vn 0.0022 -0.9672 -0.2539
vn 0.1416 -0.9568 -0.2538
vn 0.1416 -0.8598 -0.4906
vn 0.0547 -0.8628 -0.5025
vn -0.0022 -0.8673 -0.4978
vn 0.1416 -0.9899 -0.0000
vn -0.0021 -1.0000 -0.0000
vn 0.0022 -0.9672 0.2539
vn 0.1417 -0.9568 0.2538
vn 0.0022 -0.8673 -0.4978
vn 0.9203 -0.3795 -0.0949
vn 0.9203 -0.3407 -0.1924
vn 0.9203 -0.3407 -0.1923
vn 0.9186 -0.3952 -0.0037
vn 0.9186 -0.3952 0.0037
vn 0.9203 -0.2773 -0.2759
vn -0.0067 -0.7071 -0.7070
vn -0.0066 -0.8672 -0.4978
vn -0.0067 -0.8672 -0.4979
vn -0.0066 -1.0000 -0.0000
vn -0.0067 -0.8672 0.4978
vn -0.0067 -0.7071 0.7071
vn -0.0066 -0.7071 0.7071
vn -0.0066 -0.4979 0.8672
vn -0.0066 -0.2540 0.9672
vn -0.0065 -0.0000 1.0000
vn -0.0066 0.2540 0.9672
vn -0.0066 0.2539 0.9672
vn -0.0066 0.4978 0.8672
vn -0.0066 0.4979 0.8672
vn -0.0067 0.7071 0.7071
vn -0.0067 0.8672 0.4979
vn -0.0065 0.9672 0.2539
vn -0.0066 1.0000 -0.0000
vn -0.0066 0.8672 -0.4978
vn -0.0067 0.4979 -0.8672
vn -0.0066 0.4979 -0.8672
vn -0.0066 0.2540 -0.9672
vn -0.0066 -0.0000 -1.0000
vn -0.0066 -0.2540 -0.9672
vn -0.0066 -0.4978 -0.8673
vn -0.0066 -0.4978 -0.8672
vn -0.0065 -0.7071 -0.7071
vn 0.9186 -0.2009 -0.3403
vn 0.9186 -0.2009 -0.3404
vn 0.9186 -0.1041 -0.3812
vn 0.9202 -0.2774 -0.2762
vn 0.9186 -0.1041 -0.3813
vn 0.0022 -0.2539 -0.9672
vn 0.0022 -0.4978 -0.8673
vn 0.1416 -0.4971 -0.8560
vn 0.0022 -0.7071 -0.7071
vn 0.0548 -0.4976 -0.8657
vn 0.1415 -0.2538 -0.9568
vn 0.1416 -0.7053 -0.6946
vn 0.0548 -0.7067 -0.7054
vn -0.0022 -0.4978 -0.8673
vn -0.0022 -0.7071 -0.7071
vn -0.5324 -0.6038 -0.5932
vn -0.5324 -0.7355 -0.4189
vn -0.7626 -0.4614 -0.4533
vn -0.5398 -0.4187 -0.7303
vn -0.7598 -0.3246 -0.5633
vn -0.7626 -0.1644 -0.6256
vn -0.9925 -0.0301 -0.1185
vn -0.9925 -0.0649 -0.1035
vn -0.9925 -0.0884 -0.0843
vn 0.0022 -0.2540 -0.9672
vn 0.0022 -0.0000 -1.0000
vn 0.0021 -0.0000 -1.0000
vn 0.0022 0.2539 -0.9672
vn 0.0022 0.4978 -0.8673
vn -0.0022 0.4979 -0.8672
vn -0.9925 0.0648 -0.1035
vn -0.9925 0.0301 -0.1184
vn -0.0021 0.7071 -0.7071
vn -0.9925 0.0884 -0.0843
vn -0.9920 0.1148 -0.0532
vn -0.0022 0.8673 -0.4979
vn 0.0022 0.8673 -0.4978
vn 0.0022 0.9672 -0.2540
vn 0.0021 0.9672 -0.2540
vn -0.9925 0.1180 -0.0319
vn -0.0021 1.0000 -0.0000
vn 0.0021 1.0000 -0.0000
vn -0.0022 0.9672 0.2540
vn -0.9920 0.1265 -0.0018
vn -0.9925 0.1188 0.0283
vn -0.0021 0.8672 0.4979
vn -0.0022 0.8673 0.4978
vn -0.0022 0.7071 0.7071
vn -0.9920 0.1131 0.0567
vn -0.9925 0.0857 0.0870
vn -0.0022 0.4978 0.8673
vn 0.0022 0.4979 0.8673
vn 0.0022 0.2539 0.9672
vn -0.9925 0.0615 0.1056
vn -0.9925 0.0338 0.1175
vn 0.0021 -0.0000 1.0000
vn -0.0022 -0.2540 0.9672
vn 0.0022 -0.2540 0.9672
vn -0.9925 -0.0337 0.1174
vn -0.9925 -0.0616 0.1055
vn 0.0022 -0.4978 0.8673
vn -0.0022 -0.4978 0.8673
vn 0.0022 -0.7071 0.7071
vn -0.9925 -0.0857 0.0870
vn -0.0022 -0.8673 0.4979
vn -0.0022 -0.8673 0.4978
vn 0.0021 -0.9672 0.2541
vn 0.0022 -0.9672 -0.2540
vn -0.0022 -0.9672 -0.2539
vn -0.0021 -0.8672 -0.4979
vn -0.0021 -0.8673 -0.4978
vn -0.9920 -0.1148 -0.0532
vn -0.7626 -0.5652 -0.3147
vn -0.8382 0.3629 0.4070
vn -0.8382 0.4436 0.3171
vn -0.8382 0.3629 0.4071
vn -0.8382 0.2711 0.4732
vn 0.0023 0.6687 0.7435
vn -0.0023 0.6687 0.7435
vn 0.0021 0.8099 0.5866
vn -0.0021 0.8099 0.5866
vn -0.8382 0.4436 0.3173
vn 0.0022 0.9150 0.4035
vn -0.8382 0.4996 0.2186
vn -0.8382 0.4996 0.2187
vn 0.0022 0.9793 0.2025
vn -0.0022 0.9793 0.2025
vn -0.8358 0.5373 0.1127
vn -0.8382 0.5453 -0.0019
vn 0.0022 0.9793 -0.2025
vn -0.8406 0.5306 -0.1089
vn 0.0021 0.9149 -0.4036
vn 0.0022 0.9150 -0.4035
vn -0.8382 0.4981 -0.2221
vn -0.8382 0.4980 -0.2222
vn 0.0021 0.8099 -0.5866
vn -0.8358 0.4424 -0.3251
vn -0.8358 0.4424 -0.3252
vn 0.0022 0.6687 -0.7435
vn 0.0020 0.6688 -0.7434
vn -0.8383 0.3658 -0.4044
vn -0.8382 0.3657 -0.4046
vn 0.0022 0.4979 -0.8673
vn -0.8382 0.2677 -0.4751
vn 0.0022 0.3119 -0.9501
vn -0.8382 0.1638 -0.5201
vn -0.8382 0.1638 -0.5202
vn 0.0021 0.1055 -0.9944
vn -0.0021 0.1055 -0.9944
vn -0.8383 0.0453 -0.5433
vn -0.8382 0.0453 -0.5435
vn 0.0022 -0.1055 -0.9944
vn 0.0021 -0.1054 -0.9944
vn -0.8359 -0.0529 -0.5464
vn -0.8358 -0.0529 -0.5465
vn 0.0022 -0.3119 -0.9501
vn 0.0021 -0.3118 -0.9501
vn -0.8383 -0.1639 -0.5200
vn -0.8381 -0.1638 -0.5203
vn 0.0022 -0.4979 -0.8673
vn -0.8382 -0.2678 -0.4750
vn -0.8382 -0.2677 -0.4751
vn -0.0022 -0.6688 -0.7435
vn 0.0022 -0.6688 -0.7435
vn -0.8382 -0.3657 -0.4044
vn -0.8382 -0.3657 -0.4045
vn -0.0022 -0.8099 -0.5866
vn -0.8382 -0.4458 -0.3141
vn 0.0022 -0.9150 -0.4035
vn -0.8382 -0.4981 -0.2220
vn -0.8382 -0.4980 -0.2222
vn 0.0022 -0.9793 -0.2025
vn -0.0022 -0.9793 -0.2025
vn -0.8357 -0.5374 -0.1129
vn -0.8358 -0.5374 -0.1128
vn -0.0021 -1.0000 -0.0001
vn -0.8382 -0.5453 -0.0019
vn -0.0022 -0.9793 0.2025
vn 0.0022 -0.9793 0.2025
vn -0.8406 -0.5306 0.1089
vn 0.0022 -0.9150 0.4035
vn -0.8382 -0.4996 0.2187
vn -0.8382 -0.4996 0.2188
vn 0.0021 -0.8099 0.5866
vn -0.0021 -0.8099 0.5866
vn -0.8359 -0.4424 0.3250
vn -0.8358 -0.4424 0.3251
vn 0.0020 -0.6688 0.7435
vn -0.0022 -0.6687 0.7435
vn -0.8383 -0.3629 0.4069
vn -0.8383 -0.3630 0.4069
vn -0.8382 -0.2710 0.4733
vn -0.8383 -0.2710 0.4731
vn 0.0022 -0.3119 0.9501
vn -0.8382 -0.1674 0.5191
vn -0.8382 -0.1674 0.5190
vn 0.0021 -0.1055 0.9944
vn 0.0022 -0.1055 0.9944
vn -0.8383 -0.0491 0.5430
vn -0.8382 -0.0492 0.5432
vn 0.0021 0.1055 0.9944
vn -0.8358 0.0530 0.5464
vn -0.8358 0.0529 0.5465
vn 0.0022 0.3119 0.9501
vn 0.0021 0.3118 0.9501
vn -0.8382 0.1675 0.5191
vn -0.8382 0.1674 0.5190
vn 0.0021 0.4979 0.8673
vn 0.9925 0.0668 0.1022
vn 0.9925 0.0668 0.1021
vn 0.9930 0.0785 0.0877
vn 0.9920 0.0401 0.1199
vn 0.0021 0.4979 0.8672
vn 0.0021 0.6688 0.7435
vn 0.9925 0.0331 0.1175
vn 0.0022 0.4978 0.8673
vn -0.5471 0.4120 0.7286
vn -0.5471 0.5533 0.6281
vn -0.5471 0.2529 0.7979
vn -0.7366 0.4493 0.5055
vn -0.7366 0.4494 0.5054
vn -0.7365 0.3327 0.5889
vn -0.7366 0.3327 0.5889
vn -0.7365 0.2083 0.6435
vn -0.7366 0.5458 0.3994
vn 0.0021 0.6687 0.7435
vn 0.0022 0.1055 0.9944
vn -0.0022 0.3119 0.9501
vn -0.7366 0.2082 0.6434
vn -0.7366 0.0604 0.6736
vn -0.7365 0.0604 0.6737
vn -0.5472 0.0830 0.8329
vn -0.5472 -0.0904 0.8321
vn -0.5471 -0.0905 0.8321
vn -0.7366 -0.0679 0.6730
vn -0.5508 -0.2528 0.7954
vn -0.5472 -0.2600 0.7956
vn -0.7366 -0.0680 0.6729
vn -0.7363 -0.2084 0.6437
vn -0.0021 -0.1055 0.9944
vn -0.0022 -0.1055 0.9944
vn -0.0021 -0.3118 0.9501
vn 0.0021 -0.3118 0.9501
vn -0.7366 -0.2083 0.6435
vn -0.0021 -0.4979 0.8672
vn -0.7366 -0.3393 0.5851
vn -0.7365 -0.3392 0.5852
vn -0.5472 -0.4185 0.7248
vn -0.5472 -0.5646 0.6180
vn -0.5471 -0.5646 0.6180
vn -0.7395 -0.4541 0.4969
vn -0.5471 -0.6799 0.4883
vn -0.5471 -0.6842 0.4822
vn -0.7395 -0.4541 0.4968
vn -0.7366 -0.5458 0.3995
vn -0.0021 -0.6688 0.7435
vn 0.0022 -0.8099 0.5865
vn -0.7366 -0.5458 0.3994
vn -0.0022 -0.9150 0.4035
vn -0.7366 -0.6208 0.2684
vn -0.7366 -0.6208 0.2685
vn -0.5471 -0.7689 0.3308
vn -0.5472 -0.7689 0.3308
vn -0.5471 -0.8206 0.1652
vn -0.5435 -0.8223 0.1689
vn -0.7366 -0.6635 0.1315
vn -0.5443 -0.8389 0.0028
vn -0.5443 -0.8389 -0.0027
vn -0.7366 -0.6634 0.1315
vn -0.7337 -0.6795 -0.0018
vn 0.0021 -1.0000 -0.0000
vn -0.0022 -1.0000 -0.0000
vn -0.7336 -0.6641 -0.1443
vn -0.7337 -0.6640 -0.1443
vn -0.5471 -0.8191 -0.1726
vn -0.5472 -0.8191 -0.1725
vn -0.5471 -0.7628 -0.3446
vn -0.7365 -0.6179 -0.2754
vn -0.5472 -0.6754 -0.4944
vn -0.7365 -0.6178 -0.2753
vn -0.7365 -0.5458 -0.3994
vn 0.0022 -0.8099 -0.5866
vn -0.0022 -0.9150 -0.4035
vn -0.0021 -0.8099 -0.5866
vn -0.7366 -0.5458 -0.3994
vn 0.0021 -0.6687 -0.7435
vn -0.0022 -0.6687 -0.7435
vn -0.7366 -0.4494 -0.5055
vn -0.5471 -0.5533 -0.6281
vn -0.5472 -0.5534 -0.6280
vn -0.5471 -0.4120 -0.7286
vn -0.5472 -0.4120 -0.7286
vn -0.7366 -0.3327 -0.5889
vn -0.5471 -0.2529 -0.7979
vn -0.7365 -0.2086 -0.6435
vn -0.7366 -0.3327 -0.5888
vn -0.0022 -0.3119 -0.9501
vn -0.7366 -0.2088 -0.6433
vn -0.0022 -0.1055 -0.9944
vn -0.0021 -0.1055 -0.9944
vn -0.7366 -0.0604 -0.6736
vn -0.7365 -0.0604 -0.6737
vn -0.5471 -0.0830 -0.8329
vn -0.5472 -0.0831 -0.8329
vn -0.5472 0.0904 -0.8321
vn -0.7366 0.0680 -0.6730
vn -0.5508 0.2529 -0.7954
vn -0.5472 0.2601 -0.7956
vn -0.7366 0.0679 -0.6729
vn -0.7365 0.2083 -0.6436
vn 0.0020 0.1054 -0.9944
vn 0.0022 0.1055 -0.9944
vn -0.7365 0.2087 -0.6434
vn 0.0021 0.4979 -0.8672
vn -0.7365 0.3392 -0.5852
vn -0.7366 0.3392 -0.5852
vn -0.5472 0.4185 -0.7248
vn -0.5471 0.4185 -0.7249
vn -0.5472 0.5645 -0.6180
vn -0.5471 0.5646 -0.6180
vn -0.7395 0.4541 -0.4970
vn -0.5471 0.6798 -0.4883
vn -0.5472 0.6842 -0.4822
vn -0.7395 0.4541 -0.4969
vn -0.7365 0.5459 -0.3994
vn 0.0021 0.6687 -0.7435
vn -0.0021 0.6688 -0.7435
vn 0.0022 0.8099 -0.5866
vn 0.0022 0.8099 -0.5865
vn -0.7366 0.5459 -0.3994
vn -0.7366 0.6208 -0.2684
vn -0.7365 0.6208 -0.2685
vn -0.5471 0.7689 -0.3307
vn -0.5471 0.7689 -0.3308
vn -0.5471 0.8206 -0.1651
vn -0.5435 0.8223 -0.1688
vn -0.7366 0.6634 -0.1315
vn -0.5472 0.8370 -0.0000
vn -0.7336 0.6795 -0.0019
vn -0.7336 0.6796 -0.0019
vn -0.7337 0.6648 0.1407
vn -0.5472 0.8191 0.1725
vn -0.5472 0.8190 0.1726
vn -0.5472 0.7628 0.3446
vn -0.5471 0.7628 0.3446
vn -0.7366 0.6178 0.2754
vn -0.5472 0.6754 0.4944
vn -0.7365 0.6178 0.2753
vn -0.7366 0.5459 0.3994
vn -0.0021 0.9150 0.4035
vn 0.0022 0.8099 0.5865
vn 0.0022 0.8099 0.5866
vn 0.9920 0.1042 0.0716
vn 0.9925 0.1133 0.0455
vn 0.0021 0.9793 0.2026
vn 0.9925 0.1133 0.0454
vn 0.9925 0.1197 0.0241
vn 0.9925 0.1196 0.0240
vn 0.9920 0.1264 0.0018
vn 0.9925 0.1203 -0.0204
vn 0.9925 0.1119 -0.0488
vn 0.9925 0.1118 -0.0488
vn 0.9930 0.0959 -0.0683
vn 0.9930 0.0812 -0.0852
vn 0.9925 0.0759 -0.0955
vn 0.9930 0.0572 -0.1029
vn 0.0021 0.3118 -0.9501
vn -0.0022 0.3119 -0.9501
vn 0.9925 0.0295 -0.1185
vn 0.9920 0.0074 -0.1261
vn 0.9925 0.0295 -0.1184
vn -0.0020 -0.1055 -0.9944
vn 0.9931 -0.0075 -0.1174
vn 0.9930 -0.0075 -0.1175
vn 0.9925 -0.0295 -0.1185
vn -0.0021 -0.4979 -0.8672
vn 0.9920 -0.0366 -0.1210
vn 0.9925 -0.0637 -0.1041
vn -0.0020 -0.6688 -0.7435
vn 0.9925 -0.0637 -0.1040
vn 0.9931 -0.0812 -0.0852
vn 0.9931 -0.0812 -0.0851
vn 0.9920 -0.1020 -0.0746
vn 0.9920 -0.1020 -0.0745
vn 0.9925 -0.1118 -0.0489
vn 0.9925 -0.1203 -0.0204
vn 0.9925 -0.1203 -0.0203
vn 0.9920 -0.1263 0.0019
vn 0.9920 -0.1264 0.0019
vn 0.9925 -0.1196 0.0241
vn -0.0021 -0.9149 0.4036
vn 0.9925 -0.1196 0.0240
vn 0.9925 -0.1133 0.0454
vn 0.9925 -0.1133 0.0455
vn 0.9930 -0.0937 0.0713
vn 0.9931 -0.0936 0.0713
vn 0.9930 -0.0785 0.0877
vn 0.0021 -0.6688 0.7435
vn 0.9925 -0.0787 0.0932
vn 0.9930 -0.0539 0.1046
vn -0.0022 -0.3119 0.9501
vn 0.9930 -0.0540 0.1046
vn 0.9925 -0.0331 0.1175
vn 0.9925 -0.0331 0.1174
vn 0.9920 -0.0111 0.1259
vn 0.9920 0.0112 0.1259
vn 0.9931 0.0112 0.1171
vn -1.0000 -0.0000 0.0002
vn -0.7598 -0.3279 0.5614
vn -0.5398 -0.4187 0.7303
vn -0.5400 -0.2167 0.8133
vn -0.7626 -0.1644 0.6256
vn 0.0547 -0.5003 0.8641
vn 0.0548 -0.2502 0.9666
vn 0.1416 -0.2538 0.9568
vn 0.0022 -0.0000 1.0000
vn 0.0548 0.0038 0.9985
vn 0.1502 0.0038 0.9886
vn 0.0548 0.2502 0.9666
vn 0.1416 0.2538 0.9568
vn -0.0022 0.2540 0.9672
vn -0.0021 -0.0000 1.0000
vn 0.0022 -0.2539 0.9672
vn 0.9186 -0.0000 0.3952
vn 0.9186 -0.1040 0.3812
vn 0.1417 -0.4971 0.8560
vn 0.9186 -0.2009 0.3404
vn 0.9186 -0.1041 0.3812
vn 0.9203 -0.2747 0.2787
vn 0.9203 -0.3425 0.1891
vn 0.9203 -0.2748 0.2785
vn 0.9203 -0.3804 0.0913
vn 0.9186 0.1041 0.3813
vn 0.1416 0.4971 0.8560
vn 0.9186 0.2009 0.3404
vn -0.0021 0.7072 0.7071
vn 0.9203 0.2747 0.2787
vn 0.9186 0.2008 0.3403
vn 0.1416 0.7053 0.6946
vn 0.1416 0.8598 0.4906
vn -0.0021 0.8673 0.4978
vn 0.9203 0.3425 0.1891
vn 0.9203 0.2747 0.2785
vn 0.9203 0.3804 0.0913
vn 0.9203 0.3425 0.1890
vn 0.0022 0.9672 0.2539
vn 0.1502 0.9887 0.0019
vn 0.1416 0.9568 0.2538
vn 0.9186 0.3952 -0.0038
vn 0.9186 0.3952 0.0038
vn 0.9203 0.3786 0.0985
vn 0.0547 0.9985 -0.0000
vn 0.0547 0.9652 0.2557
vn 0.0547 0.9662 -0.2520
vn 0.1416 0.9568 -0.2538
vn 0.0547 0.8647 0.4992
vn 0.0021 0.8673 0.4978
vn 0.0022 1.0000 -0.0000
vn -0.5324 0.8183 0.2167
vn -0.5325 0.8464 -0.0000
vn -0.7626 0.6266 0.1607
vn -0.0022 0.9672 -0.2540
vn -0.5325 0.8182 -0.2167
vn -0.7598 0.6502 -0.0019
vn -0.7626 0.5652 0.3146
vn -0.7626 0.4614 0.4534
vn -0.5287 0.7363 0.4222
vn -0.7598 0.3279 0.5614
vn -0.5325 0.6038 0.5932
vn 0.0021 0.7071 0.7071
vn 0.0547 0.7041 0.7080
vn -0.5398 0.4188 0.7302
vn -0.5398 0.2167 0.8134
vn -0.7626 0.1644 0.6256
vn 0.0547 0.5002 0.8642
vn -0.7683 0.0001 0.6401
vn -0.9930 0.0038 0.1179
vn -0.5361 -0.0000 0.8441
vn -0.7626 0.6247 -0.1680
vn -0.7626 0.5652 -0.3146
vn -0.5324 0.7318 -0.4254
vn 0.0547 0.8628 -0.5025
vn 0.0547 0.7067 -0.7054
vn 0.0022 0.7071 -0.7071
vn -0.5324 0.6038 -0.5933
vn -0.7626 0.4614 -0.4533
vn -0.7597 0.3245 -0.5635
vn -0.7626 0.1644 -0.6257
vn -0.5397 0.2167 -0.8135
vn -0.5398 0.4187 -0.7303
vn -0.0022 0.4978 -0.8673
vn 0.0547 0.4976 -0.8657
vn 0.0548 0.2539 -0.9657
vn 0.0548 0.0001 -0.9985
vn -0.0021 -0.0000 -1.0000
vn 0.1502 0.0001 -0.9887
vn 0.1416 0.2538 -0.9568
vn -0.5361 -0.0000 -0.8441
vn 0.0547 -0.2539 -0.9657
vn -0.5398 -0.2166 -0.8135
vn -0.7682 -0.0000 -0.6402
vn -0.9930 -0.0000 -0.1179
vn -0.0022 0.2540 -0.9672
vn 0.1416 0.4971 -0.8560
vn 0.9186 0.1040 -0.3812
vn 0.9186 0.2008 -0.3404
vn 0.9186 0.1041 -0.3813
vn 0.9186 -0.0000 -0.3952
vn -0.0023 0.7071 -0.7072
vn 0.9203 0.2773 -0.2761
vn 0.9186 0.2009 -0.3403
vn 0.9203 0.3407 -0.1924
vn 0.9203 0.2773 -0.2759
vn 0.1416 0.8598 -0.4906
vn -0.0021 0.8672 -0.4979
vn 0.1416 0.7053 -0.6946
vn 0.9203 0.3795 -0.0949
vn 0.9203 0.3407 -0.1923
vn 0.9203 -0.3786 0.0985
vn 0.5288 -0.0415 0.8478
vn -0.9998 -0.0136 0.0109
vn -0.4988 -0.0491 0.8654
vn -0.5287 -0.0378 0.8479
vn 0.4988 -0.0452 0.8656
vn -0.4987 0.0575 0.8648
vn 0.5063 0.0528 0.8607
vn 0.4950 0.0297 -0.8684
vn 0.5250 0.0226 -0.8508
vn -0.5063 0.0302 -0.8618
vn -0.5250 -0.0226 -0.8508
vn -0.4949 -0.0302 -0.8684
vn -0.9997 -0.0255 0.0058
vn -0.5063 -0.0491 0.8610
vn -0.5288 -0.0378 0.8479
vn -1.0000 -0.0004 -0.0002
vn -0.9999 0.0159 -0.0013
vn -0.5213 -0.2958 0.8005
vn -0.5063 0.3727 -0.7777
vn 0.5063 0.3722 -0.7779
vn -0.4987 0.3863 -0.7759
vn 0.5063 0.3858 -0.7713
vn 0.9998 0.0175 -0.0000
vn 0.5138 -0.2848 0.8093
vn 0.5250 -0.2822 0.8030
vn 1.0000 0.0011 0.0004
vn -0.5138 -0.2887 0.8079
vn -0.9999 0.0164 -0.0011
vn -0.5250 -0.2887 0.8006
vn -0.4987 0.3862 -0.7759
vn 1.0000 0.0011 0.0005
vn -0.5213 -0.2957 0.8005
vn -0.4987 0.3862 -0.7760
vn 0.9998 0.0175 0.0001
vn 0.5138 -0.2847 0.8093
vn 0.9998 -0.0067 -0.0161
vn 0.5176 -0.3409 0.7848
vn -0.5176 0.2529 -0.8174
vn -0.4987 0.2459 -0.8311
vn -0.5138 -0.3517 0.7825
vn -0.5101 -0.3418 0.7893
vn -1.0000 -0.0000 0.0001
vn 0.5176 -0.3478 0.7817
vn -0.5138 0.3722 -0.7729
vn -0.5063 0.3795 -0.7744
vn 0.5100 0.3791 -0.7721
vn 0.9998 0.0176 -0.0000
vn 0.5213 -0.2919 0.8019
vn -0.4987 0.2458 -0.8312
vn -0.9999 0.0163 -0.0011
vn -0.5063 0.3727 -0.7776
vn 0.5250 -0.2848 0.8020
vn -0.5175 -0.2744 0.8104
vn 0.5175 -0.2776 0.8094
vn 0.5063 0.3913 -0.7685
vn 1.0000 0.0008 0.0078
vn 0.9998 -0.0145 -0.0145
vn 0.5101 -0.3517 0.7849
vn -0.4988 0.2458 -0.8312
vn -0.5176 -0.3517 0.7800
vn -0.5175 -0.3379 0.7861
vn 0.5212 -0.3546 0.7762
vn 0.5287 -0.6218 0.5778
vn 0.5324 0.5720 -0.6240
vn -0.4987 0.5793 -0.6447
vn -0.9998 -0.0137 -0.0109
vn -0.5325 -0.6281 0.5675
vn 0.4987 -0.6428 0.5815
vn -0.5287 -0.5826 0.6172
vn -0.9998 0.0076 0.0158
vn -0.5398 0.6239 -0.5651
vn 0.5213 -0.5852 0.6211
vn -0.5101 -0.5835 0.6319
vn 0.5063 -0.5839 0.6346
vn 0.9998 0.0067 0.0161
vn 0.4987 0.6528 -0.5702
vn 0.5398 0.6282 -0.5603
vn 1.0000 -0.0000 0.0001
vn -0.4987 0.6535 -0.5694
vn -0.5287 -0.5825 0.6173
vn 0.5251 -0.5849 0.6182
vn 0.9998 -0.0162 -0.0066
vn 0.5323 -0.6265 0.5693
vn 0.5324 0.5719 -0.6240
vn -0.5325 0.5767 -0.6196
vn -0.4988 0.5793 -0.6446
vn -0.9998 -0.0137 -0.0110
vn -0.5288 -0.6298 0.5690
vn 0.4987 -0.6428 0.5814
vn -0.5287 -0.5826 0.6173
vn -0.9998 0.0076 0.0157
vn 0.5213 -0.5852 0.6212
vn 0.9998 0.0067 0.0162
vn 0.5398 0.6283 -0.5603
vn -0.4988 0.6534 -0.5694
vn 0.5138 0.7715 0.3752
vn 0.5213 0.7738 0.3599
vn 0.9998 -0.0068 0.0162
vn 1.0000 0.0003 -0.0007
vn -0.5138 0.7778 0.3620
vn -0.5175 0.7704 0.3722
vn -0.9998 -0.0000 0.0174
vn -1.0000 -0.0007 0.0017
vn -0.5063 -0.8144 -0.2837
vn -0.5100 -0.8157 -0.2730
vn 0.5063 -0.8163 -0.2779
vn 0.5101 -0.8176 -0.2672
vn -0.5324 -0.5768 0.6195
vn -0.5397 0.6239 -0.5652
vn 0.5324 -0.5789 0.6176
vn -0.5101 -0.5798 0.6353
vn 0.5100 -0.5782 0.6369
vn 0.9998 0.0128 0.0177
vn 1.0000 -0.0030 0.0082
vn 0.5138 0.7756 0.3666
vn 0.9998 -0.0067 0.0162
vn -0.5138 0.7746 0.3688
vn -0.5101 -0.8157 -0.2730
vn 0.5063 -0.7700 -0.3883
vn 0.5176 -0.7698 -0.3734
vn 0.9998 -0.0000 -0.0175
vn 1.0000 -0.0013 0.0011
vn -0.5176 -0.7704 -0.3722
vn -0.5063 -0.7702 -0.3880
vn -0.9998 0.0001 -0.0175
vn -1.0000 0.0013 -0.0030
vn -0.5138 0.8066 0.2922
vn -0.5175 0.8104 0.2745
vn 0.5138 0.8074 0.2901
vn 0.5176 0.8087 0.2794
vn 0.5398 -0.6181 -0.5714
vn 0.5100 -0.6419 -0.5726
vn -0.5324 -0.6246 -0.5712
vn -0.4987 -0.6485 -0.5751
vn -0.9998 -0.0076 0.0157
vn -0.5323 0.5769 0.6196
vn -0.5063 0.5762 0.6416
vn 0.5324 0.5789 0.6176
vn 0.4987 0.5787 0.6453
vn -0.5324 -0.5713 -0.6247
vn -0.9998 0.0137 -0.0109
vn -0.4987 -0.5737 -0.6497
vn 0.4988 -0.5730 -0.6503
vn 0.5324 -0.5706 -0.6252
vn 0.9998 0.0161 -0.0067
vn 0.5324 0.6163 0.5802
vn 0.4987 0.6427 0.5815
vn -0.5063 0.6413 0.5765
vn -0.5324 0.6196 0.5768
vn -0.5325 -0.6246 -0.5713
vn -0.9998 -0.0076 0.0158
vn -0.5324 0.5768 0.6195
vn 0.5323 0.5789 0.6176
vn 0.4988 0.5839 0.6406
vn 0.5397 -0.6182 -0.5715
vn 0.5101 -0.6419 -0.5725
vn -0.4987 0.5821 0.6422
vn 0.5063 0.5809 0.6374
vn 0.5322 0.5789 0.6177
vn 0.5325 -0.6239 -0.5720
vn 0.4987 -0.6478 -0.5759
vn -0.5100 -0.6426 -0.5718
vn -0.5434 -0.6184 -0.5677
vn -0.5324 0.5769 0.6195
vn 0.5324 0.5789 0.6175
vn 0.4987 0.5839 0.6406
vn 0.5101 -0.8179 0.2662
vn 0.5138 -0.8124 0.2758
vn 0.9997 -0.0071 -0.0253
vn 1.0000 0.0076 0.0011
vn -0.5138 -0.8116 0.2780
vn -0.5101 -0.8192 0.2622
vn -0.9998 -0.0076 -0.0157
vn -1.0000 -0.0022 -0.0053
vn -0.5174 0.7769 -0.3587
vn -0.5175 0.7704 -0.3723
vn 0.5101 0.7787 -0.3654
vn 0.5175 0.7699 -0.3734
vn 0.5324 0.5762 -0.6201
vn 0.9998 -0.0161 -0.0067
vn -0.5324 0.5768 -0.6196
vn -0.5288 -0.6249 0.5743
vn 0.5101 -0.8179 0.2663
vn 0.5138 -0.8123 0.2758
vn 1.0000 0.0010 0.0027
vn -0.9998 -0.0077 -0.0158
vn -1.0000 -0.0021 -0.0053
vn -0.5175 0.7768 -0.3588
vn -0.5138 0.7778 -0.3620
vn 0.5138 0.7740 -0.3700
vn 0.5176 0.7763 -0.3598
vn 0.5063 0.8152 -0.2813
vn 0.5063 0.8113 -0.2922
vn 0.9998 -0.0000 0.0175
vn 1.0000 0.0012 0.0025
vn -0.5063 0.8118 -0.2908
vn -0.5063 0.8168 -0.2765
vn -1.0000 -0.0018 -0.0042
vn -0.5176 -0.7704 0.3722
vn -0.5100 -0.7711 0.3812
vn 0.5176 -0.7715 0.3700
vn 0.5100 -0.7721 0.3790
vn 0.5063 0.2717 0.8184
vn 0.5175 0.2776 0.8094
vn 1.0000 0.0022 -0.0005
vn -0.5175 0.2744 0.8105
vn -0.5138 0.2672 0.8152
vn -1.0000 -0.0053 0.0021
vn -0.5100 -0.3659 -0.7784
vn -0.5063 -0.3727 -0.7776
vn 0.5100 -0.3654 -0.7787
vn 0.5063 -0.3722 -0.7779
vn 0.5101 0.2710 0.8163
vn 0.5176 0.2776 0.8093
vn -0.5063 0.2712 0.8186
vn -0.9998 -0.0137 0.0108
vn -0.5101 -0.3659 -0.7784
vn -0.5063 -0.3727 -0.7777
vn 0.5101 -0.3654 -0.7787
vn 0.9998 -0.0161 0.0067
vn -0.5138 0.2673 0.8152
vn -0.5176 0.2696 0.8121
vn 0.5100 0.2672 0.8176
vn -0.5250 0.3654 0.7687
vn -1.0000 -0.0013 0.0010
vn -0.9998 0.0171 -0.0039
vn -0.5101 -0.2891 -0.8101
vn 0.5176 0.3684 0.7723
vn -0.5138 0.3793 0.7695
vn 0.5138 0.3819 0.7682
vn 0.5063 -0.2786 -0.8161
vn 0.5101 -0.2887 -0.8102
vn -0.5063 -0.2747 -0.8174
vn 1.0000 0.0022 -0.0004
vn -0.5176 0.2696 0.8120
vn -1.0000 -0.0052 0.0021
vn 0.5063 0.2672 0.8199
vn -1.0000 -0.0014 0.0010
vn -0.9998 0.0138 -0.0109
vn -0.5138 0.3654 0.7762
vn 0.5101 -0.2887 -0.8103
vn 0.5063 -0.2743 -0.8176
vn 0.9998 0.0162 -0.0066
vn 0.5175 0.3751 0.7690
vn 0.5176 0.3683 0.7723
vn 1.0000 0.0040 -0.0017
vn -0.5063 0.3761 0.7760
vn -0.9999 0.0170 0.0009
vn -0.5175 0.3654 0.7737
vn -0.5101 -0.2890 -0.8101
vn 0.5100 -0.2887 -0.8103
vn 0.5063 -0.2744 -0.8175
vn -0.5100 0.3829 0.7702
vn -0.9998 0.0170 -0.0039
vn 0.9998 0.0161 -0.0066
vn 0.5063 0.3722 0.7779
vn -1.0000 -0.0013 0.0011
vn -0.9998 0.0171 -0.0040
vn 0.5250 0.3615 0.7705
vn -0.9896 -0.1354 0.0480
vn -0.9986 -0.0320 0.0415
vn -0.5938 0.7443 -0.3056
vn 0.5101 -0.8199 0.2601
vn 0.9962 0.0148 -0.0860
vn 0.5398 0.7220 -0.4328
vn 0.4448 0.8029 -0.3968
vn 0.9883 0.1431 -0.0524
vn -0.4836 0.8184 -0.3104
vn -1.0000 -0.0004 -0.0024
vn -0.9998 -0.0000 0.0175
vn 0.5063 0.8114 -0.2922
vn 0.5063 0.8164 -0.2779
vn 0.5101 -0.7721 0.3790
vn 0.5176 -0.7714 0.3701
vn 1.0000 0.0021 0.0050
vn -0.5101 -0.7710 0.3813
vn 1.0000 0.0010 0.0026
vn 0.5178 0.7759 -0.3603
vn -0.5176 0.7768 -0.3587
vn -0.5138 0.7746 -0.3689
vn -0.5213 -0.7696 0.3688
vn -1.0000 -0.0006 -0.0024
vn -0.5101 -0.7697 0.3839
vn 0.5138 -0.7691 0.3802
vn -0.5063 0.8168 -0.2766
vn -1.0000 -0.0012 -0.0033
vn -0.5176 0.7769 -0.3586
vn 0.5138 -0.8123 0.2759
vn 0.5138 0.7740 -0.3701
vn 1.0000 0.0018 0.0045
vn -0.5175 -0.7705 0.3722
vn -0.5063 0.8119 -0.2908
vn 0.5175 -0.7715 0.3701
vn -0.5101 -0.7697 0.3840
vn -1.0000 -0.0003 -0.0025
vn -0.9998 -0.0000 -0.0175
vn 0.9998 -0.0000 -0.0174
vn 0.5063 -0.7696 -0.3892
vn 0.5174 -0.7699 -0.3736
vn 1.0000 -0.0009 0.0023
vn -0.5175 -0.7704 0.3723
vn -0.9998 0.0001 0.0175
vn -1.0000 0.0005 -0.0022
vn -0.9998 0.0001 -0.0176
vn -0.5176 0.8084 0.2803
vn 0.5177 -0.7698 -0.3735
vn 1.0000 0.0002 0.0001
vn -0.5063 -0.7702 -0.3879
vn -0.5287 0.8482 -0.0337
vn -0.9998 -0.0000 -0.0219
vn -0.5287 -0.8484 -0.0266
vn 0.5287 0.8483 -0.0283
vn -0.4987 0.8658 -0.0413
vn 0.4987 0.8658 -0.0414
vn 0.9998 -0.0000 -0.0219
vn 0.4950 -0.8681 -0.0385
vn 0.5250 -0.8507 -0.0245
vn 1.0000 -0.0002 0.0001
vn -0.4987 -0.8658 -0.0396
vn -0.5138 0.8091 0.2851
vn -0.5175 -0.7704 -0.3723
vn 0.5139 0.8073 0.2901
vn -0.5138 0.8116 0.2780
vn 0.5063 -0.7696 -0.3891
vn 0.5176 -0.7699 -0.3734
vn 0.5324 -0.5706 -0.6253
vn 0.9998 0.0162 -0.0067
vn -0.5325 -0.5674 -0.6281
vn 0.4987 -0.5730 -0.6503
vn -0.9998 0.0137 -0.0110
vn -0.4988 0.6459 0.5779
vn -0.5324 0.6195 0.5768
vn 0.5063 0.6422 0.5755
vn -0.5063 -0.8144 -0.2836
vn -1.0000 -0.0003 0.0009
vn -0.5063 -0.8192 -0.2694
vn 0.5175 0.7715 0.3701
vn 0.5138 0.7756 0.3667
vn 1.0000 0.0006 -0.0015
vn -0.5176 0.7704 0.3722
vn 0.9998 -0.0000 0.0219
vn 0.5287 0.8482 0.0321
vn 0.5287 -0.8484 0.0245
vn -0.5250 -0.8508 0.0227
vn 0.4987 -0.8658 0.0415
vn -0.4949 -0.8680 0.0396
vn -0.9998 -0.0000 0.0219
vn -0.4987 0.8657 0.0435
vn -0.5288 0.8478 0.0405
vn 0.4987 0.8658 0.0414
vn 0.9998 -0.0000 0.0218
vn 0.5250 -0.8508 0.0207
vn -0.5287 -0.8484 0.0264
vn -0.4987 -0.8657 0.0434
vn 0.4950 -0.8681 0.0377
vn -0.9998 0.0001 0.0219
vn -0.4987 0.8657 0.0434
vn -0.5288 0.8478 0.0406
vn -1.0000 0.0001 -0.0000
vn 0.4988 0.8658 0.0414
vn 0.5287 -0.8485 -0.0207
vn 1.0000 -0.0002 -0.0000
vn 0.9998 -0.0000 -0.0218
vn -0.5250 -0.8508 -0.0227
vn 0.4987 -0.8659 -0.0383
vn -0.4950 -0.8682 -0.0358
vn -0.9998 -0.0001 -0.0218
vn -0.5287 0.8481 -0.0340
vn -1.0000 0.0005 -0.0000
vn 0.5063 -0.8139 -0.2850
vn -0.5063 -0.8168 -0.2765
vn 0.5063 -0.8188 -0.2708
vn -0.5063 -0.8192 -0.2693
vn 0.5138 0.7724 0.3734
vn -1.0000 -0.0003 -0.0024
vn -0.5138 0.8066 0.2923
vn -0.5176 -0.7704 -0.3723
vn 0.5175 -0.7699 -0.3736
vn 0.5138 0.8106 0.2810
vn -0.5176 0.8104 0.2745
vn -0.9998 -0.0077 0.0158
vn 0.5063 -0.8187 -0.2708
vn -0.5287 0.8481 0.0340
vn 0.5287 -0.8484 0.0246
vn -0.4949 -0.8681 0.0386
vn 1.0000 0.0002 -0.0000
vn 0.5324 -0.5707 -0.6252
vn 0.5324 0.6163 0.5803
vn -0.5063 0.6403 0.5776
vn 0.4987 0.6428 0.5815
vn -0.5288 0.8481 -0.0340
vn -1.0000 -0.0002 -0.0000
vn -0.9998 -0.0000 -0.0218
vn -0.5287 -0.8484 -0.0265
vn 0.4987 0.8658 -0.0415
vn 0.9998 -0.0000 -0.0220
vn 0.4950 -0.8681 -0.0384
vn 1.0000 -0.0003 0.0001
vn -0.4987 0.8658 -0.0397
vn -0.4987 -0.8658 -0.0397
vn -1.0000 -0.0001 -0.0000
vn 0.4950 -0.8681 -0.0377
vn -0.5063 0.6404 0.5776
vn -0.5287 -0.8484 0.0265
vn -0.9998 -0.0000 0.0218
vn 0.5250 -0.8508 0.0208
vn -0.4988 -0.8659 0.0385
vn 0.4949 -0.8681 0.0377
vn 0.9998 0.0001 0.0219
vn 0.5289 0.8481 0.0322
vn -0.4988 0.8656 0.0434
vt 0.934788 -0.713175
vt 0.930913 -0.713175
vt 0.934788 -0.693142
vt 0.711263 -0.365246
vt 0.720103 -0.361143
vt 0.703272 -0.374418
vt 0.934788 -0.672987
vt 0.930913 -0.672987
vt 0.930913 -0.693142
vt 0.741898 -0.713175
vt 0.930913 -0.733208
vt 0.934788 -0.733208
vt 0.738023 -0.366332
vt 0.696612 -0.386848
vt 0.692132 -0.402778
vt 0.934788 -0.753242
vt 0.930913 -0.753242
vt 0.741898 -0.753242
vt 0.934788 -0.773275
vt 0.930913 -0.773275
vt 0.741898 -0.733208
vt 0.741898 -0.773275
vt 0.930913 -0.793308
vt 0.742019 -0.793429
vt 0.930913 -0.813342
vt 0.742019 -0.813462
vt 0.930913 -0.833375
vt 0.742019 -0.833496
vt 0.930792 -0.853409
vt 0.742019 -0.853529
vt 0.930792 -0.873442
vt 0.742140 -0.873563
vt 0.930792 -0.893475
vt 0.742140 -0.893596
vt 0.930792 -0.913509
vt 0.742140 -0.913629
vt 0.930671 -0.933542
vt 0.742140 -0.933663
vt 0.930671 -0.953575
vt 0.742140 -0.953696
vt 0.930671 -0.973730
vt 0.742140 -0.973971
vt 0.930671 -0.993763
vt 0.742140 -0.994246
vt 0.742019 -0.532392
vt 0.742140 -0.511996
vt 0.930671 -0.512600
vt 0.930671 -0.532633
vt 0.742019 -0.552667
vt 0.930671 -0.552667
vt 0.742019 -0.572700
vt 0.930671 -0.572821
vt 0.742019 -0.592854
vt 0.930792 -0.592854
vt 0.742019 -0.612887
vt 0.930792 -0.612887
vt 0.742019 -0.632921
vt 0.930913 -0.632921
vt 0.742019 -0.652954
vt 0.930913 -0.652954
vt 0.741898 -0.672987
vt 0.741898 -0.693142
vt 0.934788 -0.652954
vt 0.729305 -0.361143
vt 0.934788 -0.632921
vt 0.934788 -0.612887
vt 0.746015 -0.375504
vt 0.752190 -0.388900
vt 0.934667 -0.592854
vt 0.934546 -0.572700
vt 0.756792 -0.404709
vt 0.934546 -0.552667
vt 0.758850 -0.422570
vt 0.934667 -0.532633
vt 0.758850 -0.440793
vt 0.934667 -0.512600
vt 0.756186 -0.458292
vt 0.934546 -0.973730
vt 0.934546 -0.993763
vt 0.751706 -0.474223
vt 0.934546 -0.953575
vt 0.744925 -0.486653
vt 0.934546 -0.933542
vt 0.737055 -0.495825
vt 0.934667 -0.913509
vt 0.728094 -0.499928
vt 0.934788 -0.893475
vt 0.719013 -0.499928
vt 0.934788 -0.873442
vt 0.710295 -0.494739
vt 0.934788 -0.853409
vt 0.702303 -0.485567
vt 0.934788 -0.833375
vt 0.696128 -0.472171
vt 0.934788 -0.813342
vt 0.691526 -0.456362
vt 0.934788 -0.793308
vt 0.689468 -0.438500
vt 0.689468 -0.420277
vt 0.678086 -0.298508
vt 0.673969 -0.298508
vt 0.678086 -0.293319
vt 0.673969 -0.293319
vt 0.673969 -0.303335
vt 0.678086 -0.303335
vt 0.677965 -0.309008
vt 0.673969 -0.308766
vt 0.673969 -0.313956
vt 0.678086 -0.314318
vt 0.673969 -0.318904
vt 0.678086 -0.318542
vt 0.677844 -0.323852
vt 0.673969 -0.323852
vt 0.961185 -0.683004
vt 0.963607 -0.683004
vt 0.963607 -0.690849
vt 0.948955 -0.683004
vt 0.951256 -0.683004
vt 0.948955 -0.690849
vt 0.958763 -0.683004
vt 0.961185 -0.690849
vt 0.958763 -0.690849
vt 0.956341 -0.690849
vt 0.953678 -0.690849
vt 0.953678 -0.683004
vt 0.956341 -0.683004
vt 0.951256 -0.690849
vt 0.959490 -0.918577
vt 0.959611 -0.910733
vt 0.962759 -0.918577
vt 0.962759 -0.910733
vt 0.957068 -0.910733
vt 0.957068 -0.918577
vt 0.954525 -0.918336
vt 0.954646 -0.910733
vt 0.952224 -0.910733
vt 0.952103 -0.918577
vt 0.950045 -0.918577
vt 0.949803 -0.910733
vt 0.947260 -0.918095
vt 0.947260 -0.910733
vt 0.993030 -0.807308
vt 0.993030 -0.815152
vt 0.990609 -0.807308
vt 0.980559 -0.807308
vt 0.978016 -0.815152
vt 0.978016 -0.807308
vt 0.983101 -0.807308
vt 0.980559 -0.815152
vt 0.983101 -0.815152
vt 0.985523 -0.815152
vt 0.985523 -0.807308
vt 0.988066 -0.807308
vt 0.988066 -0.815152
vt 0.990488 -0.815152
vt 0.979348 -0.977833
vt 0.979348 -0.969868
vt 0.982133 -0.977833
vt 0.992062 -0.977833
vt 0.994605 -0.969868
vt 0.994605 -0.977833
vt 0.989398 -0.977833
vt 0.992062 -0.969868
vt 0.989398 -0.969868
vt 0.986976 -0.969868
vt 0.984554 -0.969868
vt 0.984554 -0.977833
vt 0.986976 -0.977833
vt 0.982254 -0.969868
vt 0.950045 -0.899268
vt 0.947260 -0.899268
vt 0.947381 -0.891424
vt 0.962396 -0.899268
vt 0.959853 -0.899268
vt 0.962396 -0.891424
vt 0.952346 -0.899268
vt 0.950166 -0.891424
vt 0.952346 -0.891424
vt 0.954767 -0.891424
vt 0.957310 -0.891424
vt 0.957310 -0.899268
vt 0.954767 -0.899268
vt 0.959853 -0.891424
vt 0.693827 -0.351850
vt 0.693827 -0.359815
vt 0.691284 -0.351850
vt 0.691284 -0.359815
vt 0.696249 -0.359815
vt 0.696249 -0.351850
vt 0.698913 -0.351850
vt 0.698913 -0.359815
vt 0.701455 -0.359815
vt 0.701455 -0.351850
vt 0.703877 -0.351850
vt 0.703998 -0.359815
vt 0.706541 -0.351850
vt 0.706541 -0.359815
vt 0.978621 -0.757828
vt 0.976078 -0.757828
vt 0.976078 -0.749983
vt 0.990851 -0.757828
vt 0.988550 -0.757828
vt 0.990851 -0.749983
vt 0.981164 -0.757828
vt 0.978621 -0.749983
vt 0.981164 -0.749983
vt 0.983828 -0.749983
vt 0.986129 -0.749983
vt 0.986129 -0.757828
vt 0.983828 -0.757828
vt 0.988429 -0.749983
vt 0.472482 -0.389020
vt 0.482411 -0.389020
vt 0.470787 -0.616749
vt 0.486649 -0.348712
vt 0.478294 -0.348712
vt 0.462189 -0.389020
vt 0.460979 -0.616749
vt 0.739597 -0.014541
vt 0.757034 -0.028902
vt 0.739113 -0.018644
vt 0.480352 -0.616749
vt 0.771927 -0.051832
vt 0.770474 -0.054728
vt 0.755944 -0.032523
vt 0.753643 -0.040488
vt 0.737902 -0.027454
vt 0.720950 -0.022989
vt 0.720950 -0.013817
vt 0.702908 -0.018644
vt 0.720950 -0.009714
vt 0.703998 -0.027454
vt 0.451292 -0.616749
vt 0.451292 -0.389020
vt 0.679781 -0.616749
vt 0.668883 -0.389020
vt 0.679781 -0.389020
vt 0.702303 -0.014541
vt 0.670094 -0.616749
vt 0.660892 -0.348712
vt 0.652779 -0.348712
vt 0.658591 -0.389020
vt 0.660407 -0.616749
vt 0.668641 -0.348712
vt 0.462553 -0.263993
vt 0.470908 -0.263993
vt 0.462553 -0.348712
vt 0.470181 -0.348712
vt 0.668641 -0.263993
vt 0.660286 -0.263993
vt 0.651931 -0.263993
vt 0.025432 -0.085865
vt 0.020589 -0.081761
vt 0.022163 -0.076331
vt 0.030760 -0.087192
vt 0.030760 -0.080917
vt 0.026280 -0.079710
vt 0.018530 -0.070900
vt 0.006058 -0.949472
vt 0.732453 -0.964437
vt 0.006058 -0.964437
vt 0.732453 -0.979522
vt 0.006058 -0.979522
vt 0.732453 -0.994487
vt 0.732453 -0.649454
vt 0.006058 -0.634490
vt 0.732453 -0.634490
vt 0.006058 -0.994487
vt 0.006058 -0.649454
vt 0.732453 -0.664419
vt 0.006058 -0.664540
vt 0.732453 -0.679504
vt 0.006058 -0.679504
vt 0.732453 -0.694469
vt 0.006058 -0.694469
vt 0.732453 -0.709434
vt 0.006058 -0.709554
vt 0.732453 -0.724398
vt 0.006058 -0.724519
vt 0.732453 -0.739363
vt 0.006058 -0.739484
vt 0.732453 -0.754449
vt 0.006058 -0.754449
vt 0.732453 -0.769413
vt 0.006058 -0.769413
vt 0.732453 -0.784378
vt 0.006058 -0.784499
vt 0.732453 -0.799463
vt 0.006058 -0.799463
vt 0.732453 -0.814428
vt 0.006058 -0.814549
vt 0.732453 -0.829513
vt 0.006058 -0.829513
vt 0.732453 -0.844478
vt 0.006058 -0.844599
vt 0.732453 -0.859563
vt 0.006058 -0.859563
vt 0.732453 -0.874528
vt 0.006058 -0.874528
vt 0.732453 -0.889493
vt 0.006058 -0.889493
vt 0.732453 -0.904458
vt 0.006058 -0.904458
vt 0.732453 -0.919543
vt 0.006058 -0.919422
vt 0.732453 -0.934508
vt 0.006058 -0.934508
vt 0.732453 -0.949472
vt 0.015866 -0.063780
vt 0.013081 -0.066917
vt 0.014050 -0.055453
vt 0.016351 -0.075365
vt 0.011023 -0.057142
vt 0.626382 -0.263993
vt 0.634979 -0.263993
vt 0.635948 -0.348712
vt 0.643455 -0.263993
vt 0.639096 -0.389020
vt 0.627351 -0.348712
vt 0.644424 -0.348712
vt 0.648662 -0.389020
vt 0.641155 -0.616749
vt 0.650720 -0.616749
vt 0.669973 -0.051832
vt 0.684988 -0.028902
vt 0.671426 -0.054728
vt 0.658591 -0.081641
vt 0.660407 -0.083692
vt 0.653384 -0.117363
vt 0.657864 -0.119777
vt 0.664282 -0.088278
vt 0.674695 -0.061245
vt 0.677601 -0.103484
vt 0.672516 -0.127621
vt 0.002910 -0.058470
vt 0.006664 -0.058470
vt 0.002910 -0.071383
vt 0.670821 -0.153447
vt 0.006664 -0.084296
vt 0.002910 -0.084296
vt 0.006664 -0.071383
vt 0.709689 -0.244321
vt 0.717560 -0.231650
vt 0.721677 -0.247580
vt 0.725673 -0.231650
vt 0.733664 -0.244321
vt 0.006664 -0.097209
vt 0.002910 -0.097209
vt 0.006664 -0.110122
vt 0.002910 -0.110122
vt 0.677601 -0.203410
vt 0.664282 -0.218737
vt 0.672516 -0.179273
vt 0.657864 -0.187238
vt 0.741051 -0.221633
vt 0.744804 -0.235029
vt 0.733664 -0.228271
vt 0.747589 -0.212099
vt 0.754491 -0.220185
vt 0.006664 -0.123156
vt 0.002910 -0.123156
vt 0.685593 -0.224167
vt 0.674695 -0.245649
vt 0.688257 -0.266406
vt 0.006664 -0.136069
vt 0.002910 -0.136069
vt 0.695885 -0.240098
vt 0.753038 -0.200031
vt 0.761877 -0.200996
vt 0.757155 -0.185911
vt 0.766479 -0.178429
vt 0.006664 -0.148982
vt 0.002910 -0.148982
vt 0.707994 -0.249994
vt 0.703998 -0.279440
vt 0.720950 -0.253493
vt 0.006664 -0.162016
vt 0.002910 -0.162016
vt 0.759577 -0.170463
vt 0.768053 -0.154413
vt 0.760424 -0.154413
vt 0.759577 -0.138241
vt 0.766479 -0.130276
vt 0.006664 -0.174929
vt 0.002910 -0.174929
vt 0.733906 -0.249994
vt 0.720950 -0.283906
vt 0.737902 -0.279440
vt 0.746015 -0.240098
vt 0.006664 -0.187842
vt 0.002910 -0.187842
vt 0.757155 -0.122794
vt 0.761877 -0.107829
vt 0.753038 -0.108674
vt 0.754491 -0.088520
vt 0.006664 -0.200876
vt 0.002910 -0.200876
vt 0.756428 -0.224167
vt 0.753643 -0.266406
vt 0.767205 -0.245649
vt 0.764420 -0.203410
vt 0.006664 -0.213789
vt 0.002910 -0.213789
vt 0.747589 -0.096726
vt 0.744804 -0.073676
vt 0.741051 -0.087072
vt 0.733664 -0.080555
vt 0.733664 -0.064383
vt 0.006664 -0.226702
vt 0.002910 -0.226702
vt 0.769385 -0.179273
vt 0.777618 -0.218737
vt 0.784157 -0.187238
vt 0.771080 -0.153447
vt 0.006664 -0.239615
vt 0.002910 -0.239615
vt 0.725673 -0.077176
vt 0.721677 -0.061245
vt 0.717560 -0.077176
vt 0.709689 -0.064383
vt 0.006664 -0.252528
vt 0.002910 -0.252528
vt 0.769385 -0.127621
vt 0.784157 -0.119777
vt 0.777618 -0.088278
vt 0.764420 -0.103484
vt 0.006664 -0.265441
vt 0.002910 -0.265441
vt 0.709689 -0.080555
vt 0.698428 -0.073676
vt 0.702182 -0.087072
vt 0.695643 -0.096726
vt 0.688862 -0.088520
vt 0.006664 -0.278475
vt 0.002910 -0.278475
vt 0.756428 -0.082727
vt 0.767205 -0.061245
vt 0.746015 -0.066917
vt 0.006664 -0.291388
vt 0.002910 -0.291388
vt 0.006664 -0.304301
vt 0.002910 -0.304301
vt 0.681476 -0.107829
vt 0.686199 -0.122794
vt 0.676754 -0.130276
vt 0.690194 -0.108794
vt 0.733906 -0.056901
vt 0.720950 -0.053522
vt 0.006664 -0.317335
vt 0.002910 -0.317335
vt 0.683656 -0.138241
vt 0.675180 -0.154413
vt 0.682808 -0.154413
vt 0.683656 -0.170463
vt 0.676754 -0.178429
vt 0.006664 -0.006697
vt 0.006664 -0.019610
vt 0.002910 -0.019610
vt 0.002910 -0.006697
vt 0.707994 -0.056901
vt 0.695885 -0.066917
vt 0.006664 -0.032523
vt 0.002910 -0.032523
vt 0.686199 -0.185911
vt 0.681476 -0.200996
vt 0.690194 -0.200031
vt 0.688862 -0.220185
vt 0.006664 -0.045557
vt 0.002910 -0.045557
vt 0.685593 -0.082727
vt 0.688257 -0.040488
vt 0.685956 -0.032523
vt 0.695643 -0.212099
vt 0.698428 -0.235029
vt 0.739840 -0.459379
vt 0.736570 -0.465292
vt 0.738023 -0.455999
vt 0.702182 -0.221633
vt 0.742382 -0.452258
vt 0.740324 -0.449724
vt 0.898826 -0.345333
vt 0.898826 -0.352936
vt 0.890107 -0.352936
vt 0.890107 -0.360419
vt 0.898826 -0.360419
vt 0.735117 -0.461189
vt 0.890107 -0.368022
vt 0.898826 -0.368022
vt 0.732696 -0.469637
vt 0.731727 -0.465171
vt 0.890107 -0.375625
vt 0.898826 -0.375625
vt 0.728579 -0.472412
vt 0.727973 -0.467585
vt 0.890107 -0.383228
vt 0.898826 -0.383228
vt 0.724099 -0.473378
vt 0.724099 -0.468309
vt 0.890107 -0.390831
vt 0.898826 -0.390831
vt 0.719739 -0.472412
vt 0.720224 -0.467585
vt 0.890107 -0.398434
vt 0.898826 -0.398434
vt 0.715501 -0.469637
vt 0.716591 -0.465171
vt 0.890107 -0.406037
vt 0.898826 -0.406037
vt 0.711748 -0.465292
vt 0.713201 -0.461189
vt 0.890107 -0.413519
vt 0.898826 -0.413519
vt 0.708478 -0.459379
vt 0.710295 -0.455999
vt 0.890107 -0.421122
vt 0.898826 -0.421122
vt 0.705814 -0.452258
vt 0.707994 -0.449724
vt 0.890107 -0.428725
vt 0.898826 -0.428725
vt 0.703998 -0.444173
vt 0.706420 -0.442604
vt 0.890107 -0.436328
vt 0.898826 -0.436328
vt 0.703151 -0.435483
vt 0.705572 -0.435001
vt 0.890107 -0.443931
vt 0.898826 -0.443931
vt 0.703151 -0.426673
vt 0.705572 -0.427156
vt 0.890107 -0.451534
vt 0.898826 -0.451534
vt 0.703998 -0.417984
vt 0.706420 -0.419553
vt 0.890107 -0.459017
vt 0.898826 -0.459017
vt 0.705814 -0.409899
vt 0.707994 -0.412433
vt 0.890107 -0.466620
vt 0.898826 -0.466620
vt 0.708478 -0.402778
vt 0.710295 -0.406157
vt 0.890107 -0.474223
vt 0.898826 -0.474223
vt 0.711748 -0.396865
vt 0.713201 -0.400847
vt 0.890107 -0.481826
vt 0.898826 -0.481826
vt 0.715501 -0.392400
vt 0.716591 -0.396985
vt 0.890107 -0.489429
vt 0.898826 -0.489429
vt 0.719739 -0.389744
vt 0.720224 -0.394572
vt 0.890107 -0.497032
vt 0.898826 -0.497032
vt 0.724099 -0.388779
vt 0.724099 -0.393727
vt 0.890107 -0.277027
vt 0.890107 -0.269424
vt 0.898826 -0.269424
vt 0.898826 -0.277027
vt 0.728579 -0.389744
vt 0.727973 -0.394572
vt 0.890107 -0.284630
vt 0.898826 -0.284630
vt 0.732696 -0.392520
vt 0.731727 -0.396985
vt 0.890107 -0.292233
vt 0.898826 -0.292233
vt 0.736570 -0.396865
vt 0.735117 -0.400847
vt 0.890107 -0.299836
vt 0.898826 -0.299836
vt 0.739840 -0.402778
vt 0.738023 -0.406157
vt 0.890107 -0.307318
vt 0.898826 -0.307318
vt 0.740324 -0.412433
vt 0.742382 -0.409899
vt 0.890107 -0.314921
vt 0.898826 -0.314921
vt 0.744199 -0.417984
vt 0.741898 -0.419553
vt 0.890107 -0.322524
vt 0.898826 -0.322524
vt 0.745167 -0.426673
vt 0.742625 -0.427156
vt 0.890107 -0.330127
vt 0.898826 -0.330127
vt 0.745167 -0.435483
vt 0.742625 -0.435001
vt 0.890107 -0.337730
vt 0.898826 -0.337730
vt 0.744199 -0.444173
vt 0.741898 -0.442604
vt 0.709689 -0.228271
vt 0.890107 -0.345333
vt 0.877514 -0.345333
vt 0.883932 -0.345333
vt 0.877514 -0.352936
vt 0.883932 -0.352936
vt 0.883932 -0.337730
vt 0.872066 -0.352091
vt 0.872066 -0.358367
vt 0.790696 -0.358367
vt 0.877514 -0.337730
vt 0.872066 -0.345816
vt 0.790696 -0.352091
vt 0.784884 -0.346661
vt 0.784884 -0.354143
vt 0.766963 -0.354143
vt 0.790696 -0.345816
vt 0.784884 -0.339299
vt 0.766963 -0.346781
vt 0.710779 -0.452379
vt 0.712353 -0.449845
vt 0.708842 -0.446465
vt 0.766963 -0.339299
vt 0.710537 -0.444535
vt 0.707510 -0.439828
vt 0.714533 -0.454189
vt 0.899310 -0.144396
vt 0.798566 -0.177222
vt 0.899310 -0.152120
vt 0.798566 -0.184825
vt 0.899310 -0.159723
vt 0.589572 -0.090813
vt 0.563538 -0.120742
vt 0.590783 -0.096485
vt 0.591509 -0.102640
vt 0.798566 -0.192548
vt 0.591509 -0.108915
vt 0.798566 -0.200151
vt 0.899310 -0.167326
vt 0.709447 -0.438742
vt 0.899310 -0.175049
vt 0.708842 -0.432587
vt 0.706904 -0.432828
vt 0.766963 -0.331937
vt 0.784884 -0.331817
vt 0.784884 -0.324334
vt 0.766963 -0.324576
vt 0.707025 -0.425708
vt 0.784884 -0.316852
vt 0.766963 -0.317214
vt 0.708963 -0.426311
vt 0.707873 -0.418829
vt 0.798566 -0.207755
vt 0.899310 -0.182652
vt 0.798566 -0.215478
vt 0.899310 -0.190255
vt 0.709810 -0.420277
vt 0.798566 -0.223081
vt 0.899310 -0.197979
vt 0.711142 -0.414605
vt 0.709447 -0.412433
vt 0.766963 -0.309852
vt 0.784884 -0.309370
vt 0.784884 -0.301887
vt 0.766963 -0.302491
vt 0.711748 -0.406881
vt 0.784884 -0.294284
vt 0.766963 -0.295250
vt 0.713080 -0.409657
vt 0.714412 -0.402416
vt 0.798566 -0.230684
vt 0.899310 -0.205582
vt 0.798566 -0.238287
vt 0.899310 -0.213185
vt 0.715501 -0.405675
vt 0.798566 -0.246011
vt 0.899310 -0.220788
vt 0.718286 -0.402778
vt 0.717560 -0.399037
vt 0.766963 -0.288009
vt 0.784884 -0.286561
vt 0.784884 -0.278716
vt 0.766963 -0.281009
vt 0.720950 -0.397227
vt 0.784884 -0.270510
vt 0.766963 -0.274130
vt 0.721313 -0.401089
vt 0.724583 -0.396744
vt 0.798566 -0.253614
vt 0.899310 -0.228512
vt 0.798566 -0.261217
vt 0.899310 -0.236115
vt 0.724462 -0.400727
vt 0.899310 -0.014420
vt 0.899310 -0.006817
vt 0.798566 -0.039643
vt 0.798566 -0.032040
vt 0.727610 -0.401571
vt 0.728094 -0.397710
vt 0.766963 -0.486412
vt 0.784884 -0.488946
vt 0.766963 -0.493291
vt 0.784884 -0.481102
vt 0.766963 -0.479412
vt 0.731364 -0.400244
vt 0.784884 -0.473378
vt 0.766963 -0.472171
vt 0.730516 -0.403744
vt 0.734391 -0.403985
vt 0.798566 -0.054849
vt 0.899310 -0.022144
vt 0.798566 -0.047246
vt 0.899310 -0.029747
vt 0.733180 -0.407123
vt 0.798566 -0.062452
vt 0.899310 -0.037350
vt 0.735359 -0.411588
vt 0.736934 -0.408933
vt 0.766963 -0.464930
vt 0.784884 -0.465775
vt 0.784884 -0.458172
vt 0.766963 -0.457689
vt 0.738871 -0.414847
vt 0.784884 -0.450689
vt 0.766963 -0.450327
vt 0.740203 -0.421484
vt 0.737176 -0.416777
vt 0.798566 -0.077779
vt 0.899310 -0.044953
vt 0.798566 -0.070176
vt 0.899310 -0.052677
vt 0.738266 -0.422570
vt 0.798566 -0.085382
vt 0.899310 -0.060280
vt 0.738750 -0.428725
vt 0.740808 -0.428484
vt 0.766963 -0.442966
vt 0.784884 -0.443207
vt 0.784884 -0.435725
vt 0.766963 -0.435604
vt 0.740687 -0.435604
vt 0.784884 -0.428363
vt 0.766963 -0.428242
vt 0.738629 -0.435001
vt 0.739719 -0.442483
vt 0.798566 -0.093106
vt 0.899310 -0.067883
vt 0.798566 -0.100709
vt 0.899310 -0.075607
vt 0.737902 -0.441155
vt 0.798566 -0.108312
vt 0.899310 -0.083210
vt 0.736449 -0.446707
vt 0.738144 -0.448879
vt 0.766963 -0.420881
vt 0.784884 -0.420881
vt 0.784884 -0.413519
vt 0.766963 -0.413519
vt 0.735965 -0.454431
vt 0.784884 -0.406037
vt 0.766963 -0.406157
vt 0.734512 -0.451655
vt 0.733301 -0.459017
vt 0.798566 -0.116035
vt 0.899310 -0.090813
vt 0.798566 -0.123638
vt 0.899310 -0.098536
vt 0.732211 -0.455637
vt 0.798566 -0.131362
vt 0.899310 -0.106139
vt 0.729426 -0.458534
vt 0.730153 -0.462275
vt 0.766963 -0.398675
vt 0.784884 -0.398675
vt 0.784884 -0.391193
vt 0.766963 -0.391313
vt 0.726641 -0.464206
vt 0.784884 -0.383831
vt 0.766963 -0.383831
vt 0.726399 -0.460223
vt 0.723130 -0.464568
vt 0.798566 -0.138965
vt 0.899310 -0.113863
vt 0.798566 -0.146568
vt 0.899310 -0.121466
vt 0.723251 -0.460585
vt 0.798566 -0.154292
vt 0.899310 -0.129069
vt 0.720103 -0.459741
vt 0.719618 -0.463602
vt 0.766963 -0.376469
vt 0.784884 -0.376349
vt 0.784884 -0.368987
vt 0.766963 -0.368987
vt 0.716349 -0.461068
vt 0.784884 -0.361505
vt 0.766963 -0.361505
vt 0.717197 -0.457568
vt 0.713322 -0.457327
vt 0.798566 -0.161895
vt 0.899310 -0.136793
vt 0.798566 -0.169619
vt 0.585334 -0.081520
vt 0.587635 -0.085744
vt 0.582670 -0.078382
vt 0.790696 -0.364642
vt 0.872066 -0.364642
vt 0.790696 -0.370918
vt 0.877514 -0.360419
vt 0.883932 -0.360419
vt 0.877514 -0.368022
vt 0.872066 -0.370918
vt 0.872066 -0.377193
vt 0.790696 -0.377193
vt 0.883932 -0.368022
vt 0.877514 -0.375625
vt 0.872066 -0.383469
vt 0.790696 -0.383469
vt 0.883932 -0.375625
vt 0.877514 -0.383228
vt 0.872066 -0.389744
vt 0.790696 -0.389744
vt 0.883932 -0.383228
vt 0.877514 -0.390831
vt 0.872066 -0.396020
vt 0.790696 -0.395899
vt 0.883932 -0.390831
vt 0.877514 -0.398434
vt 0.872066 -0.402175
vt 0.790696 -0.402175
vt 0.883932 -0.398434
vt 0.877514 -0.406037
vt 0.872066 -0.408450
vt 0.790696 -0.408450
vt 0.883932 -0.406037
vt 0.877514 -0.413519
vt 0.872066 -0.414726
vt 0.790696 -0.414726
vt 0.883932 -0.413519
vt 0.877514 -0.421122
vt 0.872066 -0.421001
vt 0.790696 -0.421001
vt 0.883932 -0.421122
vt 0.877514 -0.428725
vt 0.877514 -0.436328
vt 0.883932 -0.428725
vt 0.872066 -0.427277
vt 0.790696 -0.427277
vt 0.872066 -0.433552
vt 0.790696 -0.433552
vt 0.883932 -0.436328
vt 0.877514 -0.443931
vt 0.872066 -0.439828
vt 0.790696 -0.439707
vt 0.883932 -0.443931
vt 0.877514 -0.451534
vt 0.872066 -0.445983
vt 0.790696 -0.445983
vt 0.883932 -0.451534
vt 0.877514 -0.459017
vt 0.872066 -0.452258
vt 0.790696 -0.452258
vt 0.883932 -0.459017
vt 0.877514 -0.466620
vt 0.872066 -0.458534
vt 0.790696 -0.458534
vt 0.883932 -0.466620
vt 0.877514 -0.474223
vt 0.872066 -0.464809
vt 0.790696 -0.464809
vt 0.883932 -0.474223
vt 0.877514 -0.481826
vt 0.872066 -0.471085
vt 0.790696 -0.471085
vt 0.883932 -0.481826
vt 0.877514 -0.489429
vt 0.872066 -0.477360
vt 0.790696 -0.477360
vt 0.883932 -0.489429
vt 0.877514 -0.497032
vt 0.872066 -0.289578
vt 0.872066 -0.295853
vt 0.790696 -0.295853
vt 0.877514 -0.269424
vt 0.883932 -0.269424
vt 0.877514 -0.277027
vt 0.883932 -0.497032
vt 0.790696 -0.289578
vt 0.872066 -0.302008
vt 0.790696 -0.302008
vt 0.883932 -0.277027
vt 0.877514 -0.284630
vt 0.872066 -0.308283
vt 0.790696 -0.308283
vt 0.883932 -0.284630
vt 0.877514 -0.292233
vt 0.883932 -0.292233
vt 0.877514 -0.299836
vt 0.872066 -0.314559
vt 0.790696 -0.314559
vt 0.872066 -0.320834
vt 0.790696 -0.320834
vt 0.883932 -0.299836
vt 0.877514 -0.307318
vt 0.872066 -0.327110
vt 0.790696 -0.327110
vt 0.883932 -0.307318
vt 0.877514 -0.314921
vt 0.872066 -0.333386
vt 0.790696 -0.333386
vt 0.883932 -0.314921
vt 0.877514 -0.322524
vt 0.872066 -0.339661
vt 0.790696 -0.339661
vt 0.883932 -0.322524
vt 0.877514 -0.330127
vt 0.883932 -0.330127
vt 0.579643 -0.076451
vt 0.576495 -0.075848
vt 0.573467 -0.076451
vt 0.562328 -0.115070
vt 0.570440 -0.078382
vt 0.567776 -0.081520
vt 0.565355 -0.085744
vt 0.563538 -0.090813
vt 0.562328 -0.096485
vt 0.561601 -0.102640
vt 0.561601 -0.108915
vt 0.565476 -0.125811
vt 0.567776 -0.130035
vt 0.570440 -0.133172
vt 0.784884 -0.497032
vt 0.573467 -0.135103
vt 0.576616 -0.135827
vt 0.579643 -0.135103
vt 0.582670 -0.133172
vt 0.585334 -0.130035
vt 0.587635 -0.125811
vt 0.589572 -0.120742
vt 0.590783 -0.115070
vt 0.781614 -0.083692
vt 0.783431 -0.081641
vt 0.790575 -0.116277
vt 0.788637 -0.117363
vt 0.490039 -0.616749
vt 0.492098 -0.389020
vt 0.501542 -0.389020
vt 0.499605 -0.616749
vt 0.503843 -0.348712
vt 0.509050 -0.616629
vt 0.510866 -0.389020
vt 0.512561 -0.348712
vt 0.520069 -0.389020
vt 0.521279 -0.348712
vt 0.521885 -0.263993
vt 0.513288 -0.263993
vt 0.504691 -0.263993
vt 0.051102 -0.046643
vt 0.050376 -0.057142
vt 0.047954 -0.046643
vt 0.495246 -0.348712
vt 0.496215 -0.263993
vt 0.048318 -0.066917
vt 0.047349 -0.055453
vt 0.487739 -0.263993
vt 0.045169 -0.075365
vt 0.045654 -0.063780
vt 0.040931 -0.081761
vt 0.042869 -0.070900
vt 0.479263 -0.263993
vt 0.035967 -0.085865
vt 0.039357 -0.076331
vt 0.050376 -0.036143
vt 0.530119 -0.348712
vt 0.530603 -0.263993
vt 0.048318 -0.026247
vt 0.047349 -0.037712
vt 0.539321 -0.263993
vt 0.045169 -0.017920
vt 0.045654 -0.029385
vt 0.538958 -0.348712
vt 0.547797 -0.348712
vt 0.548039 -0.263993
vt 0.040931 -0.011403
vt 0.042869 -0.022265
vt 0.035967 -0.007300
vt 0.039357 -0.016834
vt 0.556758 -0.263993
vt 0.565597 -0.348712
vt 0.556637 -0.348712
vt 0.030760 -0.005973
vt 0.030760 -0.012248
vt 0.565597 -0.263993
vt 0.035240 -0.013455
vt 0.565597 -0.389020
vt 0.556515 -0.389020
vt 0.574678 -0.389020
vt 0.574436 -0.348712
vt 0.574315 -0.263993
vt 0.547434 -0.389020
vt 0.546829 -0.616629
vt 0.556152 -0.616629
vt 0.565597 -0.616629
vt 0.739597 -0.292353
vt 0.720950 -0.297301
vt 0.739113 -0.288371
vt 0.574921 -0.616629
vt 0.702303 -0.292353
vt 0.720950 -0.293077
vt 0.755944 -0.274372
vt 0.770474 -0.252166
vt 0.757034 -0.277992
vt 0.781614 -0.223323
vt 0.771927 -0.255183
vt 0.537384 -0.616629
vt 0.538353 -0.389020
vt 0.527939 -0.616629
vt 0.783431 -0.225374
vt 0.790575 -0.190618
vt 0.788637 -0.189531
vt 0.518494 -0.616629
vt 0.529150 -0.389020
vt 0.790938 -0.153447
vt 0.786337 -0.153447
vt 0.793118 -0.153447
vt 0.702908 -0.288371
vt 0.685956 -0.274372
vt 0.684988 -0.277992
vt 0.583760 -0.389020
vt 0.584365 -0.616629
vt 0.592841 -0.389020
vt 0.593689 -0.616629
vt 0.669973 -0.255183
vt 0.671426 -0.252166
vt 0.660407 -0.223323
vt 0.653384 -0.189531
vt 0.651326 -0.190618
vt 0.658591 -0.225374
vt 0.603134 -0.616629
vt 0.601923 -0.389020
vt 0.611125 -0.389020
vt 0.612578 -0.616629
vt 0.620328 -0.389020
vt 0.622023 -0.616629
vt 0.618633 -0.348712
vt 0.609793 -0.348712
vt 0.648904 -0.153447
vt 0.629651 -0.389020
vt 0.631589 -0.616749
vt 0.651326 -0.116277
vt 0.650963 -0.153447
vt 0.655564 -0.153447
vt 0.609188 -0.263993
vt 0.601075 -0.348712
vt 0.600470 -0.263993
vt 0.011023 -0.036143
vt 0.013081 -0.026247
vt 0.014050 -0.037712
vt 0.617785 -0.263993
vt 0.010418 -0.046643
vt 0.013445 -0.046643
vt 0.591873 -0.263993
vt 0.016351 -0.017920
vt 0.015866 -0.029385
vt 0.020589 -0.011403
vt 0.018530 -0.022265
vt 0.583275 -0.348712
vt 0.583033 -0.263993
vt 0.592236 -0.348712
vt 0.025432 -0.007300
vt 0.022163 -0.016834
vt 0.026280 -0.013455
vt 0.035240 -0.079710
vt 0.718407 -0.527202
vt 0.718650 -0.519237
vt 0.720829 -0.527202
vt 0.731121 -0.527202
vt 0.733543 -0.519237
vt 0.733543 -0.527202
vt 0.728579 -0.527202
vt 0.731121 -0.519237
vt 0.728579 -0.519237
vt 0.726036 -0.519358
vt 0.723493 -0.519237
vt 0.723372 -0.527202
vt 0.726036 -0.527202
vt 0.721192 -0.519237
vt 0.991941 -0.927629
vt 0.994726 -0.927629
vt 0.994726 -0.935473
vt 0.979469 -0.927629
vt 0.982012 -0.927629
vt 0.979469 -0.935473
vt 0.989519 -0.927629
vt 0.991820 -0.935473
vt 0.989640 -0.935473
vt 0.987097 -0.935473
vt 0.984554 -0.935473
vt 0.984554 -0.927629
vt 0.987097 -0.927629
vt 0.982012 -0.935473
vt 0.730274 -0.190618
vt 0.730274 -0.198583
vt 0.727489 -0.190618
vt 0.717681 -0.190618
vt 0.715138 -0.198583
vt 0.715138 -0.190618
vt 0.720103 -0.190618
vt 0.717681 -0.198583
vt 0.720103 -0.198583
vt 0.722767 -0.198583
vt 0.725188 -0.198583
vt 0.725067 -0.190618
vt 0.722767 -0.190618
vt 0.727368 -0.198583
vt 0.946533 -0.842668
vt 0.946533 -0.834703
vt 0.949197 -0.842668
vt 0.959369 -0.842668
vt 0.962032 -0.834703
vt 0.962032 -0.842668
vt 0.956947 -0.842668
vt 0.959247 -0.834341
vt 0.957068 -0.834341
vt 0.954283 -0.834703
vt 0.951619 -0.834461
vt 0.951619 -0.842668
vt 0.954283 -0.842668
vt 0.949318 -0.834461
vt 0.684624 -0.535409
vt 0.688620 -0.535409
vt 0.684624 -0.540719
vt 0.684624 -0.560994
vt 0.688620 -0.566304
vt 0.684624 -0.566304
vt 0.684624 -0.556166
vt 0.688741 -0.560752
vt 0.688741 -0.556287
vt 0.688620 -0.550856
vt 0.688741 -0.545305
vt 0.684624 -0.545426
vt 0.684624 -0.550856
vt 0.688741 -0.540840
vt 0.945686 -0.560752
vt 0.945686 -0.552787
vt 0.948229 -0.560752
vt 0.958763 -0.560752
vt 0.961064 -0.552667
vt 0.961064 -0.560752
vt 0.955978 -0.560752
vt 0.958521 -0.552425
vt 0.956099 -0.552425
vt 0.953314 -0.552787
vt 0.950650 -0.552425
vt 0.950650 -0.560752
vt 0.953314 -0.560752
vt 0.948350 -0.552425
vt 0.994362 -0.518875
vt 0.994362 -0.526720
vt 0.991699 -0.518875
vt 0.981527 -0.518875
vt 0.978985 -0.526116
vt 0.979106 -0.518875
vt 0.983949 -0.518875
vt 0.981770 -0.526599
vt 0.983828 -0.526599
vt 0.986492 -0.526358
vt 0.989277 -0.526720
vt 0.989277 -0.518875
vt 0.986613 -0.518875
vt 0.991699 -0.526720
vt 0.685835 -0.578734
vt 0.689589 -0.578734
vt 0.685835 -0.584044
vt 0.685835 -0.604319
vt 0.689589 -0.609629
vt 0.685835 -0.609629
vt 0.685835 -0.599492
vt 0.689710 -0.604078
vt 0.689710 -0.599612
vt 0.689589 -0.594181
vt 0.689710 -0.588630
vt 0.685835 -0.588871
vt 0.685835 -0.594181
vt 0.689710 -0.584165
vt 0.795902 -0.007662
vt 0.795902 -0.015507
vt 0.793239 -0.007662
vt 0.782946 -0.007662
vt 0.780403 -0.014903
vt 0.780403 -0.007662
vt 0.785489 -0.007662
vt 0.783188 -0.015386
vt 0.785368 -0.015386
vt 0.788032 -0.015144
vt 0.790938 -0.015507
vt 0.790817 -0.007662
vt 0.788153 -0.007662
vt 0.793239 -0.015507
vt 0.698549 -0.541684
vt 0.698549 -0.536495
vt 0.702545 -0.536495
vt 0.698549 -0.567269
vt 0.698549 -0.561959
vt 0.702545 -0.567269
vt 0.698549 -0.546512
vt 0.702666 -0.541805
vt 0.702666 -0.546391
vt 0.702545 -0.551822
vt 0.702666 -0.557373
vt 0.698549 -0.557132
vt 0.698549 -0.551822
vt 0.702666 -0.561718
vt 0.946897 -0.986763
vt 0.946897 -0.978557
vt 0.949440 -0.986763
vt 0.959611 -0.986763
vt 0.962275 -0.979040
vt 0.962275 -0.986763
vt 0.957189 -0.986763
vt 0.959490 -0.978557
vt 0.957431 -0.978557
vt 0.954767 -0.978798
vt 0.951861 -0.978557
vt 0.951861 -0.986763
vt 0.954525 -0.986763
vt 0.949440 -0.978557
vt 0.718771 -0.567631
vt 0.714775 -0.567631
vt 0.718771 -0.561476
vt 0.718771 -0.542167
vt 0.714775 -0.537219
vt 0.718771 -0.537219
vt 0.718771 -0.546994
vt 0.714775 -0.542167
vt 0.714775 -0.546874
vt 0.714775 -0.551822
vt 0.714775 -0.556649
vt 0.718771 -0.556649
vt 0.718771 -0.551822
vt 0.714775 -0.561356
vt 0.960943 -0.741173
vt 0.963243 -0.741173
vt 0.963364 -0.749138
vt 0.948108 -0.741173
vt 0.950650 -0.741173
vt 0.948229 -0.749138
vt 0.958279 -0.741173
vt 0.960822 -0.749138
vt 0.958279 -0.749138
vt 0.955615 -0.749138
vt 0.953193 -0.749138
vt 0.953193 -0.741173
vt 0.955736 -0.741173
vt 0.950650 -0.749138
vt 0.981891 -0.879114
vt 0.979348 -0.879114
vt 0.979348 -0.871149
vt 0.994484 -0.879114
vt 0.991941 -0.879114
vt 0.994484 -0.871149
vt 0.984312 -0.879114
vt 0.981891 -0.871149
vt 0.984312 -0.871149
vt 0.986976 -0.871149
vt 0.989398 -0.871149
vt 0.989398 -0.879114
vt 0.986855 -0.879114
vt 0.991941 -0.871149
vt 0.705693 -0.609146
vt 0.701698 -0.609146
vt 0.705693 -0.604078
vt 0.705693 -0.583803
vt 0.701698 -0.578734
vt 0.705693 -0.578734
vt 0.705693 -0.588992
vt 0.701698 -0.583923
vt 0.701698 -0.588871
vt 0.701698 -0.593940
vt 0.701698 -0.599250
vt 0.705693 -0.599129
vt 0.705693 -0.594061
vt 0.701698 -0.604078
vt 0.778345 -0.046281
vt 0.775802 -0.046281
vt 0.775802 -0.038195
vt 0.790938 -0.046281
vt 0.788395 -0.046281
vt 0.790938 -0.038316
vt 0.780767 -0.046281
vt 0.778345 -0.038195
vt 0.780767 -0.038195
vt 0.783431 -0.038316
vt 0.785852 -0.038316
vt 0.785852 -0.046281
vt 0.783310 -0.046281
vt 0.788395 -0.038316
vt 0.727247 -0.562804
vt 0.731606 -0.562925
vt 0.727368 -0.567752
vt 0.731606 -0.567752
vt 0.731606 -0.558097
vt 0.727247 -0.558218
vt 0.727368 -0.553149
vt 0.731606 -0.553149
vt 0.731606 -0.548443
vt 0.727247 -0.548322
vt 0.731606 -0.543495
vt 0.727247 -0.543615
vt 0.727368 -0.538788
vt 0.731606 -0.538788
vt 0.707994 -0.328438
vt 0.707994 -0.334713
vt 0.703998 -0.334713
vt 0.707994 -0.304301
vt 0.707994 -0.309128
vt 0.703998 -0.304301
vt 0.707994 -0.323610
vt 0.703998 -0.328317
vt 0.703998 -0.323610
vt 0.703998 -0.318662
vt 0.703998 -0.313956
vt 0.707994 -0.313956
vt 0.707994 -0.318904
vt 0.703998 -0.309249
vt 0.705572 -0.200634
vt 0.709810 -0.200876
vt 0.705814 -0.207513
vt 0.709810 -0.207513
vt 0.709810 -0.195928
vt 0.705572 -0.196169
vt 0.705814 -0.191100
vt 0.709810 -0.191100
vt 0.709810 -0.186273
vt 0.705572 -0.186152
vt 0.709810 -0.181446
vt 0.705572 -0.181566
vt 0.705693 -0.176618
vt 0.709810 -0.176618
vt 0.989519 -0.722468
vt 0.989640 -0.714502
vt 0.992304 -0.722105
vt 0.992304 -0.714502
vt 0.987218 -0.714502
vt 0.987218 -0.722468
vt 0.984554 -0.722105
vt 0.984554 -0.714502
vt 0.981891 -0.714502
vt 0.981770 -0.722468
vt 0.979469 -0.714502
vt 0.979469 -0.722468
vt 0.976805 -0.722226
vt 0.976805 -0.714502
vt 0.950166 -0.797532
vt 0.947623 -0.805497
vt 0.947623 -0.797532
vt 0.950166 -0.805497
vt 0.952709 -0.797532
vt 0.952709 -0.805497
vt 0.955131 -0.805497
vt 0.955252 -0.797532
vt 0.957794 -0.797532
vt 0.957794 -0.805497
vt 0.960216 -0.797532
vt 0.960216 -0.805497
vt 0.962759 -0.805497
vt 0.962759 -0.797532
vt 0.481684 -0.025403
vt 0.484227 -0.016231
vt 0.484227 -0.025403
vt 0.481684 -0.016231
vt 0.479263 -0.016231
vt 0.479142 -0.025403
vt 0.476720 -0.016231
vt 0.476720 -0.025403
vt 0.474056 -0.025403
vt 0.474056 -0.016231
vt 0.471634 -0.016231
vt 0.471634 -0.025403
vt 0.469091 -0.016231
vt 0.469091 -0.025403
vt 0.960822 -0.952127
vt 0.963364 -0.944162
vt 0.963364 -0.952127
vt 0.960822 -0.944162
vt 0.958279 -0.952127
vt 0.958279 -0.944162
vt 0.955373 -0.944162
vt 0.955252 -0.952127
vt 0.953193 -0.952127
vt 0.953193 -0.944162
vt 0.950771 -0.952127
vt 0.950771 -0.944162
vt 0.948229 -0.944162
vt 0.948229 -0.952127
vt 0.979832 -0.775206
vt 0.977410 -0.783171
vt 0.977410 -0.775206
vt 0.979953 -0.783171
vt 0.982254 -0.775206
vt 0.982254 -0.783171
vt 0.984676 -0.783171
vt 0.984676 -0.775206
vt 0.987097 -0.775206
vt 0.987097 -0.783171
vt 0.989519 -0.783171
vt 0.989519 -0.775206
vt 0.992546 -0.783171
vt 0.992546 -0.775206
vt 0.981891 -0.894199
vt 0.979469 -0.902165
vt 0.979469 -0.894199
vt 0.981891 -0.902165
vt 0.984554 -0.902165
vt 0.984554 -0.894199
vt 0.986976 -0.902165
vt 0.987097 -0.894199
vt 0.989640 -0.894199
vt 0.989640 -0.902165
vt 0.992062 -0.894199
vt 0.992062 -0.902165
vt 0.994605 -0.902165
vt 0.994605 -0.894199
vt 0.988550 -0.617594
vt 0.988671 -0.609629
vt 0.991335 -0.617232
vt 0.991335 -0.609629
vt 0.986250 -0.609629
vt 0.986371 -0.617594
vt 0.983586 -0.617232
vt 0.983586 -0.609629
vt 0.980922 -0.609629
vt 0.980922 -0.617594
vt 0.978500 -0.609629
vt 0.978500 -0.617594
vt 0.975836 -0.617353
vt 0.975836 -0.609629
vt 0.990851 -0.849305
vt 0.993273 -0.841340
vt 0.993273 -0.849305
vt 0.990851 -0.841340
vt 0.988429 -0.849305
vt 0.988550 -0.841340
vt 0.986129 -0.841340
vt 0.986129 -0.849305
vt 0.983707 -0.849305
vt 0.983586 -0.841340
vt 0.980680 -0.841340
vt 0.980680 -0.849305
vt 0.978137 -0.841340
vt 0.978137 -0.849305
vt 0.437851 -0.015507
vt 0.437972 -0.007662
vt 0.440394 -0.015144
vt 0.440394 -0.007662
vt 0.435551 -0.007662
vt 0.435672 -0.015507
vt 0.433129 -0.015265
vt 0.433129 -0.007662
vt 0.430707 -0.007662
vt 0.430707 -0.015627
vt 0.428285 -0.015627
vt 0.428285 -0.007662
vt 0.425864 -0.015386
vt 0.425864 -0.007662
vt 0.979590 -0.586458
vt 0.979469 -0.594664
vt 0.976926 -0.586578
vt 0.976926 -0.594664
vt 0.981891 -0.594664
vt 0.981891 -0.586458
vt 0.984676 -0.586699
vt 0.984554 -0.594664
vt 0.987218 -0.594664
vt 0.987339 -0.586458
vt 0.989640 -0.594664
vt 0.989519 -0.586458
vt 0.992304 -0.586820
vt 0.992304 -0.594664
vt 0.949318 -0.862460
vt 0.949197 -0.870787
vt 0.946412 -0.863063
vt 0.946412 -0.870787
vt 0.952224 -0.870787
vt 0.952103 -0.862339
vt 0.954646 -0.862822
vt 0.954646 -0.870787
vt 0.957068 -0.870787
vt 0.957068 -0.862339
vt 0.959490 -0.870787
vt 0.959369 -0.862339
vt 0.962032 -0.862580
vt 0.962032 -0.870787
vt 0.440636 -0.379728
vt 0.436519 -0.379607
vt 0.440273 -0.374176
vt 0.436519 -0.374297
vt 0.436519 -0.384434
vt 0.440636 -0.384193
vt 0.440394 -0.389624
vt 0.436519 -0.389744
vt 0.436519 -0.395055
vt 0.440636 -0.395175
vt 0.440636 -0.399641
vt 0.436519 -0.399882
vt 0.440515 -0.405192
vt 0.436519 -0.405192
vt 0.445601 -0.025523
vt 0.445601 -0.016834
vt 0.448265 -0.025523
vt 0.458436 -0.025523
vt 0.461100 -0.016351
vt 0.461100 -0.025523
vt 0.456014 -0.025523
vt 0.458315 -0.015989
vt 0.456014 -0.015989
vt 0.453229 -0.016593
vt 0.450565 -0.016110
vt 0.450686 -0.025523
vt 0.453350 -0.025523
vt 0.448265 -0.016110
vt 0.802925 -0.022265
vt 0.800262 -0.022265
vt 0.800262 -0.014782
vt 0.815761 -0.022265
vt 0.813097 -0.022265
vt 0.815761 -0.014541
vt 0.805347 -0.022265
vt 0.803047 -0.014420
vt 0.805347 -0.014420
vt 0.808011 -0.014662
vt 0.810796 -0.014300
vt 0.810675 -0.022265
vt 0.808011 -0.022265
vt 0.813097 -0.014300
vt 0.019378 -0.301042
vt 0.015624 -0.301163
vt 0.019378 -0.296215
vt 0.019378 -0.276906
vt 0.015382 -0.272079
vt 0.019378 -0.272079
vt 0.019378 -0.281733
vt 0.015261 -0.277027
vt 0.015261 -0.281613
vt 0.015503 -0.286561
vt 0.015261 -0.291509
vt 0.019378 -0.291388
vt 0.019378 -0.286561
vt 0.015261 -0.296094
vt 0.025796 -0.247701
vt 0.029791 -0.247580
vt 0.025796 -0.252528
vt 0.025796 -0.272079
vt 0.029791 -0.276785
vt 0.025796 -0.276785
vt 0.025796 -0.267131
vt 0.029912 -0.271958
vt 0.029912 -0.267251
vt 0.029791 -0.262303
vt 0.029912 -0.257235
vt 0.025796 -0.257476
vt 0.025796 -0.262424
vt 0.029912 -0.252769
vt 0.962880 -0.520203
vt 0.962880 -0.527685
vt 0.960216 -0.520203
vt 0.950045 -0.520203
vt 0.947381 -0.527927
vt 0.947381 -0.520203
vt 0.952467 -0.520203
vt 0.952346 -0.528168
vt 0.950045 -0.528168
vt 0.955131 -0.527806
vt 0.957916 -0.528047
vt 0.957794 -0.520203
vt 0.955131 -0.520203
vt 0.960095 -0.528047
vt 0.468002 -0.238167
vt 0.468123 -0.245408
vt 0.465459 -0.238167
vt 0.455288 -0.238167
vt 0.452624 -0.246011
vt 0.452624 -0.238167
vt 0.457709 -0.238167
vt 0.455409 -0.246132
vt 0.457588 -0.246132
vt 0.460373 -0.245770
vt 0.463158 -0.246132
vt 0.463037 -0.238167
vt 0.460373 -0.238167
vt 0.465338 -0.246132
vt 0.022647 -0.064383
vt 0.022647 -0.056418
vt 0.025311 -0.064383
vt 0.035482 -0.064383
vt 0.038025 -0.056297
vt 0.038025 -0.064383
vt 0.033061 -0.064383
vt 0.033061 -0.056056
vt 0.035361 -0.056056
vt 0.030276 -0.056418
vt 0.027612 -0.056056
vt 0.027733 -0.064383
vt 0.030397 -0.064383
vt 0.025432 -0.056056
vt 0.657501 -0.022144
vt 0.657501 -0.014179
vt 0.659923 -0.022144
vt 0.669610 -0.022144
vt 0.672032 -0.014058
vt 0.672032 -0.022144
vt 0.667188 -0.022144
vt 0.669610 -0.013817
vt 0.667309 -0.013817
vt 0.664766 -0.014179
vt 0.662224 -0.013817
vt 0.662345 -0.022144
vt 0.664766 -0.022144
vt 0.660044 -0.013817
vt 0.244840 -0.383590
vt 0.240239 -0.383710
vt 0.244840 -0.378280
vt 0.244840 -0.358005
vt 0.240360 -0.352695
vt 0.244840 -0.352695
vt 0.244840 -0.362832
vt 0.240118 -0.362711
vt 0.240118 -0.358246
vt 0.240239 -0.368022
vt 0.240118 -0.373090
vt 0.244840 -0.373573
vt 0.244840 -0.368142
vt 0.240118 -0.377676
vt 0.976200 -0.649575
vt 0.976200 -0.641731
vt 0.978863 -0.649575
vt 0.989277 -0.649575
vt 0.991699 -0.641489
vt 0.991577 -0.649575
vt 0.986492 -0.649575
vt 0.989035 -0.641369
vt 0.986613 -0.641369
vt 0.983828 -0.641610
vt 0.981164 -0.641369
vt 0.981164 -0.649575
vt 0.983949 -0.649575
vt 0.978863 -0.641369
vt 0.679176 -0.335196
vt 0.683777 -0.335196
vt 0.679176 -0.340506
vt 0.679176 -0.360781
vt 0.683898 -0.366091
vt 0.679176 -0.366091
vt 0.679176 -0.355953
vt 0.684019 -0.360660
vt 0.684019 -0.356074
vt 0.683777 -0.350523
vt 0.683898 -0.345092
vt 0.679176 -0.345212
vt 0.679176 -0.350643
vt 0.683898 -0.340627
vt 0.763694 -0.022023
vt 0.761030 -0.022023
vt 0.761030 -0.014179
vt 0.776529 -0.022023
vt 0.773865 -0.022023
vt 0.776529 -0.013938
vt 0.766115 -0.022023
vt 0.763815 -0.013696
vt 0.765994 -0.013696
vt 0.768779 -0.014058
vt 0.771443 -0.013696
vt 0.771443 -0.022023
vt 0.768779 -0.022023
vt 0.773744 -0.013696
vt 0.736328 -0.177704
vt 0.740203 -0.177704
vt 0.736328 -0.182894
vt 0.736328 -0.203169
vt 0.740082 -0.208599
vt 0.736328 -0.208599
vt 0.736328 -0.198341
vt 0.740324 -0.198583
vt 0.740324 -0.202927
vt 0.740082 -0.193152
vt 0.740324 -0.187600
vt 0.736328 -0.187721
vt 0.736328 -0.193031
vt 0.740324 -0.183015
vt 0.951014 -0.725726
vt 0.948350 -0.725726
vt 0.948350 -0.717882
vt 0.963849 -0.725726
vt 0.961185 -0.725726
vt 0.963849 -0.717640
vt 0.953435 -0.725726
vt 0.951135 -0.717520
vt 0.953314 -0.717520
vt 0.956099 -0.717761
vt 0.958763 -0.717520
vt 0.958763 -0.725726
vt 0.956099 -0.725726
vt 0.961064 -0.717520
vt 0.960337 -0.769775
vt 0.963001 -0.769775
vt 0.963001 -0.777620
vt 0.947623 -0.769775
vt 0.950166 -0.769775
vt 0.947623 -0.777499
vt 0.957916 -0.769775
vt 0.960337 -0.777740
vt 0.958037 -0.777740
vt 0.955252 -0.777499
vt 0.952467 -0.777740
vt 0.952588 -0.769775
vt 0.955252 -0.769775
vt 0.950287 -0.777740
vt 0.950166 -0.585010
vt 0.947502 -0.585010
vt 0.947502 -0.577165
vt 0.963001 -0.585010
vt 0.960337 -0.585010
vt 0.963001 -0.576924
vt 0.952588 -0.585010
vt 0.950287 -0.576682
vt 0.952467 -0.576682
vt 0.955131 -0.577044
vt 0.957916 -0.576682
vt 0.957916 -0.585010
vt 0.955252 -0.585010
vt 0.960216 -0.576682
vt 0.989277 -0.686866
vt 0.991941 -0.686866
vt 0.991941 -0.694590
vt 0.976563 -0.686866
vt 0.979106 -0.686866
vt 0.976563 -0.694469
vt 0.986855 -0.686866
vt 0.986976 -0.694831
vt 0.989277 -0.694831
vt 0.984191 -0.694590
vt 0.981406 -0.694831
vt 0.981527 -0.686866
vt 0.984191 -0.686866
vt 0.979227 -0.694831
vt 0.510624 -0.023351
vt 0.508202 -0.023351
vt 0.508202 -0.014782
vt 0.523096 -0.023351
vt 0.520674 -0.023351
vt 0.523096 -0.014782
vt 0.513167 -0.023351
vt 0.510745 -0.014782
vt 0.513167 -0.014782
vt 0.515709 -0.014782
vt 0.518252 -0.014782
vt 0.518252 -0.023351
vt 0.515709 -0.023351
vt 0.520674 -0.014782
vt 0.712837 -0.309732
vt 0.712837 -0.304904
vt 0.716833 -0.304904
vt 0.712837 -0.335799
vt 0.712837 -0.329041
vt 0.716833 -0.335799
vt 0.712837 -0.314559
vt 0.716954 -0.314438
vt 0.716954 -0.309852
vt 0.716833 -0.319507
vt 0.716954 -0.324455
vt 0.712837 -0.324214
vt 0.712837 -0.319386
vt 0.716954 -0.328800
vt 0.028096 -0.209806
vt 0.028096 -0.204979
vt 0.032697 -0.204979
vt 0.028096 -0.233822
vt 0.028096 -0.229115
vt 0.032697 -0.233822
vt 0.028096 -0.214633
vt 0.032697 -0.209927
vt 0.032697 -0.214633
vt 0.032697 -0.219340
vt 0.032697 -0.224288
vt 0.028096 -0.224288
vt 0.028096 -0.219461
vt 0.032697 -0.229115
vt 0.950045 -0.668281
vt 0.947502 -0.668281
vt 0.947502 -0.660195
vt 0.962880 -0.668281
vt 0.960216 -0.668281
vt 0.962880 -0.660316
vt 0.952467 -0.668281
vt 0.950166 -0.659954
vt 0.952346 -0.659954
vt 0.955131 -0.660316
vt 0.957916 -0.659954
vt 0.957794 -0.668281
vt 0.955131 -0.668281
vt 0.960095 -0.659954
vt 0.694796 -0.322645
vt 0.690558 -0.322645
vt 0.694796 -0.317093
vt 0.694796 -0.297301
vt 0.690558 -0.292233
vt 0.694796 -0.292233
vt 0.694796 -0.302370
vt 0.690558 -0.297301
vt 0.690558 -0.302249
vt 0.690558 -0.307439
vt 0.690558 -0.312266
vt 0.694796 -0.312266
vt 0.694796 -0.307439
vt 0.690558 -0.316973
vt 0.652294 -0.006697
vt 0.652294 -0.015144
vt 0.649388 -0.006697
vt 0.639580 -0.006697
vt 0.637038 -0.015144
vt 0.637038 -0.006697
vt 0.642123 -0.006697
vt 0.642002 -0.015144
vt 0.639580 -0.015144
vt 0.644666 -0.015144
vt 0.647088 -0.015144
vt 0.647088 -0.006697
vt 0.644666 -0.006697
vt 0.649388 -0.015144
vt 0.491129 -0.023834
vt 0.488707 -0.023834
vt 0.488707 -0.014903
vt 0.503843 -0.023834
vt 0.501179 -0.023834
vt 0.503843 -0.014903
vt 0.493672 -0.023834
vt 0.491250 -0.014903
vt 0.493672 -0.014903
vt 0.496215 -0.014903
vt 0.498757 -0.014903
vt 0.498757 -0.023834
vt 0.496215 -0.023834
vt 0.501179 -0.014903
vt 0.947139 -0.640644
vt 0.947139 -0.632559
vt 0.949682 -0.640644
vt 0.959853 -0.640644
vt 0.962517 -0.632559
vt 0.962517 -0.640644
vt 0.957431 -0.640644
vt 0.959732 -0.632317
vt 0.957552 -0.632317
vt 0.954767 -0.632559
vt 0.952103 -0.632317
vt 0.952103 -0.640644
vt 0.954767 -0.640644
vt 0.949803 -0.632317
vt 0.992183 -0.549046
vt 0.992183 -0.556890
vt 0.989519 -0.549046
vt 0.979348 -0.549046
vt 0.976805 -0.556770
vt 0.976805 -0.549046
vt 0.981770 -0.549046
vt 0.981648 -0.557011
vt 0.979469 -0.557011
vt 0.984433 -0.556770
vt 0.987218 -0.557011
vt 0.987097 -0.549046
vt 0.984433 -0.549046
vt 0.989519 -0.557011
vt 0.947381 -0.610232
vt 0.947381 -0.602147
vt 0.949924 -0.610232
vt 0.960095 -0.610232
vt 0.962759 -0.602147
vt 0.962759 -0.610232
vt 0.957673 -0.610232
vt 0.960095 -0.601905
vt 0.957794 -0.601905
vt 0.955131 -0.602147
vt 0.952224 -0.601905
vt 0.952346 -0.610232
vt 0.955009 -0.610232
vt 0.950045 -0.601905
vt 0.619238 -0.022385
vt 0.616695 -0.022385
vt 0.616695 -0.014420
vt 0.631952 -0.022385
vt 0.629530 -0.022385
vt 0.631952 -0.014420
vt 0.622265 -0.022385
vt 0.622265 -0.014420
vt 0.619238 -0.014420
vt 0.624687 -0.014420
vt 0.627109 -0.014420
vt 0.627109 -0.022385
vt 0.624687 -0.022385
vt 0.629530 -0.014420
vt 0.025190 -0.043022
vt 0.022647 -0.043022
vt 0.022647 -0.034936
vt 0.037783 -0.043022
vt 0.035240 -0.043022
vt 0.037783 -0.034936
vt 0.027733 -0.043022
vt 0.025190 -0.034936
vt 0.027733 -0.034936
vt 0.030155 -0.034936
vt 0.032819 -0.034936
vt 0.032819 -0.043022
vt 0.030276 -0.043022
vt 0.035240 -0.034936
vt 0.711990 -0.584889
vt 0.711990 -0.579820
vt 0.716228 -0.579820
vt 0.711990 -0.609750
vt 0.711990 -0.604922
vt 0.716228 -0.609750
vt 0.711990 -0.589958
vt 0.716228 -0.584889
vt 0.716228 -0.589837
vt 0.716228 -0.595026
vt 0.716228 -0.600095
vt 0.711990 -0.600095
vt 0.711990 -0.595026
vt 0.716228 -0.604922
vt 0.725551 -0.579458
vt 0.729426 -0.579458
vt 0.725551 -0.584527
vt 0.725551 -0.604560
vt 0.729426 -0.609388
vt 0.725551 -0.609388
vt 0.725551 -0.599733
vt 0.729426 -0.604440
vt 0.729426 -0.599854
vt 0.729426 -0.594785
vt 0.729426 -0.589596
vt 0.725551 -0.589596
vt 0.725551 -0.594785
vt 0.729426 -0.584648
vt 0.979227 -0.675039
vt 0.976684 -0.675039
vt 0.976684 -0.666953
vt 0.991941 -0.675039
vt 0.989398 -0.675039
vt 0.991941 -0.666953
vt 0.981648 -0.675039
vt 0.979227 -0.666953
vt 0.981648 -0.666953
vt 0.984312 -0.666953
vt 0.986855 -0.666953
vt 0.986855 -0.675039
vt 0.984312 -0.675039
vt 0.989277 -0.666953
vt 0.112493 -0.377555
vt 0.112493 -0.383107
vt 0.108618 -0.383107
vt 0.112493 -0.352574
vt 0.112493 -0.357643
vt 0.108618 -0.352574
vt 0.112493 -0.372728
vt 0.108618 -0.377435
vt 0.108618 -0.372728
vt 0.108618 -0.367780
vt 0.108618 -0.362591
vt 0.112493 -0.362711
vt 0.112493 -0.367780
vt 0.108618 -0.357763
s 1
usemtl jagdgun
f 2/1/1 6/2/2 1/3/3
f 1/4/4 3/5/4 2/6/4
f 3/7/5 1/3/3 4/8/6
f 1/3/3 5/9/7 4/8/6
f 6/2/2 5/9/7 1/3/3
f 5/9/7 6/2/2 7/10/8
f 7/10/8 6/2/2 8/11/9
f 6/2/2 9/12/10 8/11/9
f 9/12/10 6/2/2 2/1/1
f 2/6/4 10/13/4 9/14/4
f 9/14/4 10/13/4 11/15/4
f 9/12/10 11/16/11 12/17/12
f 8/11/9 9/12/10 12/17/12
f 8/11/9 12/17/12 15/18/13
f 11/16/11 13/19/14 12/17/12
f 13/19/14 14/20/15 12/17/12
f 12/17/12 14/20/15 15/18/13
f 16/21/16 8/11/9 15/18/13
f 15/18/13 14/20/15 17/22/17
f 18/23/18 19/24/19 17/22/17
f 17/22/17 14/20/15 18/23/18
f 20/25/20 19/24/19 18/23/18
f 19/24/19 20/25/20 21/26/21
f 20/25/20 22/27/22 21/26/21
f 21/26/21 22/27/22 23/28/23
f 22/27/22 24/29/24 23/28/23
f 23/28/23 24/29/24 25/30/25
f 26/31/26 27/32/27 25/30/25
f 25/30/25 24/29/24 26/31/26
f 26/31/26 28/33/28 27/32/27
f 27/32/27 28/33/28 29/34/29
f 29/34/29 28/33/28 30/35/30
f 30/35/30 31/36/31 29/34/29
f 30/35/30 32/37/32 31/36/31
f 31/36/31 32/37/32 33/38/33
f 33/38/33 32/37/32 34/39/34
f 34/39/34 35/40/35 33/38/33
f 36/41/36 35/40/35 34/39/34
f 35/40/35 36/41/36 37/42/37
f 37/42/37 36/41/36 38/43/38
f 38/43/38 39/44/39 37/42/37
f 40/45/40 39/46/39 38/47/38
f 41/48/41 40/45/40 38/47/38
f 42/49/42 40/45/40 41/48/41
f 43/50/43 42/49/42 41/48/41
f 44/51/44 42/49/42 43/50/43
f 45/52/45 44/51/44 43/50/43
f 46/53/46 44/51/44 45/52/45
f 45/52/45 47/54/47 46/53/46
f 47/54/47 48/55/48 46/53/46
f 48/55/48 47/54/47 49/56/49
f 50/57/50 48/55/48 49/56/49
f 51/58/51 50/57/50 49/56/49
f 52/59/52 50/57/50 51/58/51
f 53/60/53 52/59/52 51/58/51
f 54/61/54 52/59/52 53/60/53
f 54/61/54 5/9/7 55/62/55
f 5/9/7 54/61/54 4/8/6
f 4/8/6 54/61/54 53/60/53
f 55/62/55 5/9/7 7/10/8
f 4/8/6 53/60/53 56/63/56
f 56/63/56 53/60/53 51/58/51
f 3/7/5 4/8/6 56/63/56
f 3/5/4 56/64/4 2/6/4
f 56/64/4 10/13/4 2/6/4
f 56/63/56 51/58/51 10/65/57
f 51/58/51 57/66/58 10/65/57
f 51/58/51 49/56/49 57/66/58
f 10/13/4 57/67/4 58/68/4
f 57/66/58 47/54/47 58/69/59
f 49/56/49 47/54/47 57/66/58
f 58/69/59 47/54/47 59/70/60
f 59/71/4 10/13/4 58/68/4
f 59/70/60 43/50/43 60/72/61
f 60/73/4 10/13/4 59/71/4
f 59/70/60 47/54/47 45/52/45
f 45/52/45 43/50/43 59/70/60
f 60/72/61 43/50/43 61/74/62
f 61/75/4 10/13/4 60/73/4
f 61/74/62 38/47/38 62/76/63
f 62/77/4 10/13/4 61/75/4
f 43/50/43 41/48/41 61/74/62
f 41/48/41 38/47/38 61/74/62
f 38/43/38 63/78/64 62/79/63
f 63/80/4 10/13/4 62/77/4
f 64/81/65 63/78/64 34/39/34
f 64/82/4 10/13/4 63/80/4
f 63/78/64 36/41/36 34/39/34
f 36/41/36 63/78/64 38/43/38
f 65/83/66 64/81/65 34/39/34
f 65/84/4 10/13/4 64/82/4
f 66/85/67 65/83/66 30/35/30
f 66/86/4 10/13/4 65/84/4
f 65/83/66 32/37/32 30/35/30
f 32/37/32 65/83/66 34/39/34
f 67/87/68 66/85/67 30/35/30
f 67/88/4 10/13/4 66/86/4
f 68/89/69 67/87/68 26/31/26
f 68/90/4 10/13/4 67/88/4
f 67/87/68 28/33/28 26/31/26
f 28/33/28 67/87/68 30/35/30
f 69/91/70 68/89/69 26/31/26
f 69/92/4 10/13/4 68/90/4
f 70/93/71 69/91/70 22/27/22
f 70/94/4 10/13/4 69/92/4
f 22/27/22 69/91/70 24/29/24
f 24/29/24 69/91/70 26/31/26
f 71/95/72 70/93/71 22/27/22
f 71/96/4 10/13/4 70/94/4
f 72/97/73 71/95/72 18/23/18
f 72/98/4 10/13/4 71/96/4
f 71/95/72 20/25/20 18/23/18
f 20/25/20 71/95/72 22/27/22
f 13/19/14 72/97/73 18/23/18
f 13/99/4 10/13/4 72/98/4
f 14/20/15 13/19/14 18/23/18
f 7/10/8 8/11/9 16/21/16
f 11/15/4 10/13/4 13/99/4
f 76/100/74 73/101/75 74/102/76
f 73/101/75 75/103/77 74/102/76
f 77/104/78 73/101/75 76/100/74
f 76/100/74 78/105/79 77/104/78
f 78/105/79 79/106/80 77/104/78
f 77/104/78 79/106/80 80/107/81
f 80/107/81 79/106/80 81/108/82
f 79/106/80 82/109/83 81/108/82
f 81/108/82 82/109/83 83/110/84
f 82/109/83 84/111/85 83/110/84
f 84/111/85 74/112/76 83/110/84
f 83/110/84 74/112/76 75/113/77
f 88/114/86 85/115/4 86/116/87
f 85/117/4 87/118/88 86/119/87
f 89/120/89 88/114/86 90/121/90
f 90/121/90 88/114/86 86/116/87
f 91/122/91 89/120/89 90/121/90
f 89/120/89 91/122/91 92/122/92
f 93/123/93 89/120/89 92/122/92
f 94/124/94 95/125/95 93/123/93
f 95/125/95 96/126/77 93/123/93
f 96/126/77 89/120/89 93/123/93
f 87/118/88 95/125/95 94/124/94
f 97/127/96 87/118/88 94/124/94
f 86/119/87 87/118/88 97/127/96
f 101/128/97 98/129/98 99/130/76
f 98/129/98 100/131/99 99/130/76
f 102/132/100 98/129/98 101/128/97
f 101/128/97 103/133/101 102/132/100
f 103/133/101 104/134/102 102/132/100
f 102/132/100 104/134/102 105/135/4
f 105/135/4 104/134/102 106/136/82
f 104/134/102 107/137/103 106/136/82
f 107/137/103 108/138/85 106/136/82
f 106/136/82 108/138/85 109/139/104
f 108/138/85 99/140/76 109/139/104
f 109/139/104 99/140/76 100/141/99
f 110/142/77 112/143/105 111/144/106
f 113/145/107 112/146/105 110/147/77
f 114/148/108 115/149/109 113/145/107
f 115/149/109 112/146/105 113/145/107
f 116/150/110 115/149/109 114/148/108
f 117/151/111 116/150/110 118/148/112
f 118/148/112 116/150/110 114/148/108
f 119/152/4 117/151/111 118/148/112
f 120/153/113 117/151/111 119/152/4
f 111/144/106 121/154/114 120/153/113
f 121/154/114 117/151/111 120/153/113
f 122/155/115 121/154/114 111/144/106
f 112/143/105 122/155/115 111/144/106
f 123/156/77 125/157/105 124/158/116
f 126/159/117 125/160/105 123/161/77
f 127/162/118 128/163/109 126/159/117
f 128/163/109 125/160/105 126/159/117
f 129/164/119 128/163/109 127/162/118
f 130/165/111 129/164/119 127/162/118
f 131/166/114 130/165/111 132/167/113
f 132/167/113 130/165/111 133/168/4
f 133/168/4 130/165/111 127/162/118
f 124/158/116 131/166/114 132/167/113
f 134/169/115 131/166/114 124/158/116
f 125/157/105 134/169/115 124/158/116
f 138/170/120 135/171/4 136/172/121
f 135/173/4 137/174/122 136/175/121
f 139/176/123 138/170/120 140/177/124
f 140/177/124 138/170/120 136/172/121
f 141/178/125 139/176/123 140/177/124
f 142/179/93 139/176/123 141/178/125
f 143/180/126 144/181/127 142/179/93
f 144/181/127 145/182/77 142/179/93
f 145/182/77 139/176/123 142/179/93
f 137/174/122 144/181/127 146/183/128
f 146/183/128 144/181/127 143/180/126
f 136/175/121 137/174/122 146/183/128
f 150/184/129 147/185/130 148/186/131
f 147/185/130 149/187/77 148/186/131
f 151/188/132 147/185/130 150/184/129
f 150/184/129 152/189/133 151/188/132
f 152/189/133 153/190/134 151/188/132
f 151/188/132 153/190/134 154/191/4
f 154/191/4 153/190/134 155/192/135
f 153/190/134 156/193/136 155/192/135
f 156/193/136 157/194/137 155/192/135
f 155/192/135 157/194/137 158/195/138
f 157/194/137 148/196/131 158/195/138
f 158/195/138 148/196/131 149/197/77
f 162/198/139 159/199/77 160/200/93
f 159/201/77 161/202/140 160/203/93
f 163/204/141 162/198/139 164/205/94
f 164/205/94 162/198/139 160/200/93
f 165/206/142 163/204/141 164/205/94
f 166/207/87 163/204/141 165/206/142
f 167/208/143 168/209/86 166/207/87
f 168/209/86 169/210/144 166/207/87
f 169/210/144 163/204/141 166/207/87
f 161/202/140 168/209/86 167/208/143
f 170/211/145 161/202/140 167/208/143
f 160/203/93 161/202/140 170/211/145
f 171/212/146 172/213/147 177/214/148
f 171/212/146 173/215/149 172/213/147
f 174/216/150 173/215/149 171/212/146
f 175/217/151 174/216/150 171/212/146
f 176/218/152 175/217/151 171/212/146
f 176/218/152 171/212/146 177/214/148
f 176/219/153 177/220/154 181/221/155
f 177/214/148 172/213/147 178/222/156
f 177/220/154 178/223/157 179/224/158
f 180/225/159 177/220/154 179/224/158
f 181/221/155 177/220/154 180/225/159
f 184/226/160 182/227/161 181/221/155
f 182/227/161 183/228/162 181/221/155
f 181/221/155 183/228/162 185/229/163
f 180/225/159 184/226/160 181/221/155
f 185/229/163 176/219/153 181/221/155
f 186/230/164 188/231/165 185/229/163
f 185/229/163 187/232/166 186/230/164
f 183/228/162 187/232/166 185/229/163
f 188/231/165 176/219/153 185/229/163
f 176/218/152 188/233/167 189/234/168
f 188/235/167 191/236/169 189/237/168
f 190/238/170 188/231/165 186/230/164
f 190/239/171 191/236/169 188/235/167
f 195/240/172 191/236/169 192/241/173
f 191/236/169 193/242/174 192/241/173
f 193/242/174 191/236/169 194/243/175
f 194/243/175 191/236/169 190/239/171
f 191/236/169 195/240/172 196/244/176
f 189/237/168 191/236/169 196/244/176
f 199/245/177 197/246/178 196/247/176
f 197/246/178 198/248/179 196/247/176
f 196/247/176 198/248/179 189/234/168
f 199/249/177 196/244/176 200/250/171
f 196/244/176 195/240/172 200/250/171
f 200/250/171 195/240/172 192/241/173
f 192/241/173 201/251/180 200/250/171
f 200/252/181 201/253/182 204/254/183
f 199/255/184 200/252/181 202/256/185
f 202/256/185 200/252/181 203/257/181
f 203/257/181 200/252/181 204/254/183
f 204/254/183 201/253/182 205/258/186
f 205/259/187 206/260/188 204/261/189
f 206/260/188 207/262/40 204/261/189
f 204/261/189 207/262/40 203/263/40
f 207/262/40 208/264/39 203/263/40
f 209/265/37 202/266/190 208/267/39
f 203/263/40 208/264/39 202/268/190
f 210/269/37 202/266/190 209/265/37
f 211/270/191 210/269/37 209/265/37
f 212/271/35 210/269/37 211/270/191
f 213/272/192 212/271/35 211/270/191
f 214/273/193 212/271/35 213/272/192
f 215/274/31 214/273/193 213/272/192
f 216/275/194 214/273/193 215/274/31
f 217/276/29 216/275/194 215/274/31
f 218/277/195 216/275/194 217/276/29
f 219/278/196 218/277/195 217/276/29
f 220/279/27 218/277/195 219/278/196
f 221/280/197 220/279/27 219/278/196
f 222/281/198 220/279/27 221/280/197
f 223/282/199 222/281/198 221/280/197
f 224/283/200 222/281/198 223/282/199
f 225/284/21 224/283/200 223/282/199
f 226/285/201 224/283/200 225/284/21
f 227/286/19 226/285/201 225/284/21
f 228/287/202 226/285/201 227/286/19
f 229/288/203 228/287/202 227/286/19
f 230/289/203 228/287/202 229/288/203
f 231/290/13 230/289/203 229/288/203
f 232/291/204 230/289/203 231/290/13
f 233/292/16 232/291/204 231/290/13
f 234/293/16 232/291/204 233/292/16
f 235/294/8 234/293/16 233/292/16
f 236/295/205 234/293/16 235/294/8
f 237/296/55 236/295/205 235/294/8
f 238/297/55 236/295/205 237/296/55
f 239/298/206 238/297/55 237/296/55
f 240/299/207 238/297/55 239/298/206
f 241/300/208 240/299/207 239/298/206
f 240/299/207 241/300/208 242/301/52
f 241/300/208 243/302/209 242/301/52
f 242/301/52 243/302/209 244/303/209
f 243/302/209 245/304/48 244/303/209
f 244/303/209 245/304/48 246/305/210
f 245/304/48 247/306/211 246/305/210
f 246/305/210 247/306/211 248/307/212
f 247/306/211 249/308/213 248/307/212
f 248/307/212 249/308/213 205/259/187
f 249/308/213 206/260/188 205/259/187
f 248/309/214 251/310/215 246/311/216
f 205/258/186 250/312/217 248/309/214
f 250/312/217 251/310/215 248/309/214
f 251/310/215 252/313/218 246/311/216
f 252/314/219 251/315/220 253/316/221
f 251/315/220 250/317/222 253/316/221
f 253/316/221 256/318/223 254/319/224
f 254/319/224 252/314/219 253/316/221
f 253/316/221 250/317/222 255/320/225
f 255/320/225 257/321/226 253/316/221
f 257/321/226 256/318/223 253/316/221
f 256/318/223 257/321/226 258/322/227
f 258/322/227 257/321/226 259/323/228
f 193/242/174 257/321/226 255/320/225
f 257/321/226 193/242/174 194/243/175
f 259/323/228 257/321/226 194/243/175
f 259/324/229 194/325/230 260/326/231
f 258/327/232 259/324/229 261/328/233
f 261/328/233 259/324/229 260/326/231
f 262/329/234 258/327/232 261/328/233
f 261/328/233 263/330/235 262/329/234
f 264/331/236 263/330/235 261/328/233
f 260/326/231 264/331/236 261/328/233
f 265/332/237 264/331/236 260/326/231
f 265/332/237 266/333/4 264/331/236
f 266/333/4 267/334/4 264/331/236
f 264/331/236 267/334/4 263/330/235
f 266/335/220 269/336/227 267/337/238
f 267/334/4 268/338/4 263/330/235
f 267/337/238 271/339/239 268/340/240
f 269/336/227 270/341/238 267/337/238
f 270/341/238 271/339/239 267/337/238
f 270/342/4 272/343/4 271/344/4
f 272/343/4 273/345/4 271/344/4
f 271/344/4 273/345/4 274/346/4
f 271/339/239 274/347/241 275/348/241
f 268/340/240 271/339/239 275/348/241
f 275/348/241 279/349/242 276/350/243
f 276/351/4 277/352/244 275/353/4
f 275/353/4 277/352/244 278/354/245
f 268/338/4 275/353/4 278/354/245
f 275/348/241 274/347/241 279/349/242
f 281/355/4 279/356/4 280/357/4
f 279/356/4 274/346/4 280/357/4
f 281/355/4 282/358/4 279/356/4
f 279/356/4 282/358/4 283/359/4
f 279/349/242 283/360/246 284/361/246
f 276/350/243 279/349/242 284/361/246
f 284/362/4 285/363/247 276/351/4
f 287/364/248 285/363/247 284/362/4
f 284/361/246 288/365/249 286/366/250
f 286/367/4 287/364/248 284/362/4
f 283/360/246 288/365/249 284/361/246
f 283/359/4 289/368/4 288/369/4
f 289/368/4 290/370/4 288/369/4
f 288/369/4 290/370/4 291/371/4
f 288/365/249 291/372/251 292/373/252
f 286/366/250 288/365/249 292/373/252
f 292/374/4 293/375/253 286/367/4
f 292/374/4 294/376/4 293/375/253
f 292/373/252 295/377/254 294/378/255
f 291/372/251 295/377/254 292/373/252
f 291/371/4 296/379/4 295/380/4
f 296/379/4 297/381/4 295/380/4
f 297/381/4 298/382/4 295/380/4
f 295/380/4 298/382/4 299/383/4
f 295/377/254 299/384/256 300/385/256
f 294/378/255 295/377/254 300/385/256
f 294/376/4 300/386/4 301/387/257
f 301/387/257 300/386/4 302/388/258
f 300/386/4 303/389/4 302/388/258
f 300/385/256 304/390/259 303/391/260
f 299/384/256 304/390/259 300/385/256
f 299/383/4 305/392/4 304/393/4
f 305/392/4 306/394/4 304/393/4
f 304/393/4 306/394/4 307/395/4
f 304/390/259 307/396/261 308/397/261
f 303/391/260 304/390/259 308/397/261
f 303/389/4 308/398/4 309/399/262
f 309/399/262 308/398/4 310/400/263
f 308/398/4 311/401/4 310/400/263
f 308/397/261 312/402/264 311/403/265
f 307/396/261 312/402/264 308/397/261
f 307/395/4 313/404/4 312/405/4
f 313/404/4 314/406/4 312/405/4
f 314/406/4 315/407/4 312/405/4
f 312/405/4 315/407/4 316/408/4
f 312/402/264 316/409/266 317/410/266
f 311/403/265 312/402/264 317/410/266
f 311/401/4 317/411/4 318/412/267
f 318/412/267 317/411/4 319/413/268
f 317/411/4 320/414/4 319/413/268
f 317/410/266 321/415/269 320/416/269
f 316/409/266 321/415/269 317/410/266
f 316/408/4 322/417/4 321/418/4
f 322/417/4 323/419/4 321/418/4
f 321/418/4 323/419/4 324/420/4
f 321/415/269 324/421/270 325/422/271
f 320/416/269 321/415/269 325/422/271
f 320/414/4 325/423/4 326/424/272
f 326/424/272 325/423/4 327/425/273
f 325/423/4 328/426/4 327/425/273
f 325/422/271 329/427/274 328/428/275
f 324/421/270 329/427/274 325/422/271
f 324/420/4 330/429/4 329/430/4
f 330/429/4 331/431/4 329/430/4
f 331/431/4 332/432/4 329/430/4
f 329/430/4 332/432/4 333/433/4
f 329/427/274 333/434/276 334/435/156
f 328/428/275 329/427/274 334/435/156
f 328/426/4 334/436/4 335/437/277
f 335/437/277 334/436/4 184/226/160
f 334/436/4 336/438/4 184/226/160
f 334/435/156 337/439/278 336/440/279
f 333/434/276 337/439/278 334/435/156
f 337/439/278 338/441/152 341/442/280
f 337/443/4 339/444/4 338/445/4
f 340/446/4 339/444/4 337/443/4
f 333/433/4 340/446/4 337/443/4
f 336/440/279 337/439/278 341/442/280
f 336/438/4 341/447/4 182/227/161
f 341/447/4 342/448/4 182/227/161
f 341/442/280 343/449/167 342/450/177
f 338/441/152 343/449/167 341/442/280
f 338/445/4 344/451/4 343/452/4
f 344/451/4 345/453/4 343/452/4
f 345/453/4 346/454/4 343/452/4
f 343/452/4 346/454/4 347/455/4
f 343/456/167 347/457/281 348/458/282
f 342/459/177 343/456/167 348/458/282
f 342/448/4 348/460/4 183/228/162
f 183/228/162 348/460/4 187/232/166
f 348/460/4 349/461/4 187/232/166
f 348/458/282 350/462/283 349/463/284
f 347/457/281 350/462/283 348/458/282
f 347/455/4 351/464/4 350/465/4
f 351/464/4 352/466/4 350/465/4
f 350/465/4 352/466/4 353/467/4
f 350/462/283 353/468/228 354/469/222
f 349/463/284 350/462/283 354/469/222
f 349/461/4 354/470/4 355/471/285
f 355/471/285 354/470/4 265/332/237
f 354/470/4 266/333/4 265/332/237
f 354/469/222 269/336/227 266/335/220
f 353/468/228 269/336/227 354/469/222
f 187/232/166 355/471/285 186/230/164
f 187/232/166 349/461/4 355/471/285
f 355/471/285 265/332/237 356/472/286
f 186/230/164 355/471/285 356/472/286
f 260/326/231 194/325/230 356/472/286
f 356/472/286 265/332/237 260/326/231
f 356/472/286 190/238/170 186/230/164
f 194/325/230 190/238/170 356/472/286
f 352/466/4 357/473/4 353/467/4
f 353/467/4 357/473/4 269/474/4
f 357/475/287 352/476/288 360/477/289
f 357/473/4 358/478/4 269/474/4
f 358/479/290 357/475/287 359/480/290
f 359/480/290 357/475/287 360/477/289
f 359/481/264 360/482/291 361/483/292
f 361/483/292 360/482/291 362/484/293
f 360/482/291 363/485/294 362/484/293
f 360/477/289 352/476/288 363/486/295
f 362/484/293 363/485/294 364/487/296
f 363/485/294 365/488/296 364/487/296
f 363/486/295 351/489/297 365/490/298
f 352/476/288 351/489/297 363/486/295
f 364/487/296 365/488/296 366/491/299
f 365/488/296 367/492/300 366/491/299
f 365/490/298 346/493/301 367/494/301
f 351/489/297 346/493/301 365/490/298
f 366/491/299 367/492/300 368/495/255
f 367/492/300 369/496/255 368/495/255
f 367/494/301 345/497/302 369/498/302
f 346/493/301 345/497/302 367/494/301
f 368/495/255 369/496/255 370/499/303
f 369/496/255 371/500/303 370/499/303
f 369/498/302 344/501/304 371/502/304
f 345/497/302 344/501/304 369/498/302
f 370/499/303 371/500/303 372/503/305
f 371/500/303 373/504/306 372/503/305
f 371/502/304 339/505/307 373/506/308
f 344/501/304 339/505/307 371/502/304
f 372/503/305 373/504/306 374/507/309
f 373/504/306 375/508/309 374/507/309
f 373/506/308 340/509/310 375/510/311
f 339/505/307 340/509/310 373/506/308
f 374/507/309 375/508/309 376/511/312
f 375/508/309 377/512/313 376/511/312
f 375/510/311 332/513/314 377/514/315
f 340/509/310 332/513/314 375/510/311
f 376/511/312 377/512/313 378/515/316
f 377/512/313 379/516/242 378/515/316
f 377/514/315 331/517/317 379/518/317
f 332/513/314 331/517/317 377/514/315
f 378/515/316 379/516/242 380/519/318
f 379/516/242 381/520/318 380/519/318
f 379/518/317 330/521/319 381/522/320
f 331/517/317 330/521/319 379/518/317
f 380/519/318 381/520/318 382/523/321
f 381/520/318 383/524/322 382/523/321
f 381/522/320 323/525/323 383/526/324
f 330/521/319 323/525/323 381/522/320
f 382/523/321 383/524/322 384/527/325
f 383/524/322 385/528/326 384/527/325
f 383/526/324 322/529/327 385/530/328
f 323/525/323 322/529/327 383/526/324
f 384/527/325 385/528/326 386/531/329
f 385/528/326 387/532/330 386/531/329
f 385/530/328 315/533/331 387/534/332
f 322/529/327 315/533/331 385/530/328
f 386/531/329 387/532/330 388/535/220
f 387/532/330 389/536/333 388/535/220
f 387/534/332 314/537/334 389/538/335
f 315/533/331 314/537/334 387/534/332
f 388/535/220 389/536/333 390/539/336
f 389/536/333 391/540/337 390/539/336
f 389/538/335 313/541/338 391/542/339
f 314/537/334 313/541/338 389/538/335
f 390/539/336 391/540/337 392/543/340
f 391/540/337 393/544/340 392/543/340
f 391/542/339 306/545/341 393/546/341
f 313/541/338 306/545/341 391/542/339
f 392/543/340 393/544/340 394/547/342
f 393/544/340 395/548/342 394/547/342
f 393/546/341 305/549/343 395/550/344
f 306/545/341 305/549/343 393/546/341
f 394/547/342 395/548/342 396/551/345
f 395/548/342 397/552/346 396/551/345
f 395/550/344 298/553/347 397/554/348
f 305/549/343 298/553/347 395/550/344
f 396/551/345 397/552/346 398/555/177
f 397/552/346 399/556/349 398/555/177
f 397/554/348 297/557/350 399/558/350
f 298/553/347 297/557/350 397/554/348
f 400/559/351 398/560/177 399/561/349
f 401/562/352 400/559/351 399/561/349
f 399/558/350 296/563/353 401/564/353
f 297/557/350 296/563/353 399/558/350
f 402/565/354 400/559/351 401/562/352
f 403/566/354 402/565/354 401/562/352
f 401/564/353 290/567/355 403/568/356
f 296/563/353 290/567/355 401/564/353
f 404/569/357 402/565/354 403/566/354
f 405/570/358 404/569/357 403/566/354
f 403/568/356 289/571/359 405/572/360
f 290/567/355 289/571/359 403/568/356
f 406/573/361 404/569/357 405/570/358
f 407/574/362 406/573/361 405/570/358
f 405/572/360 282/575/363 407/576/364
f 289/571/359 282/575/363 405/572/360
f 408/577/274 406/573/361 407/574/362
f 409/578/274 408/577/274 407/574/362
f 409/579/365 407/576/364 281/580/366
f 282/575/363 281/580/366 407/576/364
f 410/581/367 408/577/274 409/578/274
f 409/578/274 411/582/367 410/581/367
f 409/579/365 280/583/368 411/584/369
f 280/583/368 409/579/365 281/580/366
f 410/581/367 411/582/367 412/585/370
f 411/582/367 413/586/371 412/585/370
f 411/584/369 273/587/372 413/588/373
f 280/583/368 273/587/372 411/584/369
f 412/585/370 413/586/371 414/589/374
f 413/586/371 415/590/374 414/589/374
f 413/588/373 272/591/375 415/592/376
f 273/587/372 272/591/375 413/588/373
f 414/589/374 415/590/374 416/593/377
f 415/590/374 417/594/378 416/593/377
f 415/592/376 418/595/379 417/596/380
f 272/591/375 418/595/379 415/592/376
f 418/595/379 358/479/290 417/596/380
f 358/478/4 418/597/4 269/474/4
f 269/474/4 418/597/4 270/342/4
f 418/597/4 272/343/4 270/342/4
f 416/593/377 417/594/378 419/598/381
f 417/594/378 359/481/264 419/598/381
f 417/596/380 358/479/290 359/480/290
f 421/599/382 419/600/383 420/601/384
f 419/600/383 361/602/384 420/601/384
f 419/598/381 359/481/264 361/483/292
f 416/603/385 419/600/383 421/599/382
f 421/604/386 420/605/387 423/606/387
f 422/607/388 416/603/385 421/599/382
f 422/608/377 421/604/386 424/609/389
f 424/609/389 421/604/386 423/606/387
f 424/610/390 423/611/391 426/612/391
f 425/613/377 422/608/377 424/609/389
f 425/614/392 424/610/390 427/615/390
f 427/615/390 424/610/390 426/612/391
f 426/616/393 430/617/394 427/618/395
f 428/619/392 425/614/392 427/615/390
f 427/618/395 429/620/396 428/621/397
f 430/617/394 429/620/396 427/618/395
f 431/622/398 430/617/394 426/616/393
f 431/623/293 432/624/399 430/625/387
f 432/624/399 433/626/386 430/625/387
f 430/625/387 433/626/386 429/627/264
f 432/628/4 434/629/4 433/630/4
f 433/630/4 434/629/4 435/631/4
f 433/626/386 435/632/377 429/627/264
f 435/631/4 434/629/4 436/633/4
f 435/632/377 436/634/400 437/635/401
f 429/627/264 435/632/377 437/635/401
f 429/620/396 437/636/402 428/621/397
f 437/635/401 436/634/400 438/637/374
f 437/636/402 438/638/403 439/639/404
f 428/621/397 437/636/402 439/639/404
f 439/640/405 440/641/405 428/619/392
f 441/642/406 440/641/405 439/640/405
f 442/643/407 441/642/406 439/640/405
f 439/639/404 438/638/403 442/644/408
f 443/645/409 441/642/406 442/643/407
f 443/645/409 442/643/407 444/646/410
f 442/644/408 445/647/411 444/648/412
f 438/638/403 445/647/411 442/644/408
f 438/637/374 446/649/413 445/650/414
f 446/649/413 447/651/415 445/650/414
f 445/650/414 447/651/415 448/652/416
f 445/647/411 448/653/417 444/648/412
f 447/651/415 449/654/275 448/652/416
f 448/652/416 449/654/275 450/655/418
f 448/653/417 450/656/419 451/657/420
f 444/648/412 448/653/417 451/657/420
f 444/646/410 451/658/421 452/659/421
f 452/659/421 451/658/421 453/660/422
f 451/658/421 454/661/423 453/660/422
f 451/657/420 450/656/419 454/662/424
f 453/660/422 454/661/423 455/663/425
f 454/661/423 456/664/426 455/663/425
f 454/662/424 457/665/427 456/666/428
f 450/656/419 457/665/427 454/662/424
f 450/655/418 458/667/362 457/668/429
f 458/667/362 459/669/358 457/668/429
f 457/668/429 459/669/358 460/670/430
f 457/665/427 460/671/431 456/666/428
f 459/669/358 461/672/354 460/670/430
f 460/670/430 461/672/354 462/673/432
f 460/671/431 462/674/433 463/675/434
f 456/666/428 460/671/431 463/675/434
f 456/664/426 463/676/435 464/677/436
f 464/677/436 463/676/435 465/678/437
f 463/676/435 466/679/438 465/678/437
f 463/675/434 462/674/433 466/680/439
f 465/678/437 466/679/438 467/681/440
f 466/679/438 468/682/441 467/681/440
f 466/680/439 469/683/442 468/684/443
f 462/674/433 469/683/442 466/680/439
f 462/673/432 470/685/352 469/686/351
f 470/685/352 471/687/444 469/686/351
f 469/686/351 471/687/444 472/688/445
f 469/683/442 472/689/443 468/684/443
f 474/690/346 472/691/445 473/692/346
f 473/692/346 472/691/445 471/693/444
f 472/689/443 474/694/446 475/695/447
f 468/684/443 472/689/443 475/695/447
f 475/696/448 476/697/449 468/698/441
f 477/699/450 476/697/449 475/696/448
f 478/700/450 477/699/450 475/696/448
f 475/695/447 474/694/446 478/701/451
f 479/702/452 477/699/450 478/700/450
f 480/703/452 479/702/452 478/700/450
f 478/701/451 481/704/453 480/705/454
f 474/694/446 481/704/453 478/701/451
f 483/706/455 481/707/456 482/708/456
f 481/707/456 474/690/346 482/708/456
f 484/709/457 481/707/456 483/706/455
f 481/704/453 484/710/458 480/705/454
f 434/711/459 484/709/457 483/706/455
f 485/712/460 484/709/457 434/711/459
f 484/710/458 485/713/461 486/714/461
f 480/705/454 484/710/458 486/714/461
f 486/715/462 487/716/463 480/703/452
f 488/717/464 487/716/463 486/715/462
f 489/718/465 488/717/464 486/715/462
f 486/714/461 485/713/461 489/719/466
f 490/720/467 488/717/464 489/718/465
f 491/721/467 490/720/467 489/718/465
f 491/722/468 489/719/466 492/723/469
f 492/723/469 489/719/466 485/713/461
f 494/724/470 492/725/227 493/726/227
f 493/726/227 492/725/227 485/712/460
f 492/725/227 494/724/470 495/727/470
f 492/723/469 495/728/471 491/722/468
f 494/724/470 496/729/472 495/727/470
f 495/727/470 496/729/472 497/730/473
f 495/728/471 497/731/474 498/732/475
f 491/722/468 495/728/471 498/732/475
f 498/733/476 499/734/477 491/721/467
f 500/735/478 499/734/477 498/733/476
f 501/736/478 500/735/478 498/733/476
f 498/732/475 497/731/474 501/737/479
f 502/738/480 500/735/478 501/736/478
f 503/739/481 502/738/480 501/736/478
f 501/737/479 504/740/482 503/741/483
f 497/731/474 504/740/482 501/737/479
f 497/730/473 505/742/484 504/743/485
f 505/742/484 506/744/318 504/743/485
f 504/743/485 506/744/318 507/745/318
f 504/740/482 507/746/486 503/741/483
f 506/744/318 508/747/487 507/745/318
f 507/745/318 508/747/487 509/748/316
f 507/746/486 509/749/488 510/750/489
f 503/741/483 507/746/486 510/750/489
f 510/751/490 511/752/491 503/739/481
f 512/753/492 511/752/491 510/751/490
f 513/754/493 512/753/492 510/751/490
f 510/750/489 509/749/488 513/755/494
f 514/756/495 512/753/492 513/754/493
f 515/757/496 514/756/495 513/754/493
f 513/755/494 516/758/497 515/759/498
f 509/749/488 516/758/497 513/755/494
f 509/748/316 517/760/499 516/761/500
f 517/760/499 518/762/501 516/761/500
f 516/761/500 518/762/501 519/763/502
f 516/758/497 519/764/503 515/759/498
f 518/762/501 520/765/306 519/763/502
f 519/763/502 520/765/306 521/766/306
f 519/764/503 521/767/504 522/768/505
f 515/759/498 519/764/503 522/768/505
f 522/769/506 523/770/507 515/757/496
f 524/771/508 523/770/507 522/769/506
f 525/772/509 524/771/508 522/769/506
f 522/768/505 521/767/504 525/773/510
f 526/774/511 524/771/508 525/772/509
f 527/775/511 526/774/511 525/772/509
f 525/773/510 528/776/510 527/777/512
f 521/767/504 528/776/510 525/773/510
f 521/766/306 529/778/303 528/779/303
f 529/778/303 530/780/255 528/779/303
f 528/779/303 530/780/255 531/781/255
f 528/776/510 531/782/513 527/777/512
f 530/780/255 532/783/299 531/781/255
f 531/781/255 532/783/299 533/784/299
f 531/782/513 533/785/514 534/786/514
f 527/777/512 531/782/513 534/786/514
f 534/787/515 535/788/516 527/775/511
f 536/789/517 535/788/516 534/787/515
f 537/790/518 536/789/517 534/787/515
f 534/786/514 533/785/514 537/791/519
f 538/792/520 536/789/517 537/790/518
f 539/793/520 538/792/520 537/790/518
f 537/791/519 540/794/521 539/795/522
f 533/785/514 540/794/521 537/791/519
f 533/784/299 541/796/296 540/797/523
f 541/796/296 542/798/524 540/797/523
f 540/797/523 542/798/524 431/623/293
f 540/794/521 431/622/398 539/795/522
f 541/799/4 434/629/4 542/800/4
f 542/800/4 434/629/4 432/628/4
f 542/798/524 432/624/399 431/623/293
f 532/783/299 541/796/296 533/784/299
f 532/801/4 434/629/4 541/799/4
f 426/612/391 423/611/391 539/793/520
f 423/611/391 538/792/520 539/793/520
f 539/795/522 431/622/398 426/616/393
f 423/606/387 420/605/387 538/802/293
f 420/605/387 543/803/525 538/802/293
f 538/802/293 543/803/525 536/804/296
f 420/601/384 361/602/384 543/805/526
f 361/602/384 362/806/526 543/805/526
f 543/805/526 362/806/526 544/807/527
f 543/803/525 544/808/296 536/804/296
f 544/808/296 545/809/528 535/810/299
f 544/807/527 364/811/529 545/812/530
f 362/806/526 364/811/529 544/807/527
f 536/804/296 544/808/296 535/810/299
f 545/809/528 546/813/255 526/814/255
f 545/812/530 366/815/531 546/816/532
f 364/811/529 366/815/531 545/812/530
f 535/810/299 545/809/528 526/814/255
f 546/813/255 547/817/303 524/818/303
f 546/816/532 368/819/532 547/820/533
f 366/815/531 368/819/532 546/816/532
f 526/814/255 546/813/255 524/818/303
f 547/817/303 548/821/306 523/822/306
f 547/820/533 370/823/533 548/824/534
f 368/819/532 370/823/533 547/820/533
f 524/818/303 547/817/303 523/822/306
f 548/821/306 549/825/501 514/826/502
f 548/824/534 372/827/535 549/828/536
f 370/823/533 372/827/535 548/824/534
f 523/822/306 548/821/306 514/826/502
f 549/825/501 550/829/312 512/830/312
f 549/828/536 374/831/536 550/832/537
f 372/827/535 374/831/536 549/828/536
f 514/826/502 549/825/501 512/830/312
f 550/829/312 551/833/487 511/834/487
f 550/832/537 376/835/538 551/836/539
f 374/831/536 376/835/538 550/832/537
f 512/830/312 550/829/312 511/834/487
f 551/833/487 552/837/540 502/838/541
f 551/836/539 378/839/539 552/840/542
f 376/835/538 378/839/539 551/836/539
f 511/834/487 551/833/487 502/838/541
f 553/841/543 552/840/542 380/842/544
f 552/840/542 378/839/539 380/842/544
f 553/843/321 500/844/485 552/837/540
f 502/838/541 552/837/540 500/844/485
f 553/843/321 554/845/472 499/846/545
f 553/841/543 382/847/543 554/848/546
f 380/842/544 382/847/543 553/841/543
f 499/846/545 500/844/485 553/843/321
f 554/845/472 555/849/470 490/850/470
f 554/848/546 384/851/547 555/852/548
f 382/847/543 384/851/547 554/848/546
f 499/846/545 554/845/472 490/850/470
f 555/849/470 556/853/549 488/854/227
f 555/852/548 386/855/550 556/856/551
f 384/851/547 386/855/550 555/852/548
f 490/850/470 555/849/470 488/854/227
f 556/853/549 557/857/552 487/858/336
f 556/856/551 388/859/553 557/860/554
f 386/855/550 388/859/553 556/856/551
f 488/854/227 556/853/549 487/858/336
f 557/857/552 558/861/457 479/862/340
f 557/860/554 390/863/555 558/864/556
f 388/859/553 390/863/555 557/860/554
f 487/858/336 557/857/552 479/862/340
f 558/861/457 559/865/456 477/866/456
f 558/864/556 392/867/557 559/868/558
f 390/863/555 392/867/557 558/864/556
f 479/862/340 558/861/457 477/866/456
f 559/865/456 560/869/346 476/870/346
f 559/868/558 394/871/558 560/872/559
f 392/867/557 394/871/558 559/868/558
f 477/866/456 559/865/456 476/870/346
f 560/869/346 561/873/177 467/874/177
f 560/872/559 396/875/560 561/876/561
f 394/871/558 396/875/560 560/872/559
f 476/870/346 560/869/346 467/874/177
f 561/877/177 562/878/351 465/879/352
f 561/880/561 398/881/562 562/882/563
f 396/875/560 398/883/562 561/876/561
f 467/884/177 561/877/177 465/879/352
f 562/878/351 563/885/432 464/886/564
f 562/882/563 400/887/565 563/888/566
f 398/881/562 400/887/565 562/882/563
f 465/879/352 562/878/351 464/886/564
f 563/885/432 564/889/358 455/890/358
f 563/888/566 402/891/567 564/892/568
f 400/887/565 402/891/567 563/888/566
f 464/886/564 563/885/432 455/890/358
f 402/891/567 404/893/569 564/892/568
f 564/892/568 404/893/569 565/894/570
f 564/889/358 565/895/571 453/896/429
f 455/890/358 564/889/358 453/896/429
f 565/895/571 566/897/418 452/898/275
f 565/894/570 406/899/572 566/900/573
f 404/893/569 406/899/572 565/894/570
f 453/896/429 565/895/571 452/898/275
f 566/897/418 567/901/574 443/902/574
f 566/900/573 408/903/575 567/904/576
f 406/899/572 408/903/575 566/900/573
f 452/898/275 566/897/418 443/902/574
f 567/901/574 568/905/413 441/906/413
f 567/904/576 410/907/577 568/908/578
f 408/903/575 410/907/577 567/904/576
f 443/902/574 567/901/574 441/906/413
f 568/905/413 569/909/374 440/910/374
f 568/908/578 412/911/578 569/912/579
f 410/907/577 412/911/578 568/908/578
f 441/906/413 568/905/413 440/910/374
f 569/909/374 422/608/377 425/613/377
f 569/912/579 414/913/580 422/607/388
f 412/911/578 414/913/580 569/912/579
f 440/910/374 569/909/374 425/613/377
f 535/788/516 526/774/511 527/775/511
f 530/914/4 434/629/4 532/801/4
f 529/915/4 434/629/4 530/914/4
f 520/765/306 529/778/303 521/766/306
f 520/916/4 493/917/4 529/915/4
f 493/917/4 434/629/4 529/915/4
f 523/770/507 514/756/495 515/757/496
f 518/918/4 493/917/4 520/916/4
f 517/919/4 493/917/4 518/918/4
f 508/747/487 517/760/499 509/748/316
f 508/920/4 493/917/4 517/919/4
f 511/752/491 502/738/480 503/739/481
f 506/921/4 493/917/4 508/920/4
f 505/922/581 493/917/4 506/921/4
f 496/729/472 505/742/484 497/730/473
f 496/923/4 493/917/4 505/922/581
f 499/734/477 490/720/467 491/721/467
f 494/924/4 493/917/4 496/923/4
f 493/726/227 485/712/460 434/711/459
f 487/716/463 479/702/452 480/703/452
f 434/629/4 483/925/144 482/926/4
f 482/708/456 474/690/346 473/692/346
f 473/927/4 434/629/4 482/926/4
f 476/697/449 467/928/440 468/698/441
f 471/929/4 434/629/4 473/927/4
f 470/930/4 434/629/4 471/929/4
f 461/672/354 470/685/352 462/673/432
f 461/931/4 434/629/4 470/930/4
f 455/663/425 456/664/426 464/677/436
f 459/932/4 434/629/4 461/931/4
f 458/933/4 434/629/4 459/932/4
f 449/654/275 458/667/362 450/655/418
f 449/934/4 434/629/4 458/933/4
f 452/659/421 443/645/409 444/646/410
f 447/935/4 434/629/4 449/934/4
f 446/936/4 434/629/4 447/935/4
f 436/633/4 434/629/4 446/936/4
f 436/634/400 446/649/413 438/637/374
f 440/641/405 425/614/392 428/619/392
f 414/913/580 416/603/385 422/607/388
f 346/454/4 351/464/4 347/455/4
f 339/444/4 344/451/4 338/445/4
f 182/227/161 342/448/4 183/228/162
f 332/432/4 340/446/4 333/433/4
f 184/226/160 336/438/4 182/227/161
f 327/425/273 328/426/4 335/437/277
f 327/425/273 335/437/277 179/224/158
f 179/224/158 335/437/277 180/225/159
f 335/437/277 184/226/160 180/225/159
f 323/419/4 330/429/4 324/420/4
f 326/424/272 327/425/273 570/937/582
f 570/937/582 327/425/273 179/224/158
f 179/224/158 178/223/157 570/937/582
f 178/223/157 573/938/583 570/937/582
f 570/937/582 572/939/584 571/940/585
f 571/940/585 326/424/272 570/937/582
f 573/938/583 572/939/584 570/937/582
f 178/222/156 172/213/147 573/941/274
f 172/213/147 574/942/586 573/941/274
f 574/942/586 575/943/587 573/941/274
f 573/941/274 575/943/587 572/944/271
f 574/942/586 578/945/588 575/943/587
f 572/944/271 575/943/587 576/946/589
f 575/943/587 577/947/590 576/946/589
f 579/948/591 577/947/590 575/943/587
f 578/945/588 579/948/591 575/943/587
f 577/947/590 579/948/591 580/949/592
f 579/948/591 581/950/593 580/949/592
f 581/950/593 579/948/591 582/951/594
f 582/951/594 579/948/591 583/952/595
f 583/952/595 579/948/591 584/953/596
f 579/948/591 578/945/588 584/953/596
f 583/954/597 584/955/598 220/956/597
f 578/945/588 585/957/599 584/953/596
f 584/953/596 585/957/599 586/958/274
f 584/955/598 586/959/600 218/960/601
f 220/956/597 584/955/598 218/960/601
f 586/958/274 585/957/599 587/961/276
f 586/959/600 587/962/602 216/963/600
f 218/960/601 586/959/600 216/963/600
f 587/962/602 588/964/603 214/965/604
f 587/961/276 174/216/150 588/966/279
f 173/215/149 174/216/150 587/961/276
f 585/957/599 173/215/149 587/961/276
f 216/963/600 587/962/602 214/965/604
f 588/964/603 197/967/605 212/968/603
f 588/966/279 174/216/150 197/246/178
f 214/965/604 588/964/603 212/968/603
f 173/215/149 585/957/599 172/213/147
f 172/213/147 585/957/599 574/942/586
f 585/957/599 578/945/588 574/942/586
f 582/969/606 583/954/597 220/956/597
f 589/970/607 581/950/593 582/951/594
f 590/971/389 589/970/607 582/951/594
f 590/972/608 582/969/606 222/973/606
f 222/973/606 582/969/606 220/956/597
f 591/974/609 589/970/607 590/971/389
f 591/975/610 590/972/608 224/976/611
f 224/976/611 590/972/608 222/973/606
f 592/977/612 589/970/607 591/974/609
f 593/978/613 592/977/612 591/974/609
f 594/979/614 593/978/613 591/974/609
f 594/980/615 591/975/610 226/981/616
f 226/981/616 591/975/610 224/976/611
f 595/982/617 594/980/615 228/983/618
f 595/984/619 593/978/613 594/979/614
f 228/983/618 594/980/615 226/981/616
f 598/985/620 596/986/621 595/984/619
f 596/986/621 593/978/613 595/984/619
f 597/987/622 595/982/617 232/988/623
f 597/989/255 598/985/620 595/984/619
f 232/988/623 595/982/617 230/990/624
f 230/990/624 595/982/617 228/983/618
f 599/991/625 603/992/626 598/985/620
f 599/991/625 598/985/620 600/993/627
f 600/993/627 598/985/620 601/994/628
f 601/994/628 598/985/620 602/995/251
f 602/995/251 598/985/620 597/989/255
f 598/985/620 603/992/626 596/986/621
f 603/992/626 593/978/613 596/986/621
f 603/992/626 604/996/629 593/978/613
f 605/997/630 604/996/629 603/992/626
f 605/997/630 603/992/626 606/998/256
f 606/998/256 603/992/626 607/999/631
f 607/999/631 603/992/626 599/991/625
f 606/1000/632 607/1001/633 610/1002/634
f 607/999/631 599/991/625 600/993/627
f 608/1003/635 607/999/631 600/993/627
f 607/1001/633 608/1004/636 609/1005/637
f 610/1002/634 607/1001/633 609/1005/637
f 611/1006/638 606/1000/632 610/1002/634
f 610/1002/634 309/399/262 611/1006/638
f 302/388/258 309/399/262 610/1002/634
f 609/1005/637 302/388/258 610/1002/634
f 612/1007/639 605/1008/640 611/1006/638
f 611/1006/638 310/400/263 612/1007/639
f 309/399/262 310/400/263 611/1006/638
f 605/1008/640 606/1000/632 611/1006/638
f 613/1009/641 614/1010/642 612/1007/639
f 612/1007/639 318/412/267 613/1009/641
f 310/400/263 318/412/267 612/1007/639
f 614/1010/642 605/1008/640 612/1007/639
f 614/1011/643 615/1012/644 605/997/630
f 616/1013/389 615/1012/644 614/1011/643
f 616/1014/645 614/1010/642 613/1009/641
f 617/1015/646 616/1014/645 619/1016/647
f 617/1017/266 580/949/592 616/1013/389
f 580/949/592 618/1018/648 616/1013/389
f 618/1018/648 615/1012/644 616/1013/389
f 619/1016/647 616/1014/645 613/1009/641
f 620/1019/649 617/1015/646 619/1016/647
f 619/1016/647 621/1020/650 620/1019/649
f 319/413/268 621/1020/650 619/1016/647
f 613/1009/641 319/413/268 619/1016/647
f 620/1019/649 621/1020/650 571/940/585
f 621/1020/650 326/424/272 571/940/585
f 319/413/268 320/414/4 621/1020/650
f 621/1020/650 320/414/4 326/424/272
f 571/940/585 576/1021/651 620/1019/649
f 576/1021/651 617/1015/646 620/1019/649
f 580/949/592 581/950/593 618/1018/648
f 581/950/593 589/970/607 618/1018/648
f 618/1018/648 589/970/607 615/1012/644
f 576/946/589 580/949/592 617/1017/266
f 589/970/607 592/977/612 615/1012/644
f 604/996/629 615/1012/644 592/977/612
f 615/1012/644 604/996/629 605/997/630
f 318/412/267 319/413/268 613/1009/641
f 622/1022/652 301/387/257 609/1005/637
f 609/1005/637 608/1004/636 622/1022/652
f 301/387/257 302/388/258 609/1005/637
f 623/1023/653 287/364/248 622/1022/652
f 622/1022/652 624/1024/654 623/1023/653
f 608/1004/636 624/1024/654 622/1022/652
f 287/364/248 293/375/253 622/1022/652
f 293/375/253 301/387/257 622/1022/652
f 600/993/627 625/1025/655 624/1026/250
f 625/1025/655 626/1027/656 624/1026/250
f 624/1026/250 626/1027/656 627/1028/657
f 624/1024/654 627/1029/658 628/1030/659
f 624/1026/250 608/1003/635 600/993/627
f 623/1023/653 624/1024/654 628/1030/659
f 628/1030/659 285/363/247 623/1023/653
f 277/352/244 285/363/247 628/1030/659
f 629/1031/660 277/352/244 628/1030/659
f 628/1030/659 627/1029/658 629/1031/660
f 278/354/245 277/352/244 629/1031/660
f 629/1031/660 630/1032/661 278/354/245
f 631/1033/662 630/1032/661 629/1031/660
f 629/1031/660 632/1034/663 631/1033/662
f 627/1029/658 632/1034/663 629/1031/660
f 627/1028/657 626/1027/656 632/1035/664
f 626/1027/656 633/1036/665 632/1035/664
f 634/1037/666 632/1035/664 633/1036/665
f 631/1038/241 632/1035/664 634/1037/666
f 634/1037/666 635/1039/667 638/1040/668
f 635/1039/667 634/1037/666 636/1041/669
f 636/1041/669 634/1037/666 637/1042/670
f 634/1037/666 633/1036/665 637/1042/670
f 631/1038/241 634/1037/666 638/1040/668
f 638/1043/671 630/1032/661 631/1033/662
f 635/1039/667 639/1044/672 638/1040/668
f 638/1040/668 639/1044/672 640/1045/238
f 638/1043/671 640/1046/673 641/1047/674
f 641/1047/674 630/1032/661 638/1043/671
f 642/1048/675 630/1032/661 641/1047/674
f 262/329/234 642/1048/675 641/1047/674
f 641/1047/674 640/1046/673 262/329/234
f 630/1032/661 642/1048/675 278/354/245
f 263/330/235 642/1048/675 262/329/234
f 263/330/235 268/338/4 642/1048/675
f 642/1048/675 268/338/4 278/354/245
f 640/1045/238 639/1044/672 258/322/227
f 640/1046/673 258/327/232 262/329/234
f 639/1044/672 635/1039/667 636/1041/669
f 254/319/224 639/1044/672 636/1041/669
f 256/318/223 639/1044/672 254/319/224
f 639/1044/672 256/318/223 258/322/227
f 644/1049/676 636/1041/669 637/1042/670
f 637/1042/670 633/1036/665 643/1050/677
f 637/1042/670 643/1050/677 644/1049/676
f 644/1049/676 643/1050/677 645/1051/664
f 644/1052/678 645/1053/679 242/1054/680
f 646/1055/240 636/1041/669 644/1049/676
f 646/1056/681 644/1052/678 244/1057/681
f 244/1057/681 644/1052/678 242/1054/680
f 646/1055/240 252/314/219 636/1041/669
f 252/313/218 646/1056/681 244/1057/681
f 643/1050/677 647/1058/682 645/1051/664
f 645/1053/679 647/1059/683 240/1060/684
f 242/1054/680 645/1053/679 240/1060/684
f 647/1059/683 648/1061/685 238/1062/686
f 647/1058/682 649/1063/687 648/1064/688
f 650/1065/689 649/1063/687 647/1058/682
f 643/1050/677 650/1065/689 647/1058/682
f 240/1060/684 647/1059/683 238/1062/686
f 625/1025/655 649/1063/687 650/1065/689
f 643/1050/677 626/1027/656 650/1065/689
f 626/1027/656 625/1025/655 650/1065/689
f 648/1064/688 649/1063/687 602/995/251
f 602/995/251 649/1063/687 601/994/628
f 601/994/628 649/1063/687 600/993/627
f 649/1063/687 625/1025/655 600/993/627
f 648/1061/685 602/1066/690 236/1067/691
f 238/1062/686 648/1061/685 236/1067/691
f 633/1036/665 626/1027/656 643/1050/677
f 636/1041/669 252/314/219 254/319/224
f 285/363/247 287/364/248 623/1023/653
f 593/978/613 604/996/629 592/977/612
f 602/1066/690 597/987/622 234/1068/690
f 236/1067/691 602/1066/690 234/1068/690
f 234/1068/690 597/987/622 232/988/623
f 576/946/589 577/947/590 580/949/592
f 572/939/584 576/1021/651 571/940/585
f 315/407/4 322/417/4 316/408/4
f 310/400/263 311/401/4 318/412/267
f 306/394/4 313/404/4 307/395/4
f 302/388/258 303/389/4 309/399/262
f 298/382/4 305/392/4 299/383/4
f 293/375/253 294/376/4 301/387/257
f 290/370/4 296/379/4 291/371/4
f 293/375/253 287/364/248 286/367/4
f 282/358/4 289/368/4 283/359/4
f 285/363/247 277/352/244 276/351/4
f 280/357/4 274/346/4 273/345/4
f 255/320/225 250/317/222 192/241/173
f 192/241/173 193/242/174 255/320/225
f 246/311/216 252/313/218 244/1057/681
f 250/317/222 201/251/180 192/241/173
f 201/253/182 250/312/217 205/258/186
f 212/968/603 197/967/605 210/1069/692
f 210/1069/692 199/255/184 202/256/185
f 197/967/605 199/255/184 210/1069/692
f 198/248/179 175/217/151 189/234/168
f 198/248/179 174/216/150 175/217/151
f 174/216/150 198/248/179 197/246/178
f 189/234/168 175/217/151 176/218/152
f 651/1070/77 653/1071/105 652/1072/693
f 654/1073/107 653/1074/105 651/1075/77
f 655/1076/118 656/1077/109 654/1073/107
f 656/1077/109 653/1074/105 654/1073/107
f 657/1078/119 656/1077/109 655/1076/118
f 658/1079/694 657/1078/119 655/1076/118
f 659/1080/695 658/1079/694 660/1081/696
f 660/1081/696 658/1079/694 661/1082/4
f 661/1082/4 658/1079/694 655/1076/118
f 652/1072/693 659/1080/695 660/1081/696
f 662/1083/697 659/1080/695 652/1072/693
f 653/1071/105 662/1083/697 652/1072/693
f 666/1084/120 663/1085/4 664/1086/87
f 663/1087/4 665/1088/122 664/1089/87
f 667/1090/123 666/1084/120 668/1091/698
f 668/1091/698 666/1084/120 664/1086/87
f 669/1092/699 667/1090/123 668/1091/698
f 670/1093/93 667/1090/123 669/1092/699
f 671/1094/700 672/1095/701 670/1093/93
f 672/1095/701 673/1096/99 670/1093/93
f 673/1096/99 667/1090/123 670/1093/93
f 665/1088/122 672/1095/701 674/1097/702
f 674/1097/702 672/1095/701 671/1094/700
f 664/1089/87 665/1088/122 674/1097/702
f 675/1098/77 677/1099/105 676/1100/106
f 678/1101/107 677/1102/105 675/1103/77
f 679/1104/703 680/1105/109 678/1101/107
f 680/1105/109 677/1102/105 678/1101/107
f 681/1106/704 680/1105/109 679/1104/703
f 682/1107/705 681/1106/704 679/1104/703
f 683/1108/706 682/1107/705 684/1109/707
f 684/1109/707 682/1107/705 685/1110/4
f 685/1110/4 682/1107/705 679/1104/703
f 676/1100/106 683/1108/706 684/1109/707
f 686/1111/115 683/1108/706 676/1100/106
f 677/1099/105 686/1111/115 676/1100/106
f 687/1112/708 689/1113/709 688/1114/710
f 690/1115/711 689/1116/709 687/1117/708
f 691/1118/712 692/1119/713 690/1115/711
f 692/1119/713 689/1116/709 690/1115/711
f 693/1120/714 692/1119/713 691/1118/712
f 694/1121/715 693/1120/714 691/1118/712
f 695/1122/716 694/1121/715 696/1123/717
f 696/1123/717 694/1121/715 697/1124/718
f 697/1124/718 694/1121/715 691/1118/712
f 688/1114/710 698/1125/719 696/1123/717
f 698/1125/719 695/1122/716 696/1123/717
f 689/1113/709 698/1125/719 688/1114/710
f 699/1126/708 701/1127/720 700/1128/721
f 702/1129/711 701/1130/720 699/1131/708
f 703/1132/712 704/1133/722 702/1129/711
f 704/1133/722 701/1130/720 702/1129/711
f 705/1134/714 704/1133/722 703/1132/712
f 706/1135/715 705/1134/714 703/1132/712
f 707/1136/716 706/1135/715 708/1137/717
f 708/1137/717 706/1135/715 709/1138/723
f 709/1138/723 706/1135/715 703/1132/712
f 700/1128/721 710/1139/719 708/1137/717
f 710/1139/719 707/1136/716 708/1137/717
f 701/1127/720 710/1139/719 700/1128/721
f 711/1140/708 713/1141/709 712/1142/724
f 714/1143/711 713/1144/709 711/1145/708
f 715/1146/712 716/1147/725 714/1143/711
f 716/1147/725 713/1144/709 714/1143/711
f 717/1148/714 716/1147/725 715/1146/712
f 718/1149/726 717/1148/714 715/1146/712
f 719/1150/727 718/1149/726 720/1151/717
f 720/1151/717 718/1149/726 721/1152/718
f 721/1152/718 718/1149/726 715/1146/712
f 712/1142/724 722/1153/719 720/1151/717
f 722/1153/719 719/1150/727 720/1151/717
f 713/1141/709 722/1153/719 712/1142/724
f 723/1154/77 725/1155/728 724/1156/729
f 726/1157/84 725/1158/728 723/1159/77
f 727/1160/730 728/1161/85 726/1157/84
f 728/1161/85 725/1158/728 726/1157/84
f 729/1162/731 728/1161/85 727/1160/730
f 730/1163/102 729/1162/731 727/1160/730
f 731/1164/732 730/1163/102 732/1165/733
f 732/1165/733 730/1163/102 733/1166/734
f 733/1166/734 730/1163/102 727/1160/730
f 724/1156/729 731/1164/732 732/1165/733
f 734/1167/735 731/1164/732 724/1156/729
f 725/1155/728 734/1167/735 724/1156/729
f 735/1168/708 737/1169/720 736/1170/710
f 738/1171/736 737/1172/720 735/1173/708
f 739/1174/712 740/1175/737 738/1171/736
f 740/1175/737 737/1172/720 738/1171/736
f 741/1176/738 740/1175/737 739/1174/712
f 742/1177/739 741/1176/738 739/1174/712
f 743/1178/727 742/1177/739 744/1179/740
f 744/1179/740 742/1177/739 745/1180/718
f 745/1180/718 742/1177/739 739/1174/712
f 736/1170/710 743/1178/727 744/1179/740
f 746/1181/719 743/1178/727 736/1170/710
f 737/1169/720 746/1181/719 736/1170/710
f 747/1182/77 749/1183/76 748/1184/729
f 750/1185/104 749/1186/76 747/1187/77
f 751/1188/730 752/1189/85 750/1185/104
f 752/1189/85 749/1186/76 750/1185/104
f 753/1190/741 752/1189/85 751/1188/730
f 754/1191/102 753/1190/741 751/1188/730
f 755/1192/732 754/1191/102 756/1193/733
f 756/1193/733 754/1191/102 757/1194/4
f 757/1194/4 754/1191/102 751/1188/730
f 748/1184/729 755/1192/732 756/1193/733
f 758/1195/74 755/1192/732 748/1184/729
f 749/1183/76 758/1195/74 748/1184/729
f 762/1196/721 759/1197/708 760/1198/742
f 759/1199/708 761/1200/743 760/1201/742
f 763/1202/744 762/1196/721 764/1203/745
f 764/1203/745 762/1196/721 760/1198/742
f 765/1204/746 763/1202/744 764/1203/745
f 766/1205/715 763/1202/744 765/1204/746
f 767/1206/747 768/1207/712 766/1205/715
f 768/1207/712 769/1208/77 766/1205/715
f 769/1208/77 763/1202/744 766/1205/715
f 761/1200/743 768/1207/712 770/1209/725
f 770/1209/725 768/1207/712 767/1206/747
f 760/1201/742 761/1200/743 770/1209/725
f 771/1210/748 773/1211/749 772/1212/750
f 774/1213/84 773/1214/749 771/1215/748
f 775/1216/82 776/1217/85 774/1213/84
f 776/1217/85 773/1214/749 774/1213/84
f 777/1218/751 776/1217/85 775/1216/82
f 778/1219/102 777/1218/751 775/1216/82
f 779/1220/752 778/1219/102 780/1221/753
f 780/1221/753 778/1219/102 781/1222/4
f 781/1222/4 778/1219/102 775/1216/82
f 772/1212/750 779/1220/752 780/1221/753
f 782/1223/754 779/1220/752 772/1212/750
f 773/1211/749 782/1223/754 772/1212/750
f 783/1224/77 785/1225/131 784/1226/755
f 786/1227/756 785/1228/131 783/1229/77
f 787/1230/135 788/1231/137 786/1227/756
f 788/1231/137 785/1228/131 786/1227/756
f 789/1232/757 788/1231/137 787/1230/135
f 790/1233/758 789/1232/757 787/1230/135
f 791/1234/133 790/1233/758 792/1235/759
f 792/1235/759 790/1233/758 793/1236/4
f 793/1236/4 790/1233/758 787/1230/135
f 784/1226/755 791/1234/133 792/1235/759
f 794/1237/760 791/1234/133 784/1226/755
f 785/1225/131 794/1237/760 784/1226/755
f 798/1238/761 795/1239/4 796/1240/762
f 795/1241/4 797/1242/763 796/1243/762
f 799/1244/764 798/1238/761 800/1245/765
f 800/1245/765 798/1238/761 796/1240/762
f 801/1246/766 799/1244/764 800/1245/765
f 802/1247/767 799/1244/764 801/1246/766
f 803/1248/768 804/1249/769 802/1247/767
f 804/1249/769 805/1250/770 802/1247/767
f 805/1250/770 799/1244/764 802/1247/767
f 797/1242/763 804/1249/769 803/1248/768
f 806/1251/771 797/1242/763 803/1248/768
f 796/1243/762 797/1242/763 806/1251/771
f 810/1252/772 807/1253/4 808/1254/762
f 807/1255/4 809/1256/763 808/1257/762
f 811/1258/773 810/1252/772 812/1259/765
f 812/1259/765 810/1252/772 808/1254/762
f 813/1260/766 811/1258/773 812/1259/765
f 814/1261/767 811/1258/773 813/1260/766
f 815/1262/768 816/1263/769 814/1261/767
f 816/1263/769 817/1264/77 814/1261/767
f 817/1264/77 811/1258/773 814/1261/767
f 809/1256/763 816/1263/769 818/1265/771
f 818/1265/771 816/1263/769 815/1262/768
f 808/1257/762 809/1256/763 818/1265/771
f 819/1266/77 821/1267/774 820/1268/775
f 822/1269/776 821/1270/774 819/1271/77
f 823/1272/777 824/1273/137 822/1269/776
f 824/1273/137 821/1270/774 822/1269/776
f 825/1274/778 824/1273/137 823/1272/777
f 826/1275/779 825/1274/778 823/1272/777
f 827/1276/133 826/1275/779 828/1277/780
f 828/1277/780 826/1275/779 829/1278/4
f 829/1278/4 826/1275/779 823/1272/777
f 820/1268/775 830/1279/781 828/1277/780
f 830/1279/781 827/1276/133 828/1277/780
f 821/1267/774 830/1279/781 820/1268/775
f 834/1280/782 831/1281/4 832/1282/783
f 831/1283/4 833/1284/763 832/1285/783
f 835/1286/784 834/1280/782 836/1287/765
f 836/1287/765 834/1280/782 832/1282/783
f 837/1288/766 835/1286/784 836/1287/765
f 838/1289/785 835/1286/784 837/1288/766
f 839/1290/768 840/1291/786 838/1289/785
f 840/1291/786 841/1292/77 838/1289/785
f 841/1292/77 835/1286/784 838/1289/785
f 833/1284/763 840/1291/786 842/1293/787
f 842/1293/787 840/1291/786 839/1290/768
f 832/1285/783 833/1284/763 842/1293/787
f 846/1294/788 843/1295/789 844/1296/790
f 843/1295/789 845/1297/791 844/1296/790
f 847/1298/792 843/1295/789 846/1294/788
f 846/1294/788 848/1299/793 847/1298/792
f 848/1299/793 849/1300/794 847/1298/792
f 847/1298/792 849/1300/794 850/1301/795
f 850/1301/795 849/1300/794 851/1302/796
f 849/1300/794 852/1303/797 851/1302/796
f 851/1302/796 852/1303/797 853/1304/798
f 852/1303/797 854/1305/799 853/1304/798
f 854/1305/799 844/1306/790 853/1304/798
f 853/1304/798 844/1306/790 845/1307/791
f 858/1308/800 855/1309/4 856/1310/762
f 855/1311/4 857/1312/801 856/1313/762
f 859/1314/802 858/1308/800 860/1315/803
f 860/1315/803 858/1308/800 856/1310/762
f 861/1316/804 859/1314/802 860/1315/803
f 862/1317/805 859/1314/802 861/1316/804
f 863/1318/768 864/1319/786 862/1317/805
f 864/1319/786 865/1320/806 862/1317/805
f 865/1320/806 859/1314/802 862/1317/805
f 857/1312/801 864/1319/786 863/1318/768
f 866/1321/787 857/1312/801 863/1318/768
f 856/1313/762 857/1312/801 866/1321/787
f 870/1322/788 867/1323/807 868/1324/808
f 867/1323/807 869/1325/791 868/1324/808
f 871/1326/792 867/1323/807 870/1322/788
f 870/1322/788 872/1327/809 871/1326/792
f 872/1327/809 873/1328/794 871/1326/792
f 871/1326/792 873/1328/794 874/1329/795
f 874/1329/795 873/1328/794 875/1330/796
f 873/1328/794 876/1331/810 875/1330/796
f 875/1330/796 876/1331/810 877/1332/798
f 876/1331/810 878/1333/799 877/1332/798
f 878/1333/799 868/1334/808 877/1332/798
f 877/1332/798 868/1334/808 869/1335/791
f 882/1336/811 879/1337/812 880/1338/813
f 879/1337/812 881/1339/814 880/1338/813
f 883/1340/815 879/1337/812 882/1336/811
f 882/1336/811 884/1341/816 883/1340/815
f 884/1341/816 885/1342/817 883/1340/815
f 883/1340/815 885/1342/817 886/1343/818
f 886/1343/818 885/1342/817 887/1344/819
f 885/1342/817 888/1345/820 887/1344/819
f 887/1344/819 888/1345/820 889/1346/821
f 888/1345/820 890/1347/822 889/1346/821
f 890/1347/822 880/1348/813 889/1346/821
f 889/1346/821 880/1348/813 881/1349/814
f 891/1350/823 893/1351/808 892/1352/77
f 894/1353/824 893/1351/808 891/1350/823
f 895/1354/825 894/1353/824 891/1350/823
f 894/1353/824 895/1354/825 896/1355/826
f 896/1355/826 895/1354/825 897/1356/827
f 895/1354/825 898/1357/4 897/1356/827
f 898/1357/4 899/1358/828 897/1356/827
f 897/1356/827 899/1358/828 900/1359/829
f 899/1358/828 901/1360/830 900/1359/829
f 900/1359/829 901/1360/830 902/1361/831
f 902/1361/831 901/1360/830 893/1362/808
f 901/1360/830 892/1363/77 893/1362/808
f 903/1364/832 905/1365/833 904/1366/4
f 906/1367/834 905/1365/833 903/1364/832
f 907/1368/835 906/1367/834 903/1364/832
f 908/1369/836 907/1368/835 903/1364/832
f 909/1370/837 907/1368/835 908/1369/836
f 910/1371/77 909/1370/837 908/1369/836
f 911/1372/838 909/1370/837 910/1371/77
f 912/1373/839 909/1370/837 911/1372/838
f 913/1374/840 912/1373/839 911/1372/838
f 914/1375/841 913/1374/840 911/1372/838
f 905/1376/833 913/1374/840 914/1375/841
f 904/1377/4 905/1376/833 914/1375/841
f 915/1378/823 917/1379/808 916/1380/77
f 918/1381/824 917/1379/808 915/1378/823
f 919/1382/842 918/1381/824 915/1378/823
f 920/1383/826 918/1381/824 919/1382/842
f 921/1384/843 920/1383/826 919/1382/842
f 922/1385/4 921/1384/843 919/1382/842
f 923/1386/844 921/1384/843 922/1385/4
f 924/1387/829 921/1384/843 923/1386/844
f 925/1388/845 924/1387/829 923/1386/844
f 926/1389/846 924/1387/829 925/1388/845
f 917/1390/808 926/1389/846 925/1388/845
f 916/1391/77 917/1390/808 925/1388/845
f 927/1392/847 929/1393/808 928/1394/77
f 930/1395/848 929/1393/808 927/1392/847
f 931/1396/842 930/1395/848 927/1392/847
f 932/1397/826 930/1395/848 931/1396/842
f 933/1398/843 932/1397/826 931/1396/842
f 934/1399/4 933/1398/843 931/1396/842
f 935/1400/844 933/1398/843 934/1399/4
f 936/1401/849 933/1398/843 935/1400/844
f 937/1402/850 936/1401/849 935/1400/844
f 938/1403/851 937/1402/850 935/1400/844
f 929/1404/808 937/1402/850 938/1403/851
f 928/1405/77 929/1404/808 938/1403/851
f 939/1406/852 941/1407/808 940/1408/77
f 942/1409/853 941/1407/808 939/1406/852
f 943/1410/854 942/1409/853 939/1406/852
f 944/1411/855 943/1410/854 939/1406/852
f 945/1412/827 943/1410/854 944/1411/855
f 946/1413/4 945/1412/827 944/1411/855
f 947/1414/856 945/1412/827 946/1413/4
f 948/1415/829 945/1412/827 947/1414/856
f 949/1416/857 948/1415/829 947/1414/856
f 950/1417/858 948/1415/829 949/1416/857
f 941/1418/808 950/1417/858 949/1416/857
f 940/1419/77 941/1418/808 949/1416/857
f 954/1420/859 951/1421/860 952/1422/861
f 951/1421/860 953/1423/862 952/1422/861
f 955/1424/863 951/1421/860 954/1420/859
f 954/1420/859 956/1425/864 955/1424/863
f 956/1425/864 957/1426/865 955/1424/863
f 955/1424/863 957/1426/865 958/1427/866
f 958/1427/866 957/1426/865 959/1428/867
f 957/1426/865 960/1429/868 959/1428/867
f 959/1428/867 960/1429/868 961/1430/869
f 960/1429/868 962/1431/870 961/1430/869
f 962/1431/870 952/1432/861 961/1430/869
f 961/1430/869 952/1432/861 953/1433/862
f 963/1434/871 965/1435/872 964/1436/77
f 966/1437/137 965/1435/872 963/1434/871
f 967/1438/873 966/1437/137 963/1434/871
f 968/1439/136 966/1437/137 967/1438/873
f 969/1440/758 968/1439/136 967/1438/873
f 970/1441/4 969/1440/758 967/1438/873
f 971/1442/874 969/1440/758 970/1441/4
f 972/1443/133 969/1440/758 971/1442/874
f 973/1444/129 972/1443/133 971/1442/874
f 974/1445/130 973/1444/129 971/1442/874
f 965/1446/872 973/1444/129 974/1445/130
f 964/1447/77 965/1446/872 974/1445/130
f 978/1448/875 975/1449/876 976/1450/76
f 975/1449/876 977/1451/877 976/1450/76
f 979/1452/863 975/1449/876 978/1448/875
f 978/1448/875 980/1453/864 979/1452/863
f 980/1453/864 981/1454/878 979/1452/863
f 979/1452/863 981/1454/878 982/1455/879
f 982/1455/879 981/1454/878 983/1456/880
f 981/1454/878 984/1457/881 983/1456/880
f 984/1457/881 985/1458/882 983/1456/880
f 983/1456/880 985/1458/882 986/1459/883
f 985/1458/882 976/1460/76 986/1459/883
f 986/1459/883 976/1460/76 977/1461/877
f 990/1462/884 987/1463/885 988/1464/886
f 987/1463/885 989/1465/887 988/1464/886
f 991/1466/888 987/1463/885 990/1462/884
f 990/1462/884 992/1467/889 991/1466/888
f 992/1467/889 993/1468/794 991/1466/888
f 991/1466/888 993/1468/794 994/1469/890
f 994/1469/890 993/1468/794 995/1470/891
f 993/1468/794 996/1471/892 995/1470/891
f 995/1470/891 996/1471/892 997/1472/893
f 996/1471/892 998/1473/894 997/1472/893
f 998/1473/894 988/1474/886 997/1472/893
f 997/1472/893 988/1474/886 989/1475/887
f 1002/1476/895 999/1477/896 1000/1478/105
f 999/1477/896 1001/1479/897 1000/1478/105
f 1003/1480/898 999/1477/896 1002/1476/895
f 1002/1476/895 1004/1481/899 1003/1480/898
f 1004/1481/899 1005/1482/111 1003/1480/898
f 1003/1480/898 1005/1482/111 1006/1483/900
f 1006/1483/900 1005/1482/111 1007/1484/901
f 1005/1482/111 1008/1485/902 1007/1484/901
f 1007/1484/901 1008/1485/902 1009/1486/903
f 1008/1485/902 1010/1487/904 1009/1486/903
f 1010/1487/904 1000/1488/105 1009/1486/903
f 1009/1486/903 1000/1488/105 1001/1489/897
f 1014/1490/905 1011/1491/906 1012/1492/105
f 1011/1491/906 1013/1493/897 1012/1492/105
f 1015/1494/898 1011/1491/906 1014/1490/905
f 1014/1490/905 1016/1495/907 1015/1494/898
f 1016/1495/907 1017/1496/908 1015/1494/898
f 1015/1494/898 1017/1496/908 1018/1497/900
f 1018/1497/900 1017/1496/908 1019/1498/909
f 1017/1496/908 1020/1499/910 1019/1498/909
f 1020/1499/910 1021/1500/904 1019/1498/909
f 1019/1498/909 1021/1500/904 1022/1501/911
f 1021/1500/904 1012/1502/105 1022/1501/911
f 1022/1501/911 1012/1502/105 1013/1503/897
f 1023/1504/897 1025/1505/912 1024/1506/906
f 1026/1507/911 1025/1508/912 1023/1509/897
f 1027/1510/909 1028/1511/904 1026/1507/911
f 1028/1511/904 1025/1508/912 1026/1507/911
f 1029/1512/902 1028/1511/904 1027/1510/909
f 1030/1513/111 1029/1512/902 1027/1510/909
f 1031/1514/913 1030/1513/111 1032/1515/914
f 1032/1515/914 1030/1513/111 1033/1516/900
f 1033/1516/900 1030/1513/111 1027/1510/909
f 1024/1506/906 1031/1514/913 1032/1515/914
f 1034/1517/915 1031/1514/913 1024/1506/906
f 1025/1505/912 1034/1517/915 1024/1506/906
f 1038/1518/916 1035/1519/917 1036/1520/918
f 1035/1521/917 1037/1522/919 1036/1523/918
f 1039/1524/920 1038/1518/916 1040/1525/921
f 1040/1525/921 1038/1518/916 1036/1520/918
f 1041/1526/922 1039/1524/920 1040/1525/921
f 1042/1527/715 1039/1524/920 1041/1526/922
f 1043/1528/923 1044/1529/924 1042/1527/715
f 1044/1529/924 1045/1530/99 1042/1527/715
f 1045/1530/99 1039/1524/920 1042/1527/715
f 1037/1522/919 1044/1529/924 1043/1528/923
f 1046/1531/925 1037/1522/919 1043/1528/923
f 1036/1523/918 1037/1522/919 1046/1531/925
f 1047/1532/926 1049/1533/105 1048/1534/906
f 1050/1535/911 1049/1536/105 1047/1537/926
f 1051/1538/909 1052/1539/904 1050/1535/911
f 1052/1539/904 1049/1536/105 1050/1535/911
f 1053/1540/910 1052/1539/904 1051/1538/909
f 1054/1541/694 1053/1540/910 1051/1538/909
f 1055/1542/907 1054/1541/694 1056/1543/927
f 1056/1543/927 1054/1541/694 1057/1544/928
f 1057/1544/928 1054/1541/694 1051/1538/909
f 1048/1534/906 1055/1542/907 1056/1543/927
f 1058/1545/929 1055/1542/907 1048/1534/906
f 1049/1533/105 1058/1545/929 1048/1534/906
f 1059/1546/930 1061/1547/931 1060/1548/932
f 1062/1549/919 1061/1550/931 1059/1551/930
f 1063/1552/933 1064/1553/925 1062/1549/919
f 1064/1553/925 1061/1550/931 1062/1549/919
f 1065/1554/934 1064/1553/925 1063/1552/933
f 1066/1555/935 1065/1554/934 1063/1552/933
f 1067/1556/936 1066/1555/935 1068/1557/937
f 1068/1557/937 1066/1555/935 1069/1558/938
f 1069/1558/938 1066/1555/935 1063/1552/933
f 1060/1548/932 1070/1559/939 1068/1557/937
f 1070/1559/939 1067/1556/936 1068/1557/937
f 1061/1547/931 1070/1559/939 1060/1548/932
f 1071/1560/930 1073/1561/940 1072/1562/941
f 1074/1563/942 1073/1564/940 1071/1565/930
f 1075/1566/943 1076/1567/944 1074/1563/942
f 1076/1567/944 1077/1568/925 1074/1563/942
f 1077/1568/925 1073/1564/940 1074/1563/942
f 1078/1569/715 1076/1567/944 1075/1566/943
f 1079/1570/922 1078/1569/715 1080/1571/920
f 1080/1571/920 1078/1569/715 1081/1572/938
f 1081/1572/938 1078/1569/715 1075/1566/943
f 1072/1562/941 1082/1573/945 1080/1571/920
f 1082/1573/945 1079/1570/922 1080/1571/920
f 1073/1561/940 1082/1573/945 1072/1562/941
f 1083/1574/926 1085/1575/912 1084/1576/896
f 1086/1577/903 1085/1578/912 1083/1579/926
f 1087/1580/909 1088/1581/904 1086/1577/903
f 1088/1581/904 1085/1578/912 1086/1577/903
f 1089/1582/902 1088/1581/904 1087/1580/909
f 1090/1583/111 1089/1582/902 1087/1580/909
f 1091/1584/907 1090/1583/111 1092/1585/914
f 1092/1585/914 1090/1583/111 1093/1586/928
f 1093/1586/928 1090/1583/111 1087/1580/909
f 1084/1576/896 1091/1584/907 1092/1585/914
f 1094/1587/929 1091/1584/907 1084/1576/896
f 1085/1575/912 1094/1587/929 1084/1576/896
f 1095/1588/930 1097/1589/946 1096/1590/941
f 1098/1591/919 1097/1592/946 1095/1593/930
f 1099/1594/924 1100/1595/934 1098/1591/919
f 1100/1595/934 1101/1596/925 1098/1591/919
f 1101/1596/925 1097/1592/946 1098/1591/919
f 1102/1597/947 1100/1595/934 1099/1594/924
f 1103/1598/948 1102/1597/947 1104/1599/920
f 1104/1599/920 1102/1597/947 1105/1600/938
f 1105/1600/938 1102/1597/947 1099/1594/924
f 1096/1590/941 1103/1598/948 1104/1599/920
f 1106/1601/921 1103/1598/948 1096/1590/941
f 1097/1589/946 1106/1601/921 1096/1590/941
f 1107/1602/949 1109/1603/950 1108/1604/916
f 1110/1605/942 1109/1606/950 1107/1607/949
f 1111/1608/933 1112/1609/925 1110/1605/942
f 1112/1609/925 1109/1606/950 1110/1605/942
f 1113/1610/934 1112/1609/925 1111/1608/933
f 1114/1611/715 1113/1610/934 1111/1608/933
f 1115/1612/922 1114/1611/715 1116/1613/951
f 1116/1613/951 1114/1611/715 1117/1614/938
f 1117/1614/938 1114/1611/715 1111/1608/933
f 1108/1604/916 1118/1615/921 1116/1613/951
f 1118/1615/921 1115/1612/922 1116/1613/951
f 1109/1603/950 1118/1615/921 1108/1604/916
f 1119/1616/952 1121/1617/953 1120/1618/954
f 1122/1619/863 1121/1620/953 1119/1621/952
f 1123/1622/876 1124/1623/955 1122/1619/863
f 1124/1623/955 1125/1624/864 1122/1619/863
f 1125/1624/864 1121/1620/953 1122/1619/863
f 1126/1625/956 1124/1623/955 1123/1622/876
f 1127/1626/957 1126/1625/956 1128/1627/958
f 1128/1627/958 1126/1625/956 1129/1628/959
f 1129/1628/959 1126/1625/956 1123/1622/876
f 1120/1618/954 1130/1629/960 1128/1627/958
f 1130/1629/960 1127/1626/957 1128/1627/958
f 1121/1617/953 1130/1629/960 1120/1618/954
f 1131/1630/961 1133/1631/962 1132/1632/891
f 1134/1633/888 1133/1634/962 1131/1635/961
f 1135/1636/963 1136/1637/889 1134/1633/888
f 1136/1637/889 1133/1634/962 1134/1633/888
f 1137/1638/964 1136/1637/889 1135/1636/963
f 1138/1639/886 1137/1638/964 1135/1636/963
f 1139/1640/965 1138/1639/886 1140/1641/966
f 1140/1641/966 1138/1639/886 1141/1642/967
f 1141/1642/967 1138/1639/886 1135/1636/963
f 1132/1632/891 1142/1643/968 1140/1641/966
f 1142/1643/968 1139/1640/965 1140/1641/966
f 1133/1631/962 1142/1643/968 1132/1632/891
f 1143/1644/969 1145/1645/76 1144/1646/860
f 1146/1647/970 1145/1648/76 1143/1649/969
f 1147/1650/971 1148/1651/882 1146/1647/970
f 1148/1651/882 1145/1648/76 1146/1647/970
f 1149/1652/972 1148/1651/882 1147/1650/971
f 1150/1653/865 1149/1652/972 1147/1650/971
f 1151/1654/864 1150/1653/865 1152/1655/863
f 1152/1655/863 1150/1653/865 1153/1656/879
f 1153/1656/879 1150/1653/865 1147/1650/971
f 1144/1646/860 1151/1654/864 1152/1655/863
f 1154/1657/955 1151/1654/864 1144/1646/860
f 1145/1645/76 1154/1657/955 1144/1646/860
f 1158/1658/973 1155/1659/974 1156/1660/794
f 1155/1661/974 1157/1662/888 1156/1663/794
f 1159/1664/893 1158/1658/973 1160/1665/975
f 1160/1665/975 1158/1658/973 1156/1660/794
f 1161/1666/976 1159/1664/893 1160/1665/975
f 1162/1667/886 1159/1664/893 1161/1666/976
f 1163/1668/884 1164/1669/963 1162/1667/886
f 1164/1669/963 1165/1670/77 1162/1667/886
f 1165/1670/77 1159/1664/893 1162/1667/886
f 1157/1662/888 1164/1669/963 1166/1671/977
f 1166/1671/977 1164/1669/963 1163/1668/884
f 1156/1663/794 1157/1662/888 1166/1671/977
f 1167/1672/978 1169/1673/102 1168/1674/979
f 1170/1675/863 1169/1676/102 1167/1677/978
f 1171/1678/980 1172/1679/955 1170/1675/863
f 1172/1679/955 1173/1680/864 1170/1675/863
f 1173/1680/864 1169/1676/102 1170/1675/863
f 1174/1681/728 1172/1679/955 1171/1678/980
f 1175/1682/981 1174/1681/728 1176/1683/883
f 1176/1683/883 1174/1681/728 1177/1684/982
f 1177/1684/982 1174/1681/728 1171/1678/980
f 1168/1674/979 1175/1682/981 1176/1683/883
f 1178/1685/972 1175/1682/981 1168/1674/979
f 1169/1673/102 1178/1685/972 1168/1674/979
f 1182/1686/983 1179/1687/961 1180/1688/962
f 1179/1689/961 1181/1690/984 1180/1691/962
f 1183/1692/985 1182/1686/983 1184/1693/986
f 1184/1693/986 1182/1686/983 1180/1688/962
f 1185/1694/965 1183/1692/985 1184/1693/986
f 1186/1695/886 1183/1692/985 1185/1694/965
f 1187/1696/884 1188/1697/963 1186/1695/886
f 1188/1697/963 1189/1698/77 1186/1695/886
f 1189/1698/77 1183/1692/985 1186/1695/886
f 1181/1690/984 1188/1697/963 1187/1696/884
f 1190/1699/889 1181/1690/984 1187/1696/884
f 1180/1691/962 1181/1690/984 1190/1699/889
f 1194/1700/819 1191/1701/987 1192/1702/988
f 1191/1703/987 1193/1704/815 1192/1705/988
f 1195/1706/821 1194/1700/819 1196/1707/820
f 1196/1707/820 1194/1700/819 1192/1702/988
f 1197/1708/822 1195/1706/821 1196/1707/820
f 1198/1709/989 1195/1706/821 1197/1708/822
f 1199/1710/990 1200/1711/991 1198/1709/989
f 1200/1711/991 1201/1712/992 1198/1709/989
f 1201/1712/992 1195/1706/821 1198/1709/989
f 1193/1704/815 1200/1711/991 1199/1710/990
f 1202/1713/816 1193/1704/815 1199/1710/990
f 1192/1705/988 1193/1704/815 1202/1713/816
f 1206/1714/993 1203/1715/961 1204/1716/994
f 1203/1717/961 1205/1718/888 1204/1719/994
f 1207/1720/893 1206/1714/993 1208/1721/975
f 1208/1721/975 1206/1714/993 1204/1716/994
f 1209/1722/965 1207/1720/893 1208/1721/975
f 1210/1723/886 1207/1720/893 1209/1722/965
f 1211/1724/884 1212/1725/963 1210/1723/886
f 1212/1725/963 1213/1726/77 1210/1723/886
f 1213/1726/77 1207/1720/893 1210/1723/886
f 1205/1718/888 1212/1725/963 1214/1727/889
f 1214/1727/889 1212/1725/963 1211/1724/884
f 1204/1719/994 1205/1718/888 1214/1727/889
f 1218/1728/819 1215/1729/995 1216/1730/996
f 1215/1731/995 1217/1732/815 1216/1733/996
f 1219/1734/821 1218/1728/819 1220/1735/822
f 1220/1735/822 1218/1728/819 1221/1736/997
f 1221/1736/997 1218/1728/819 1216/1730/996
f 1222/1737/813 1219/1734/821 1220/1735/822
f 1223/1738/811 1224/1739/998 1222/1737/813
f 1224/1739/998 1225/1740/999 1222/1737/813
f 1225/1740/999 1219/1734/821 1222/1737/813
f 1217/1732/815 1224/1739/998 1223/1738/811
f 1226/1741/1000 1217/1732/815 1223/1738/811
f 1216/1733/996 1217/1732/815 1226/1741/1000
f 1230/1742/1001 1227/1743/144 1228/1744/1002
f 1227/1745/144 1229/1746/1003 1228/1747/1002
f 1231/1748/1004 1230/1742/1001 1232/1749/1005
f 1232/1749/1005 1230/1742/1001 1228/1744/1002
f 1233/1750/1006 1231/1748/1004 1232/1749/1005
f 1234/1751/1007 1231/1748/1004 1233/1750/1006
f 1235/1752/1008 1236/1753/1009 1234/1751/1007
f 1236/1753/1009 1237/1754/1010 1234/1751/1007
f 1237/1754/1010 1231/1748/1004 1234/1751/1007
f 1229/1746/1003 1236/1753/1009 1238/1755/1011
f 1238/1755/1011 1236/1753/1009 1235/1752/1008
f 1228/1747/1002 1229/1746/1003 1238/1755/1011
f 1242/1756/1012 1239/1757/987 1240/1758/988
f 1239/1759/987 1241/1760/1013 1240/1761/988
f 1243/1762/1014 1242/1756/1012 1244/1763/822
f 1244/1763/822 1242/1756/1012 1245/1764/1015
f 1245/1764/1015 1242/1756/1012 1240/1758/988
f 1246/1765/813 1243/1762/1014 1244/1763/822
f 1247/1766/1016 1248/1767/1017 1246/1765/813
f 1248/1767/1017 1249/1768/992 1246/1765/813
f 1249/1768/992 1243/1762/1014 1246/1765/813
f 1241/1760/1013 1248/1767/1017 1250/1769/816
f 1250/1769/816 1248/1767/1017 1247/1766/1016
f 1240/1761/988 1241/1760/1013 1250/1769/816
f 1254/1770/1018 1251/1771/77 1252/1772/1019
f 1251/1773/77 1253/1774/838 1252/1775/1019
f 1255/1776/1020 1254/1770/1018 1256/1777/1021
f 1256/1777/1021 1254/1770/1018 1252/1772/1019
f 1257/1778/834 1255/1776/1020 1256/1777/1021
f 1258/1779/1022 1255/1776/1020 1257/1778/834
f 1259/1780/1023 1260/1781/1024 1258/1779/1022
f 1260/1781/1024 1261/1782/4 1258/1779/1022
f 1261/1782/4 1255/1776/1020 1258/1779/1022
f 1253/1774/838 1260/1781/1024 1262/1783/1025
f 1262/1783/1025 1260/1781/1024 1259/1780/1023
f 1252/1775/1019 1253/1774/838 1262/1783/1025
f 1266/1784/1026 1263/1785/1027 1264/1786/962
f 1263/1787/1027 1265/1788/792 1264/1789/962
f 1267/1790/798 1266/1784/1026 1268/1791/1028
f 1268/1791/1028 1266/1784/1026 1264/1786/962
f 1269/1792/799 1267/1790/798 1268/1791/1028
f 1270/1793/886 1267/1790/798 1269/1792/799
f 1271/1794/1029 1272/1795/1030 1270/1793/886
f 1272/1795/1030 1273/1796/1031 1270/1793/886
f 1273/1796/1031 1267/1790/798 1270/1793/886
f 1265/1788/792 1272/1795/1030 1271/1794/1029
f 1274/1797/1032 1265/1788/792 1271/1794/1029
f 1264/1789/962 1265/1788/792 1274/1797/1032
f 1275/1798/77 1277/1799/1033 1276/1800/1034
f 1278/1801/1035 1277/1802/1033 1275/1803/77
f 1279/1804/1036 1280/1805/1037 1278/1801/1035
f 1280/1805/1037 1277/1802/1033 1278/1801/1035
f 1281/1806/1038 1280/1805/1037 1279/1804/1036
f 1282/1807/1039 1281/1806/1038 1279/1804/1036
f 1283/1808/1040 1282/1807/1039 1284/1809/1041
f 1284/1809/1041 1282/1807/1039 1285/1810/4
f 1285/1810/4 1282/1807/1039 1279/1804/1036
f 1276/1800/1034 1283/1808/1040 1284/1809/1041
f 1286/1811/1042 1283/1808/1040 1276/1800/1034
f 1277/1799/1033 1286/1811/1042 1276/1800/1034
f 1287/1812/77 1289/1813/1043 1288/1814/1034
f 1290/1815/1044 1289/1816/1043 1287/1817/77
f 1291/1818/1045 1292/1819/1046 1290/1815/1044
f 1292/1819/1046 1293/1820/1047 1290/1815/1044
f 1293/1820/1047 1289/1816/1043 1290/1815/1044
f 1294/1821/1048 1292/1819/1046 1291/1818/1045
f 1295/1822/1049 1294/1821/1048 1296/1823/1050
f 1296/1823/1050 1294/1821/1048 1297/1824/1051
f 1297/1824/1051 1294/1821/1048 1291/1818/1045
f 1288/1814/1034 1295/1822/1049 1296/1823/1050
f 1298/1825/1052 1295/1822/1049 1288/1814/1034
f 1289/1813/1043 1298/1825/1052 1288/1814/1034
f 1302/1826/1053 1299/1827/1054 1300/1828/1055
f 1299/1829/1054 1301/1830/1004 1300/1831/1055
f 1303/1832/1056 1302/1826/1053 1304/1833/1057
f 1304/1833/1057 1302/1826/1053 1300/1828/1055
f 1305/1834/1058 1303/1832/1056 1304/1833/1057
f 1306/1835/1059 1303/1832/1056 1305/1834/1058
f 1307/1836/1005 1308/1837/1060 1306/1835/1059
f 1308/1837/1060 1309/1838/1061 1306/1835/1059
f 1309/1838/1061 1303/1832/1056 1306/1835/1059
f 1301/1830/1004 1308/1837/1060 1310/1839/1006
f 1310/1839/1006 1308/1837/1060 1307/1836/1005
f 1300/1831/1055 1301/1830/1004 1310/1839/1006
f 1311/1840/791 1313/1841/886 1312/1842/807
f 1314/1843/1062 1313/1844/886 1311/1845/791
f 1315/1846/1063 1316/1847/1064 1314/1843/1062
f 1316/1847/1064 1313/1844/886 1314/1843/1062
f 1317/1848/1065 1316/1847/1064 1315/1846/1063
f 1318/1849/962 1317/1848/1065 1315/1846/1063
f 1319/1850/809 1318/1849/962 1320/1851/792
f 1320/1851/792 1318/1849/962 1321/1852/795
f 1321/1852/795 1318/1849/962 1315/1846/1063
f 1312/1842/807 1319/1850/809 1320/1851/792
f 1322/1853/1066 1319/1850/809 1312/1842/807
f 1313/1841/886 1322/1853/1066 1312/1842/807
f 1323/1854/1067 1325/1855/988 1324/1856/1068
f 1326/1857/1069 1325/1858/988 1323/1859/1067
f 1327/1860/1070 1328/1861/990 1326/1857/1069
f 1328/1861/990 1329/1862/816 1326/1857/1069
f 1329/1862/816 1325/1858/988 1326/1857/1069
f 1330/1863/813 1328/1861/990 1327/1860/1070
f 1331/1864/822 1330/1863/813 1332/1865/1071
f 1332/1865/1071 1330/1863/813 1333/1866/992
f 1333/1866/992 1330/1863/813 1327/1860/1070
f 1324/1856/1068 1334/1867/1072 1332/1865/1071
f 1334/1867/1072 1331/1864/822 1332/1865/1071
f 1325/1855/988 1334/1867/1072 1324/1856/1068
f 1335/1868/1027 1337/1869/1073 1336/1870/796
f 1338/1871/792 1337/1872/1073 1335/1873/1027
f 1339/1874/807 1340/1875/809 1338/1871/792
f 1340/1875/809 1337/1872/1073 1338/1871/792
f 1341/1876/1066 1340/1875/809 1339/1874/807
f 1342/1877/808 1341/1876/1066 1339/1874/807
f 1343/1878/1074 1342/1877/808 1344/1879/798
f 1344/1879/798 1342/1877/808 1345/1880/1031
f 1345/1880/1031 1342/1877/808 1339/1874/807
f 1336/1870/796 1346/1881/810 1344/1879/798
f 1346/1881/810 1343/1878/1074 1344/1879/798
f 1337/1869/1073 1346/1881/810 1336/1870/796
f 1350/1882/1036 1347/1883/4 1348/1884/1039
f 1347/1885/4 1349/1886/1075 1348/1887/1039
f 1351/1888/1076 1350/1882/1036 1352/1889/1037
f 1352/1889/1037 1350/1882/1036 1353/1890/1077
f 1353/1890/1077 1350/1882/1036 1348/1884/1039
f 1354/1891/1033 1351/1888/1076 1352/1889/1037
f 1355/1892/1042 1356/1893/1034 1354/1891/1033
f 1356/1893/1034 1357/1894/1078 1354/1891/1033
f 1357/1894/1078 1351/1888/1076 1354/1891/1033
f 1349/1886/1075 1356/1893/1034 1358/1895/1049
f 1358/1895/1049 1356/1893/1034 1355/1892/1042
f 1348/1887/1039 1349/1886/1075 1358/1895/1049
f 1362/1896/1079 1359/1897/77 1360/1898/1019
f 1359/1899/77 1361/1900/1080 1360/1901/1019
f 1363/1902/1020 1362/1896/1079 1364/1903/1021
f 1364/1903/1021 1362/1896/1079 1360/1898/1019
f 1365/1904/834 1363/1902/1020 1364/1903/1021
f 1366/1905/1022 1363/1902/1020 1365/1904/834
f 1367/1906/1081 1368/1907/1024 1366/1905/1022
f 1368/1907/1024 1369/1908/144 1366/1905/1022
f 1369/1908/144 1363/1902/1020 1366/1905/1022
f 1361/1900/1080 1368/1907/1024 1367/1906/1081
f 1370/1909/1082 1361/1900/1080 1367/1906/1081
f 1360/1901/1019 1361/1900/1080 1370/1909/1082
f 1374/1910/1083 1371/1911/1084 1372/1912/1085
f 1371/1913/1084 1373/1914/1086 1372/1915/1085
f 1375/1916/1004 1374/1910/1083 1376/1917/1005
f 1376/1917/1005 1374/1910/1083 1372/1912/1085
f 1377/1918/1087 1375/1916/1004 1376/1917/1005
f 1378/1919/1088 1375/1916/1004 1377/1918/1087
f 1379/1920/1089 1380/1921/1009 1378/1919/1088
f 1380/1921/1009 1381/1922/1090 1378/1919/1088
f 1381/1922/1090 1375/1916/1004 1378/1919/1088
f 1373/1914/1086 1380/1921/1009 1382/1923/1011
f 1382/1923/1011 1380/1921/1009 1379/1920/1089
f 1372/1915/1085 1373/1914/1086 1382/1923/1011
f 1383/1924/77 1385/1925/1055 1384/1926/1009
f 1386/1927/1004 1385/1928/1055 1383/1929/77
f 1387/1930/1060 1388/1931/1087 1386/1927/1004
f 1388/1931/1087 1385/1928/1055 1386/1927/1004
f 1389/1932/1091 1388/1931/1087 1387/1930/1060
f 1390/1933/1085 1389/1932/1091 1387/1930/1060
f 1391/1934/1092 1390/1933/1085 1392/1935/1086
f 1392/1935/1086 1390/1933/1085 1393/1936/1093
f 1393/1936/1093 1390/1933/1085 1387/1930/1060
f 1384/1926/1009 1391/1934/1092 1392/1935/1086
f 1394/1937/1094 1391/1934/1092 1384/1926/1009
f 1385/1925/1055 1394/1937/1094 1384/1926/1009
f 1398/1938/1024 1395/1939/4 1396/1940/833
f 1395/1941/4 1397/1942/1020 1396/1943/833
f 1399/1944/1080 1398/1938/1024 1400/1945/1095
f 1400/1945/1095 1398/1938/1024 1396/1940/833
f 1401/1946/1082 1399/1944/1080 1400/1945/1095
f 1402/1947/1019 1399/1944/1080 1401/1946/1082
f 1403/1948/835 1404/1949/1018 1402/1947/1019
f 1404/1949/1018 1405/1950/770 1402/1947/1019
f 1405/1950/770 1399/1944/1080 1402/1947/1019
f 1397/1942/1020 1404/1949/1018 1403/1948/835
f 1406/1951/834 1397/1942/1020 1403/1948/835
f 1396/1943/833 1397/1942/1020 1406/1951/834
f 1410/1952/1096 1407/1953/4 1408/1954/1097
f 1407/1955/4 1409/1956/1075 1408/1957/1097
f 1411/1958/1098 1410/1952/1096 1412/1959/1099
f 1412/1959/1099 1410/1952/1096 1408/1954/1097
f 1413/1960/1100 1411/1958/1098 1412/1959/1099
f 1414/1961/1101 1411/1958/1098 1413/1960/1100
f 1415/1962/1042 1416/1963/1102 1414/1961/1101
f 1416/1963/1102 1417/1964/1078 1414/1961/1101
f 1417/1964/1078 1411/1958/1098 1414/1961/1101
f 1409/1956/1075 1416/1963/1102 1418/1965/1103
f 1418/1965/1103 1416/1963/1102 1415/1962/1042
f 1408/1957/1097 1409/1956/1075 1418/1965/1103
